date,pays,region,commune,marche,produit,unite,prix,mediane_du_mois,rapport,motif
2019-01-15,Bénin,Atacora,Tanguiéta,Tanguiéta,Voandzou,KG,163.04,580.8,0.28,Prix à plus de 3 fois ou moins du tiers de la médiane du mois
2019-01-15,Bénin,Collines,Ouèssè,Ouesse,Tomates,KG,1000.0,328.3,3.05,Prix à plus de 3 fois ou moins du tiers de la médiane du mois
2019-01-15,Bénin,Donga,Djougou,Djougou,Mil,KG,55.56,244.2,0.23,Prix à plus de 3 fois ou moins du tiers de la médiane du mois
2019-01-15,Bénin,Donga,Ouaké,Kassoua-Allah,Igname blanche,KG,808.33,200.0,4.04,Prix à plus de 3 fois ou moins du tiers de la médiane du mois
2019-01-15,Bénin,Plateau,Kétou,Kétou,Papaye,KG,643.75,181.2,3.55,Prix à plus de 3 fois ou moins du tiers de la médiane du mois
2019-01-15,Bénin,Zou,Zangnanado,Kpedekpo,Oranges,KG,52.5,196.4,0.27,Prix à plus de 3 fois ou moins du tiers de la médiane du mois
2019-01-15,Bénin,Zou,Zangnanado,Kpedekpo,Papaye,KG,32.5,181.2,0.18,Prix à plus de 3 fois ou moins du tiers de la médiane du mois
2019-02-15,Bénin,Atacora,Cobly,Cobly,Citrons,KG,111.25,375.2,0.3,Prix à plus de 3 fois ou moins du tiers de la médiane du mois
2019-02-15,Bénin,Atacora,Tanguiéta,Tanguiéta,Voandzou,KG,163.04,573.4,0.28,Prix à plus de 3 fois ou moins du tiers de la médiane du mois
2019-02-15,Bénin,Donga,Djougou,Djougou,Mil,KG,56.33,244.2,0.23,Prix à plus de 3 fois ou moins du tiers de la médiane du mois
2019-02-15,Bénin,Donga,Ouaké,Kassoua-Allah,Igname blanche,KG,772.0,235.0,3.29,Prix à plus de 3 fois ou moins du tiers de la médiane du mois
2019-02-15,Bénin,Littoral,Cotonou,Dantokpa,Papaye,KG,791.5,200.0,3.96,Prix à plus de 3 fois ou moins du tiers de la médiane du mois
2019-02-15,Bénin,Ouémé,Adjohoun,Azowlissè,Papaye,KG,60.0,200.0,0.3,Prix à plus de 3 fois ou moins du tiers de la médiane du mois
2019-02-15,Bénin,Plateau,Kétou,Kétou,Papaye,KG,640.0,200.0,3.2,Prix à plus de 3 fois ou moins du tiers de la médiane du mois
2019-02-15,Bénin,Zou,Zangnanado,Kpedekpo,Citrons,KG,121.67,375.2,0.32,Prix à plus de 3 fois ou moins du tiers de la médiane du mois
2019-02-15,Bénin,Zou,Zangnanado,Kpedekpo,Oranges,KG,53.33,212.5,0.25,Prix à plus de 3 fois ou moins du tiers de la médiane du mois
2019-02-15,Bénin,Zou,Zangnanado,Kpedekpo,Papaye,KG,28.33,200.0,0.14,Prix à plus de 3 fois ou moins du tiers de la médiane du mois
2019-03-15,Bénin,Atacora,Tanguiéta,Tanguiéta,Voandzou,KG,163.04,589.0,0.28,Prix à plus de 3 fois ou moins du tiers de la médiane du mois
2019-03-15,Bénin,Collines,Ouèssè,Ouesse,Tomates,KG,1300.0,340.6,3.82,Prix à plus de 3 fois ou moins du tiers de la médiane du mois
2019-03-15,Bénin,Donga,Djougou,Djougou,Mil,KG,70.99,229.9,0.31,Prix à plus de 3 fois ou moins du tiers de la médiane du mois
2019-03-15,Bénin,Donga,Ouaké,Kassoua-Allah,Igname blanche,KG,1004.33,247.7,4.06,Prix à plus de 3 fois ou moins du tiers de la médiane du mois
2019-03-15,Bénin,Ouémé,Adjohoun,Azowlissè,Papaye,KG,63.33,216.7,0.29,Prix à plus de 3 fois ou moins du tiers de la médiane du mois
2019-03-15,Bénin,Plateau,Kétou,Kétou,Papaye,KG,653.12,216.7,3.01,Prix à plus de 3 fois ou moins du tiers de la médiane du mois
2019-03-15,Bénin,Zou,Zangnanado,Kpedekpo,Oranges,KG,57.5,205.8,0.28,Prix à plus de 3 fois ou moins du tiers de la médiane du mois
2019-03-15,Bénin,Zou,Zangnanado,Kpedekpo,Papaye,KG,26.25,216.7,0.12,Prix à plus de 3 fois ou moins du tiers de la médiane du mois
2019-04-15,Bénin,Atacora,Tanguiéta,Tanguiéta,Voandzou,KG,163.04,613.4,0.27,Prix à plus de 3 fois ou moins du tiers de la médiane du mois
2019-04-15,Bénin,Borgou,Nikki,Nikki,Igname blanche,KG,90.0,300.0,0.3,Prix à plus de 3 fois ou moins du tiers de la médiane du mois
2019-04-15,Bénin,Collines,Ouèssè,Ouesse,Tomates,KG,1133.33,362.5,3.13,Prix à plus de 3 fois ou moins du tiers de la médiane du mois
2019-04-15,Bénin,Couffo,Aplahoué,Azovè,Gombo frais,KG,116.0,368.8,0.31,Prix à plus de 3 fois ou moins du tiers de la médiane du mois
2019-04-15,Bénin,Donga,Djougou,Djougou,Mil,KG,75.62,244.2,0.31,Prix à plus de 3 fois ou moins du tiers de la médiane du mois
2019-04-15,Bénin,Donga,Djougou,Djougou,Oignons,KG,800.0,233.8,3.42,Prix à plus de 3 fois ou moins du tiers de la médiane du mois
2019-04-15,Bénin,Ouémé,Adjohoun,Azowlissè,Noix de coco sèche,KG,125.0,382.2,0.33,Prix à plus de 3 fois ou moins du tiers de la médiane du mois
2019-04-15,Bénin,Ouémé,Adjohoun,Azowlissè,Papaye,KG,65.0,225.0,0.29,Prix à plus de 3 fois ou moins du tiers de la médiane du mois
2019-04-15,Bénin,Zou,Zangnanado,Kpedekpo,Oranges,KG,63.33,208.3,0.3,Prix à plus de 3 fois ou moins du tiers de la médiane du mois
2019-04-15,Bénin,Zou,Zangnanado,Kpedekpo,Papaye,KG,31.67,225.0,0.14,Prix à plus de 3 fois ou moins du tiers de la médiane du mois
2019-07-15,Bénin,Alibori,Banikoara,Banikoara,Carottes,KG,175.0,530.0,0.33,Prix à plus de 3 fois ou moins du tiers de la médiane du mois
2019-07-15,Bénin,Atacora,Cobly,Cobly,Gombo frais,KG,797.5,198.5,4.02,Prix à plus de 3 fois ou moins du tiers de la médiane du mois
2019-07-15,Bénin,Atacora,Cobly,Cobly,Piment rouge sec,KG,1000.0,3846.2,0.26,Prix à plus de 3 fois ou moins du tiers de la médiane du mois
2019-07-15,Bénin,Atacora,Péhunco,Péhunco,Mil,KG,59.83,344.8,0.17,Prix à plus de 3 fois ou moins du tiers de la médiane du mois
2019-07-15,Bénin,Atacora,Tanguiéta,Tanguiéta,Mil,KG,92.59,344.8,0.27,Prix à plus de 3 fois ou moins du tiers de la médiane du mois
2019-07-15,Bénin,Atlantique,Abomey-Calavi,Zinvié,Gombo frais,KG,625.0,198.5,3.15,Prix à plus de 3 fois ou moins du tiers de la médiane du mois
2019-07-15,Bénin,Atlantique,Zè,Zè,Tomates,KG,76.0,300.0,0.25,Prix à plus de 3 fois ou moins du tiers de la médiane du mois
2019-07-15,Bénin,Borgou,Kalalé,Kalalé,Gombo frais,KG,600.0,198.5,3.02,Prix à plus de 3 fois ou moins du tiers de la médiane du mois
2019-07-15,Bénin,Borgou,Kalalé,Kalalé,Oignons,KG,50.0,294.0,0.17,Prix à plus de 3 fois ou moins du tiers de la médiane du mois
2019-07-15,Bénin,Borgou,Nikki,Nikki,Igname blanche,KG,90.0,280.0,0.32,Prix à plus de 3 fois ou moins du tiers de la médiane du mois
2019-07-15,Bénin,Collines,Dassa-Zoumè,Dassa-Zoumè,"Arachide (petite, en coque)",KG,231.48,698.2,0.33,Prix à plus de 3 fois ou moins du tiers de la médiane du mois
2019-07-15,Bénin,Collines,Glazoué,Glazoué,Mil,KG,96.92,344.8,0.28,Prix à plus de 3 fois ou moins du tiers de la médiane du mois
2019-07-15,Bénin,Collines,Savalou,Savalou,Igname blanche,KG,1000.0,280.0,3.57,Prix à plus de 3 fois ou moins du tiers de la médiane du mois
2019-07-15,Bénin,Donga,Bassila,Bassila,Carottes,KG,151.5,530.0,0.29,Prix à plus de 3 fois ou moins du tiers de la médiane du mois
2019-07-15,Bénin,Donga,Djougou,Djougou,Mil,KG,101.85,344.8,0.3,Prix à plus de 3 fois ou moins du tiers de la médiane du mois
2019-07-15,Bénin,Donga,Ouaké,Kassoua-Allah,Mil,KG,76.0,344.8,0.22,Prix à plus de 3 fois ou moins du tiers de la médiane du mois
2019-07-15,Bénin,Ouémé,Bonou,Affamè,Oignons,KG,70.0,294.0,0.24,Prix à plus de 3 fois ou moins du tiers de la médiane du mois
2019-07-15,Bénin,Ouémé,Dangbo,Dangbo,Oranges,KG,725.0,150.0,4.83,Prix à plus de 3 fois ou moins du tiers de la médiane du mois
2019-07-15,Bénin,Plateau,Kétou,Kétou,Papaye,KG,655.0,150.0,4.37,Prix à plus de 3 fois ou moins du tiers de la médiane du mois
2019-07-15,Bénin,Zou,Covè,Covè,Gombo frais,KG,60.0,198.5,0.3,Prix à plus de 3 fois ou moins du tiers de la médiane du mois
2019-07-15,Bénin,Zou,Covè,Covè,Oignons,KG,85.0,294.0,0.29,Prix à plus de 3 fois ou moins du tiers de la médiane du mois
2019-07-15,Bénin,Zou,Covè,Covè,Oranges,KG,35.0,150.0,0.23,Prix à plus de 3 fois ou moins du tiers de la médiane du mois
2019-07-15,Bénin,Zou,Covè,Covè,Piment rouge sec,KG,500.0,3846.2,0.13,Prix à plus de 3 fois ou moins du tiers de la médiane du mois
2019-07-15,Bénin,Zou,Ouinhi,Dasso,Noix de coco sèche,KG,75.0,300.0,0.25,Prix à plus de 3 fois ou moins du tiers de la médiane du mois
2019-07-15,Bénin,Zou,Ouinhi,Dasso,Citrons,KG,70.0,250.0,0.28,Prix à plus de 3 fois ou moins du tiers de la médiane du mois
2019-07-15,Bénin,Zou,Ouinhi,Dasso,Oignons,KG,95.0,294.0,0.32,Prix à plus de 3 fois ou moins du tiers de la médiane du mois
2019-07-15,Bénin,Zou,Zangnanado,Kpedekpo,Papaye,KG,25.0,150.0,0.17,Prix à plus de 3 fois ou moins du tiers de la médiane du mois
2019-08-15,Bénin,Atacora,Tanguiéta,Tanguiéta,Mil,KG,92.59,341.7,0.27,Prix à plus de 3 fois ou moins du tiers de la médiane du mois
2019-08-15,Bénin,Atacora,Tanguiéta,Tanguiéta,Sorgho rouge,KG,92.59,287.4,0.32,Prix à plus de 3 fois ou moins du tiers de la médiane du mois
2019-08-15,Bénin,Atlantique,Abomey-Calavi,Zinvié,Noix de coco sèche,KG,100.0,334.5,0.3,Prix à plus de 3 fois ou moins du tiers de la médiane du mois
2019-08-15,Bénin,Atlantique,Zè,Sèdjè-Dénou,Igname,KG,948.0,225.0,4.21,Prix à plus de 3 fois ou moins du tiers de la médiane du mois
2019-08-15,Bénin,Borgou,Kalalé,Kalalé,Oignons,KG,100.0,300.7,0.33,Prix à plus de 3 fois ou moins du tiers de la médiane du mois
2019-08-15,Bénin,Collines,Dassa-Zoumè,Dassa-Zoumè,"Arachide (petite, en coque)",KG,237.27,722.9,0.33,Prix à plus de 3 fois ou moins du tiers de la médiane du mois
2019-08-15,Bénin,Collines,Savalou,Savalou,Igname blanche,KG,1250.0,250.0,5.0,Prix à plus de 3 fois ou moins du tiers de la médiane du mois
2019-08-15,Bénin,Couffo,Klouékanmè,Klouékanmè,Mil,KG,57.14,341.7,0.17,Prix à plus de 3 fois ou moins du tiers de la médiane du mois
2019-08-15,Bénin,Donga,Bassila,Bassila,Carottes,KG,143.75,587.5,0.24,Prix à plus de 3 fois ou moins du tiers de la médiane du mois
2019-08-15,Bénin,Donga,Djougou,Djougou,Mil,KG,105.71,341.7,0.31,Prix à plus de 3 fois ou moins du tiers de la médiane du mois
2019-08-15,Bénin,Donga,Ouaké,Kassoua-Allah,Mil,KG,87.2,341.7,0.26,Prix à plus de 3 fois ou moins du tiers de la médiane du mois
2019-08-15,Bénin,Mono,Comé,Comé,Tomates,KG,77.5,247.8,0.31,Prix à plus de 3 fois ou moins du tiers de la médiane du mois
2019-08-15,Bénin,Ouémé,Dangbo,Dangbo,Igname blanche,KG,1200.0,250.0,4.8,Prix à plus de 3 fois ou moins du tiers de la médiane du mois
2019-08-15,Bénin,Plateau,Kétou,Kétou,Papaye,KG,600.0,161.1,3.72,Prix à plus de 3 fois ou moins du tiers de la médiane du mois
2019-08-15,Bénin,Zou,Covè,Covè,Gombo frais,KG,62.0,227.0,0.27,Prix à plus de 3 fois ou moins du tiers de la médiane du mois
2019-08-15,Bénin,Zou,Covè,Covè,Piment rouge sec,KG,500.0,3942.3,0.13,Prix à plus de 3 fois ou moins du tiers de la médiane du mois
2019-08-15,Bénin,Zou,Zangnanado,Kpedekpo,Gombo frais,KG,37.5,227.0,0.17,Prix à plus de 3 fois ou moins du tiers de la médiane du mois
2019-08-15,Bénin,Zou,Zangnanado,Kpedekpo,Oranges,KG,36.25,169.6,0.21,Prix à plus de 3 fois ou moins du tiers de la médiane du mois
2019-08-15,Bénin,Zou,Zangnanado,Kpedekpo,Papaye,KG,36.25,161.1,0.22,Prix à plus de 3 fois ou moins du tiers de la médiane du mois
2019-08-15,Bénin,Zou,Zangnanado,Kpedekpo,Tomates,KG,67.5,247.8,0.27,Prix à plus de 3 fois ou moins du tiers de la médiane du mois
2019-09-15,Bénin,Alibori,Malanville,Malanville (CBM),Papaye,KG,550.0,165.0,3.33,Prix à plus de 3 fois ou moins du tiers de la médiane du mois
2019-09-15,Bénin,Atacora,Cobly,Cobly,Gombo frais,KG,719.0,201.2,3.57,Prix à plus de 3 fois ou moins du tiers de la médiane du mois
2019-09-15,Bénin,Atacora,Tanguiéta,Tanguiéta,Mil,KG,92.59,337.3,0.27,Prix à plus de 3 fois ou moins du tiers de la médiane du mois
2019-09-15,Bénin,Atlantique,Abomey-Calavi,Zinvié,Noix de coco sèche,KG,100.0,325.0,0.31,Prix à plus de 3 fois ou moins du tiers de la médiane du mois
2019-09-15,Bénin,Atlantique,Abomey-Calavi,Zinvié,Gombo frais,KG,66.0,201.2,0.33,Prix à plus de 3 fois ou moins du tiers de la médiane du mois
2019-09-15,Bénin,Atlantique,Abomey-Calavi,Zinvié,Papaye,KG,50.0,165.0,0.3,Prix à plus de 3 fois ou moins du tiers de la médiane du mois
2019-09-15,Bénin,Atlantique,Zè,Sèdjè-Dénou,Igname,KG,841.25,200.0,4.21,Prix à plus de 3 fois ou moins du tiers de la médiane du mois
2019-09-15,Bénin,Atlantique,Zè,Sèdjè-Dénou,Igname blanche,KG,881.67,229.5,3.84,Prix à plus de 3 fois ou moins du tiers de la médiane du mois
2019-09-15,Bénin,Atlantique,Zè,Zè,Gombo frais,KG,62.67,201.2,0.31,Prix à plus de 3 fois ou moins du tiers de la médiane du mois
2019-09-15,Bénin,Borgou,Kalalé,Kalalé,Citrons,KG,50.0,215.6,0.23,Prix à plus de 3 fois ou moins du tiers de la médiane du mois
2019-09-15,Bénin,Borgou,Kalalé,Kalalé,Oignons,KG,100.0,325.0,0.31,Prix à plus de 3 fois ou moins du tiers de la médiane du mois
2019-09-15,Bénin,Borgou,Tchaourou,Tchaourou,Mil,KG,91.19,337.3,0.27,Prix à plus de 3 fois ou moins du tiers de la médiane du mois
2019-09-15,Bénin,Collines,Savalou,Savalou,Igname blanche,KG,1260.0,229.5,5.49,Prix à plus de 3 fois ou moins du tiers de la médiane du mois
2019-09-15,Bénin,Donga,Bassila,Bassila,Carottes,KG,150.0,551.7,0.27,Prix à plus de 3 fois ou moins du tiers de la médiane du mois
2019-09-15,Bénin,Donga,Djougou,Djougou,Mil,KG,109.57,337.3,0.32,Prix à plus de 3 fois ou moins du tiers de la médiane du mois
2019-09-15,Bénin,Donga,Ouaké,Kassoua-Allah,Mil,KG,61.9,337.3,0.18,Prix à plus de 3 fois ou moins du tiers de la médiane du mois
2019-09-15,Bénin,Plateau,Kétou,Kétou,Papaye,KG,650.0,165.0,3.94,Prix à plus de 3 fois ou moins du tiers de la médiane du mois
2019-09-15,Bénin,Plateau,Kétou,Kétou,Tomates,KG,56.25,173.8,0.32,Prix à plus de 3 fois ou moins du tiers de la médiane du mois
2019-09-15,Bénin,Zou,Covè,Covè,Gombo frais,KG,65.0,201.2,0.32,Prix à plus de 3 fois ou moins du tiers de la médiane du mois
2019-09-15,Bénin,Zou,Covè,Covè,Piment rouge sec,KG,500.0,3981.5,0.13,Prix à plus de 3 fois ou moins du tiers de la médiane du mois
2019-09-15,Bénin,Zou,Zangnanado,Kpedekpo,Igname blanche,KG,67.5,229.5,0.29,Prix à plus de 3 fois ou moins du tiers de la médiane du mois
2019-09-15,Bénin,Zou,Zangnanado,Kpedekpo,Gombo frais,KG,43.75,201.2,0.22,Prix à plus de 3 fois ou moins du tiers de la médiane du mois
2019-09-15,Bénin,Zou,Zangnanado,Kpedekpo,Oranges,KG,35.0,161.2,0.22,Prix à plus de 3 fois ou moins du tiers de la médiane du mois
2019-09-15,Bénin,Zou,Zangnanado,Kpedekpo,Papaye,KG,31.25,165.0,0.19,Prix à plus de 3 fois ou moins du tiers de la médiane du mois
2019-09-15,Bénin,Zou,Zogbodomey,Zogbodomey,Citrons,KG,60.0,215.6,0.28,Prix à plus de 3 fois ou moins du tiers de la médiane du mois
2019-10-15,Bénin,Alibori,Malanville,Malanville (CBM),Papaye,KG,560.67,175.0,3.2,Prix à plus de 3 fois ou moins du tiers de la médiane du mois
2019-10-15,Bénin,Atlantique,Abomey-Calavi,Zinvié,Noix de coco sèche,KG,100.0,315.0,0.32,Prix à plus de 3 fois ou moins du tiers de la médiane du mois
2019-10-15,Bénin,Atlantique,Abomey-Calavi,Zinvié,Citrons,KG,40.0,238.0,0.17,Prix à plus de 3 fois ou moins du tiers de la médiane du mois
2019-10-15,Bénin,Atlantique,Zè,Sèdjè-Dénou,Igname blanche,KG,660.0,215.5,3.06,Prix à plus de 3 fois ou moins du tiers de la médiane du mois
2019-10-15,Bénin,Atlantique,Zè,Sèdjè-Dénou,Papaye,KG,47.0,175.0,0.27,Prix à plus de 3 fois ou moins du tiers de la médiane du mois
2019-10-15,Bénin,Atlantique,Zè,Sèdjè-Dénou,Tomates,KG,71.0,214.2,0.33,Prix à plus de 3 fois ou moins du tiers de la médiane du mois
2019-10-15,Bénin,Atlantique,Zè,Zè,Gombo frais,KG,47.0,187.0,0.25,Prix à plus de 3 fois ou moins du tiers de la médiane du mois
2019-10-15,Bénin,Borgou,Kalalé,Kalalé,Oignons,KG,100.0,365.8,0.27,Prix à plus de 3 fois ou moins du tiers de la médiane du mois
2019-10-15,Bénin,Borgou,Tchaourou,Tchaourou,Mil,KG,91.19,348.8,0.26,Prix à plus de 3 fois ou moins du tiers de la médiane du mois
2019-10-15,Bénin,Couffo,Klouékanmè,Klouékanmè,Citrons,KG,65.0,238.0,0.27,Prix à plus de 3 fois ou moins du tiers de la médiane du mois
2019-10-15,Bénin,Donga,Bassila,Bassila,Carottes,KG,154.0,516.7,0.3,Prix à plus de 3 fois ou moins du tiers de la médiane du mois
2019-10-15,Bénin,Donga,Djougou,Djougou,Mil,KG,80.63,348.8,0.23,Prix à plus de 3 fois ou moins du tiers de la médiane du mois
2019-10-15,Bénin,Donga,Ouaké,Kassoua-Allah,Mil,KG,50.5,348.8,0.14,Prix à plus de 3 fois ou moins du tiers de la médiane du mois
2019-10-15,Bénin,Donga,Ouaké,Kassoua-Allah,Sorgho,KG,960.0,247.4,3.88,Prix à plus de 3 fois ou moins du tiers de la médiane du mois
2019-10-15,Bénin,Ouémé,Dangbo,Dangbo,Igname blanche,KG,750.0,215.5,3.48,Prix à plus de 3 fois ou moins du tiers de la médiane du mois
2019-10-15,Bénin,Plateau,Kétou,Kétou,Papaye,KG,637.5,175.0,3.64,Prix à plus de 3 fois ou moins du tiers de la médiane du mois
2019-10-15,Bénin,Zou,Covè,Covè,Piment rouge sec,KG,500.0,3974.4,0.13,Prix à plus de 3 fois ou moins du tiers de la médiane du mois
2019-10-15,Bénin,Zou,Zangnanado,Kpedekpo,Igname,KG,63.33,205.0,0.31,Prix à plus de 3 fois ou moins du tiers de la médiane du mois
2019-10-15,Bénin,Zou,Zangnanado,Kpedekpo,Oranges,KG,42.5,160.3,0.27,Prix à plus de 3 fois ou moins du tiers de la médiane du mois
2019-10-15,Bénin,Zou,Zangnanado,Kpedekpo,Papaye,KG,30.0,175.0,0.17,Prix à plus de 3 fois ou moins du tiers de la médiane du mois
2019-10-15,Bénin,Zou,Zogbodomey,Zogbodomey,Citrons,KG,60.0,238.0,0.25,Prix à plus de 3 fois ou moins du tiers de la médiane du mois
2019-11-15,Bénin,Atlantique,Abomey-Calavi,Zinvié,Noix de coco sèche,KG,100.0,382.5,0.26,Prix à plus de 3 fois ou moins du tiers de la médiane du mois
2019-11-15,Bénin,Atlantique,Abomey-Calavi,Zinvié,Citrons,KG,40.0,193.8,0.21,Prix à plus de 3 fois ou moins du tiers de la médiane du mois
2019-11-15,Bénin,Atlantique,Abomey-Calavi,Zinvié,Gombo frais,KG,70.0,214.8,0.33,Prix à plus de 3 fois ou moins du tiers de la médiane du mois
2019-11-15,Bénin,Borgou,Bembèrèkè,Bembèrèkè,Piment rouge sec,KG,230.77,3076.9,0.08,Prix à plus de 3 fois ou moins du tiers de la médiane du mois
2019-11-15,Bénin,Borgou,Sinendé,Sinendé,Sorgho,KG,62.99,229.9,0.27,Prix à plus de 3 fois ou moins du tiers de la médiane du mois
2019-11-15,Bénin,Borgou,Sinendé,Sinendé,Sorgho rouge,KG,62.99,205.3,0.31,Prix à plus de 3 fois ou moins du tiers de la médiane du mois
2019-11-15,Bénin,Borgou,Sinendé,Sinendé,Carottes,KG,250.0,782.5,0.32,Prix à plus de 3 fois ou moins du tiers de la médiane du mois
2019-11-15,Bénin,Collines,Ouèssè,Ouesse,Oignons,KG,1000.0,300.0,3.33,Prix à plus de 3 fois ou moins du tiers de la médiane du mois
2019-11-15,Bénin,Donga,Bassila,Bassila,Carottes,KG,152.0,782.5,0.19,Prix à plus de 3 fois ou moins du tiers de la médiane du mois
2019-11-15,Bénin,Zou,Zangnanado,Kpedekpo,Oranges,KG,52.5,163.5,0.32,Prix à plus de 3 fois ou moins du tiers de la médiane du mois
2019-11-15,Bénin,Zou,Zangnanado,Kpedekpo,Papaye,KG,32.5,136.0,0.24,Prix à plus de 3 fois ou moins du tiers de la médiane du mois
2019-12-15,Bénin,Atacora,Péhunco,Péhunco,Tomates,KG,105.0,327.5,0.32,Prix à plus de 3 fois ou moins du tiers de la médiane du mois
2019-12-15,Bénin,Atlantique,Toffo,Sehoue,Piment rouge sec,KG,11538.46,3846.2,3.0,Prix à plus de 3 fois ou moins du tiers de la médiane du mois
2019-12-15,Bénin,Atlantique,Zè,Sèdjè-Dénou,Papaye,KG,45.0,150.0,0.3,Prix à plus de 3 fois ou moins du tiers de la médiane du mois
2019-12-15,Bénin,Borgou,Sinendé,Sinendé,Maïs blanc,KG,28.21,128.8,0.22,Prix à plus de 3 fois ou moins du tiers de la médiane du mois
2019-12-15,Bénin,Borgou,Sinendé,Sinendé,Oignons,KG,1750.0,350.0,5.0,Prix à plus de 3 fois ou moins du tiers de la médiane du mois
2019-12-15,Bénin,Borgou,Sinendé,Sinendé,Piment rouge sec,KG,333.33,3846.2,0.09,Prix à plus de 3 fois ou moins du tiers de la médiane du mois
2019-12-15,Bénin,Donga,Djougou,Djougou,Mil,KG,66.36,233.0,0.28,Prix à plus de 3 fois ou moins du tiers de la médiane du mois
2019-12-15,Bénin,Donga,Ouaké,Kassoua-Allah,Mil,KG,76.0,233.0,0.33,Prix à plus de 3 fois ou moins du tiers de la médiane du mois
2019-12-15,Bénin,Ouémé,Bonou,Affamè,Oignons,KG,100.0,350.0,0.29,Prix à plus de 3 fois ou moins du tiers de la médiane du mois
2019-12-15,Bénin,Ouémé,Dangbo,Dangbo,Igname,KG,600.0,199.7,3.0,Prix à plus de 3 fois ou moins du tiers de la médiane du mois
2019-12-15,Bénin,Ouémé,Dangbo,Dangbo,Igname blanche,KG,1800.0,220.0,8.18,Prix à plus de 3 fois ou moins du tiers de la médiane du mois
2019-12-15,Bénin,Plateau,Kétou,Kétou,Papaye,KG,600.0,150.0,4.0,Prix à plus de 3 fois ou moins du tiers de la médiane du mois
2019-12-15,Bénin,Zou,Zangnanado,Kpedekpo,Papaye,KG,45.0,150.0,0.3,Prix à plus de 3 fois ou moins du tiers de la médiane du mois
2020-01-15,Bénin,Atacora,Péhunco,Péhunco,Tomates,KG,130.0,400.0,0.32,Prix à plus de 3 fois ou moins du tiers de la médiane du mois
2020-01-15,Bénin,Atlantique,Zè,Sèdjè-Dénou,Papaye,KG,60.0,200.0,0.3,Prix à plus de 3 fois ou moins du tiers de la médiane du mois
2020-01-15,Bénin,Borgou,Nikki,Nikki,Igname blanche,KG,80.0,290.0,0.28,Prix à plus de 3 fois ou moins du tiers de la médiane du mois
2020-01-15,Bénin,Borgou,Nikki,Nikki,"Arachide (petite, en coque)",KG,180.18,675.7,0.27,Prix à plus de 3 fois ou moins du tiers de la médiane du mois
2020-01-15,Bénin,Borgou,Sinendé,Sinendé,Mil,KG,59.06,240.5,0.25,Prix à plus de 3 fois ou moins du tiers de la médiane du mois
2020-01-15,Bénin,Borgou,Sinendé,Sinendé,Sorgho,KG,43.31,214.5,0.2,Prix à plus de 3 fois ou moins du tiers de la médiane du mois
2020-01-15,Bénin,Borgou,Sinendé,Sinendé,Sorgho rouge,KG,43.31,233.3,0.19,Prix à plus de 3 fois ou moins du tiers de la médiane du mois
2020-01-15,Bénin,Borgou,Sinendé,Sinendé,Piment rouge sec,KG,800.0,3846.2,0.21,Prix à plus de 3 fois ou moins du tiers de la médiane du mois
2020-01-15,Bénin,Collines,Dassa-Zoumè,Dassa-Zoumè,Citrons,KG,75.0,250.0,0.3,Prix à plus de 3 fois ou moins du tiers de la médiane du mois
2020-01-15,Bénin,Collines,Glazoué,Glazoué,Piment rouge sec,KG,165.0,3846.2,0.04,Prix à plus de 3 fois ou moins du tiers de la médiane du mois
2020-01-15,Bénin,Couffo,Aplahoué,Azovè,Noix de coco sèche,KG,90.0,300.0,0.3,Prix à plus de 3 fois ou moins du tiers de la médiane du mois
2020-01-15,Bénin,Donga,Djougou,Djougou,Mil,KG,70.99,240.5,0.3,Prix à plus de 3 fois ou moins du tiers de la médiane du mois
2020-01-15,Bénin,Donga,Ouaké,Kassoua-Allah,Carottes,KG,115.0,375.0,0.31,Prix à plus de 3 fois ou moins du tiers de la médiane du mois
2020-01-15,Bénin,Donga,Ouaké,Kassoua-Allah,Citrons,KG,81.0,250.0,0.32,Prix à plus de 3 fois ou moins du tiers de la médiane du mois
2020-01-15,Bénin,Donga,Ouaké,Kassoua-Allah,Oranges,KG,40.0,220.0,0.18,Prix à plus de 3 fois ou moins du tiers de la médiane du mois
2020-01-15,Bénin,Ouémé,Bonou,Affamè,Gombo frais,KG,50.0,300.0,0.17,Prix à plus de 3 fois ou moins du tiers de la médiane du mois
2020-01-15,Bénin,Ouémé,Bonou,Affamè,Oignons,KG,100.0,360.0,0.28,Prix à plus de 3 fois ou moins du tiers de la médiane du mois
2020-01-15,Bénin,Ouémé,Bonou,Affamè,Oranges,KG,70.0,220.0,0.32,Prix à plus de 3 fois ou moins du tiers de la médiane du mois
2020-01-15,Bénin,Ouémé,Dangbo,Dangbo,Igname blanche,KG,1800.0,290.0,6.21,Prix à plus de 3 fois ou moins du tiers de la médiane du mois
2020-01-15,Bénin,Plateau,Kétou,Kétou,Papaye,KG,650.0,200.0,3.25,Prix à plus de 3 fois ou moins du tiers de la médiane du mois
2020-01-15,Bénin,Zou,Zangnanado,Kpedekpo,Oranges,KG,65.0,220.0,0.3,Prix à plus de 3 fois ou moins du tiers de la médiane du mois
2020-01-15,Bénin,Zou,Zangnanado,Kpedekpo,Papaye,KG,35.0,200.0,0.18,Prix à plus de 3 fois ou moins du tiers de la médiane du mois
2020-02-15,Bénin,Atacora,Péhunco,Péhunco,Mil,KG,94.02,344.8,0.27,Prix à plus de 3 fois ou moins du tiers de la médiane du mois
2020-02-15,Bénin,Atlantique,Abomey-Calavi,Zinvié,Carottes,KG,110.0,470.6,0.23,Prix à plus de 3 fois ou moins du tiers de la médiane du mois
2020-02-15,Bénin,Atlantique,Abomey-Calavi,Zinvié,Noix de coco sèche,KG,100.0,316.7,0.32,Prix à plus de 3 fois ou moins du tiers de la médiane du mois
2020-02-15,Bénin,Atlantique,Abomey-Calavi,Zinvié,Citrons,KG,102.5,350.3,0.29,Prix à plus de 3 fois ou moins du tiers de la médiane du mois
2020-02-15,Bénin,Atlantique,Abomey-Calavi,Zinvié,Gombo frais,KG,100.0,328.1,0.3,Prix à plus de 3 fois ou moins du tiers de la médiane du mois
2020-02-15,Bénin,Atlantique,Zè,Sèdjè-Dénou,Papaye,KG,63.89,201.8,0.32,Prix à plus de 3 fois ou moins du tiers de la médiane du mois
2020-02-15,Bénin,Borgou,Kalalé,Kalalé,Citrons,KG,83.5,350.3,0.24,Prix à plus de 3 fois ou moins du tiers de la médiane du mois
2020-02-15,Bénin,Borgou,Kalalé,Kalalé,Oignons,KG,53.5,317.5,0.17,Prix à plus de 3 fois ou moins du tiers de la médiane du mois
2020-02-15,Bénin,Borgou,Nikki,Nikki,Igname blanche,KG,83.33,267.0,0.31,Prix à plus de 3 fois ou moins du tiers de la médiane du mois
2020-02-15,Bénin,Borgou,Sinendé,Sinendé,Maïs blanc,KG,25.64,157.9,0.16,Prix à plus de 3 fois ou moins du tiers de la médiane du mois
2020-02-15,Bénin,Borgou,Sinendé,Sinendé,Mil,KG,43.31,344.8,0.13,Prix à plus de 3 fois ou moins du tiers de la médiane du mois
2020-02-15,Bénin,Borgou,Sinendé,Sinendé,Sorgho,KG,47.24,229.9,0.21,Prix à plus de 3 fois ou moins du tiers de la médiane du mois
2020-02-15,Bénin,Borgou,Sinendé,Sinendé,Sorgho rouge,KG,47.24,287.4,0.16,Prix à plus de 3 fois ou moins du tiers de la médiane du mois
2020-02-15,Bénin,Borgou,Sinendé,Sinendé,Piment rouge sec,KG,733.33,3846.2,0.19,Prix à plus de 3 fois ou moins du tiers de la médiane du mois
2020-02-15,Bénin,Borgou,Tchaourou,Tchaourou,Mil,KG,91.19,344.8,0.26,Prix à plus de 3 fois ou moins du tiers de la médiane du mois
2020-02-15,Bénin,Donga,Djougou,Djougou,Mil,KG,67.13,344.8,0.19,Prix à plus de 3 fois ou moins du tiers de la médiane du mois
2020-02-15,Bénin,Donga,Ouaké,Kassoua-Allah,Mil,KG,69.7,344.8,0.2,Prix à plus de 3 fois ou moins du tiers de la médiane du mois
2020-02-15,Bénin,Ouémé,Bonou,Affamè,Noix de coco sèche,KG,72.5,316.7,0.23,Prix à plus de 3 fois ou moins du tiers de la médiane du mois
2020-02-15,Bénin,Ouémé,Bonou,Affamè,Gombo frais,KG,82.5,328.1,0.25,Prix à plus de 3 fois ou moins du tiers de la médiane du mois
2020-02-15,Bénin,Ouémé,Dangbo,Dangbo,Igname blanche,KG,1450.0,267.0,5.43,Prix à plus de 3 fois ou moins du tiers de la médiane du mois
2020-02-15,Bénin,Plateau,Kétou,Kétou,Papaye,KG,725.0,201.8,3.59,Prix à plus de 3 fois ou moins du tiers de la médiane du mois
2020-02-15,Bénin,Zou,Bohicon,Bohicon,Carottes,KG,1450.0,470.6,3.08,Prix à plus de 3 fois ou moins du tiers de la médiane du mois
2020-02-15,Bénin,Zou,Covè,Covè,Piment rouge sec,KG,450.0,3846.2,0.12,Prix à plus de 3 fois ou moins du tiers de la médiane du mois
2020-02-15,Bénin,Zou,Ouinhi,Dasso,Noix de coco sèche,KG,55.0,316.7,0.17,Prix à plus de 3 fois ou moins du tiers de la médiane du mois
2020-02-15,Bénin,Zou,Ouinhi,Dasso,Citrons,KG,75.0,350.3,0.21,Prix à plus de 3 fois ou moins du tiers de la médiane du mois
2020-02-15,Bénin,Zou,Ouinhi,Dasso,Oignons,KG,100.0,317.5,0.31,Prix à plus de 3 fois ou moins du tiers de la médiane du mois
2020-02-15,Bénin,Zou,Zangnanado,Kpedekpo,Igname,KG,63.75,200.0,0.32,Prix à plus de 3 fois ou moins du tiers de la médiane du mois
2020-02-15,Bénin,Zou,Zangnanado,Kpedekpo,Igname blanche,KG,81.25,267.0,0.3,Prix à plus de 3 fois ou moins du tiers de la médiane du mois
2020-02-15,Bénin,Zou,Zangnanado,Kpedekpo,Papaye,KG,33.75,201.8,0.17,Prix à plus de 3 fois ou moins du tiers de la médiane du mois
2020-02-15,Bénin,Zou,Zogbodomey,Zogbodomey,Citrons,KG,65.0,350.3,0.19,Prix à plus de 3 fois ou moins du tiers de la médiane du mois
2020-03-15,Bénin,Atacora,Péhunco,Péhunco,Mil,KG,94.02,344.8,0.27,Prix à plus de 3 fois ou moins du tiers de la médiane du mois
2020-03-15,Bénin,Atlantique,Abomey-Calavi,Zinvié,Noix de coco sèche,KG,100.0,323.6,0.31,Prix à plus de 3 fois ou moins du tiers de la médiane du mois
2020-03-15,Bénin,Atlantique,Abomey-Calavi,Zinvié,Citrons,KG,87.5,383.3,0.23,Prix à plus de 3 fois ou moins du tiers de la médiane du mois
2020-03-15,Bénin,Atlantique,Abomey-Calavi,Zinvié,Gombo frais,KG,110.0,342.6,0.32,Prix à plus de 3 fois ou moins du tiers de la médiane du mois
2020-03-15,Bénin,Atlantique,Abomey-Calavi,Zinvié,Oranges,KG,66.0,200.0,0.33,Prix à plus de 3 fois ou moins du tiers de la médiane du mois
2020-03-15,Bénin,Borgou,Nikki,Nikki,Igname blanche,KG,85.0,298.8,0.28,Prix à plus de 3 fois ou moins du tiers de la médiane du mois
2020-03-15,Bénin,Borgou,Sinendé,Sinendé,Maïs blanc,KG,28.21,158.5,0.18,Prix à plus de 3 fois ou moins du tiers de la médiane du mois
2020-03-15,Bénin,Borgou,Sinendé,Sinendé,Mil,KG,62.99,344.8,0.18,Prix à plus de 3 fois ou moins du tiers de la médiane du mois
2020-03-15,Bénin,Borgou,Sinendé,Sinendé,Sorgho,KG,59.06,248.6,0.24,Prix à plus de 3 fois ou moins du tiers de la médiane du mois
2020-03-15,Bénin,Borgou,Sinendé,Sinendé,Sorgho rouge,KG,59.06,287.4,0.21,Prix à plus de 3 fois ou moins du tiers de la médiane du mois
2020-03-15,Bénin,Borgou,Sinendé,Sinendé,Piment rouge sec,KG,733.33,3846.2,0.19,Prix à plus de 3 fois ou moins du tiers de la médiane du mois
2020-03-15,Bénin,Donga,Djougou,Djougou,Mil,KG,75.62,344.8,0.22,Prix à plus de 3 fois ou moins du tiers de la médiane du mois
2020-03-15,Bénin,Donga,Ouaké,Kassoua-Allah,Mil,KG,88.8,344.8,0.26,Prix à plus de 3 fois ou moins du tiers de la médiane du mois
2020-03-15,Bénin,Ouémé,Bonou,Affamè,Noix de coco sèche,KG,75.0,323.6,0.23,Prix à plus de 3 fois ou moins du tiers de la médiane du mois
2020-03-15,Bénin,Ouémé,Dangbo,Dangbo,Maïs blanc,KG,575.76,158.5,3.63,Prix à plus de 3 fois ou moins du tiers de la médiane du mois
2020-03-15,Bénin,Ouémé,Dangbo,Dangbo,Igname blanche,KG,1066.67,298.8,3.57,Prix à plus de 3 fois ou moins du tiers de la médiane du mois
2020-03-15,Bénin,Plateau,Kétou,Kétou,Papaye,KG,812.5,196.3,4.14,Prix à plus de 3 fois ou moins du tiers de la médiane du mois
2020-03-15,Bénin,Zou,Covè,Covè,Piment rouge sec,KG,400.0,3846.2,0.1,Prix à plus de 3 fois ou moins du tiers de la médiane du mois
2020-03-15,Bénin,Zou,Zangnanado,Kpedekpo,Igname blanche,KG,85.0,298.8,0.28,Prix à plus de 3 fois ou moins du tiers de la médiane du mois
2020-03-15,Bénin,Zou,Zangnanado,Kpedekpo,Papaye,KG,38.75,196.3,0.2,Prix à plus de 3 fois ou moins du tiers de la médiane du mois
2020-04-15,Bénin,Alibori,Banikoara,Banikoara,Patate douce,KG,675.0,175.0,3.86,Prix à plus de 3 fois ou moins du tiers de la médiane du mois
2020-04-15,Bénin,Alibori,Malanville,Malanville (CBM),Huile de palmiste,KG,234.0,850.0,0.28,Prix à plus de 3 fois ou moins du tiers de la médiane du mois
2020-04-15,Bénin,Atacora,Péhunco,Péhunco,Mil,KG,97.44,341.3,0.29,Prix à plus de 3 fois ou moins du tiers de la médiane du mois
2020-04-15,Bénin,Atlantique,Abomey-Calavi,Zinvié,Noix de coco sèche,KG,100.0,319.8,0.31,Prix à plus de 3 fois ou moins du tiers de la médiane du mois
2020-04-15,Bénin,Atlantique,Abomey-Calavi,Zinvié,Citrons,KG,91.67,417.5,0.22,Prix à plus de 3 fois ou moins du tiers de la médiane du mois
2020-04-15,Bénin,Atlantique,Abomey-Calavi,Zinvié,Gombo frais,KG,88.0,350.4,0.25,Prix à plus de 3 fois ou moins du tiers de la médiane du mois
2020-04-15,Bénin,Atlantique,Abomey-Calavi,Zinvié,Oranges,KG,58.0,225.0,0.26,Prix à plus de 3 fois ou moins du tiers de la médiane du mois
2020-04-15,Bénin,Atlantique,Zè,Sèdjè-Dénou,Légumes-feuilles,KG,71.67,234.2,0.31,Prix à plus de 3 fois ou moins du tiers de la médiane du mois
2020-04-15,Bénin,Borgou,Bembèrèkè,Bembèrèkè,Riz paddy,KG,5000.0,400.0,12.5,Prix à plus de 3 fois ou moins du tiers de la médiane du mois
2020-04-15,Bénin,Borgou,Nikki,Nikki,Igname sèche,KG,90.0,501.5,0.18,Prix à plus de 3 fois ou moins du tiers de la médiane du mois
2020-04-15,Bénin,Borgou,Nikki,Nikki,Igname blanche,KG,88.75,345.0,0.26,Prix à plus de 3 fois ou moins du tiers de la médiane du mois
2020-04-15,Bénin,Borgou,Tchaourou,Tchaourou,Mil,KG,91.19,341.3,0.27,Prix à plus de 3 fois ou moins du tiers de la médiane du mois
2020-04-15,Bénin,Collines,Dassa-Zoumè,Dassa-Zoumè,Citrons,KG,118.75,417.5,0.28,Prix à plus de 3 fois ou moins du tiers de la médiane du mois
2020-04-15,Bénin,Collines,Savalou,Savalou,Manioc frais,KG,43.33,162.5,0.27,Prix à plus de 3 fois ou moins du tiers de la médiane du mois
2020-04-15,Bénin,Donga,Djougou,Djougou,Mil,KG,83.72,341.3,0.25,Prix à plus de 3 fois ou moins du tiers de la médiane du mois
2020-04-15,Bénin,Donga,Ouaké,Kassoua-Allah,Mil,KG,88.9,341.3,0.26,Prix à plus de 3 fois ou moins du tiers de la médiane du mois
2020-04-15,Bénin,Ouémé,Dangbo,Dangbo,Manioc frais,KG,500.0,162.5,3.08,Prix à plus de 3 fois ou moins du tiers de la médiane du mois
2020-04-15,Bénin,Ouémé,Dangbo,Dangbo,Igname blanche,KG,2000.0,345.0,5.8,Prix à plus de 3 fois ou moins du tiers de la médiane du mois
2020-04-15,Bénin,Ouémé,Dangbo,Dangbo,Crevettes,KG,2000.0,10775.0,0.19,Prix à plus de 3 fois ou moins du tiers de la médiane du mois
2020-04-15,Bénin,Ouémé,Dangbo,Dangbo,Légumes-feuilles,KG,1500.0,234.2,6.41,Prix à plus de 3 fois ou moins du tiers de la médiane du mois
2020-04-15,Bénin,Ouémé,Dangbo,Dangbo,Papaye,KG,800.0,215.0,3.72,Prix à plus de 3 fois ou moins du tiers de la médiane du mois
2020-04-15,Bénin,Plateau,Kétou,Kétou,Papaye,KG,762.5,215.0,3.55,Prix à plus de 3 fois ou moins du tiers de la médiane du mois
2020-04-15,Bénin,Zou,Covè,Covè,Piment rouge sec,KG,475.0,3846.2,0.12,Prix à plus de 3 fois ou moins du tiers de la médiane du mois
2020-04-15,Bénin,Zou,Ouinhi,Dasso,Citrons,KG,95.0,417.5,0.23,Prix à plus de 3 fois ou moins du tiers de la médiane du mois
2020-04-15,Bénin,Zou,Zangnanado,Kpedekpo,Igname blanche,KG,110.0,345.0,0.32,Prix à plus de 3 fois ou moins du tiers de la médiane du mois
2020-04-15,Bénin,Zou,Zangnanado,Kpedekpo,Citrons,KG,135.0,417.5,0.32,Prix à plus de 3 fois ou moins du tiers de la médiane du mois
2020-04-15,Bénin,Zou,Zangnanado,Kpedekpo,Oranges,KG,73.75,225.0,0.33,Prix à plus de 3 fois ou moins du tiers de la médiane du mois
2020-05-15,Bénin,Alibori,Banikoara,Banikoara,Patate douce,KG,753.33,197.5,3.81,Prix à plus de 3 fois ou moins du tiers de la médiane du mois
2020-05-15,Bénin,Atacora,Péhunco,Péhunco,Mil,KG,113.25,357.1,0.32,Prix à plus de 3 fois ou moins du tiers de la médiane du mois
2020-05-15,Bénin,Atacora,Péhunco,Péhunco,Igname blanche,KG,1127.5,348.2,3.24,Prix à plus de 3 fois ou moins du tiers de la médiane du mois
2020-05-15,Bénin,Atlantique,Abomey-Calavi,Zinvié,Noix de coco sèche,KG,50.0,340.0,0.15,Prix à plus de 3 fois ou moins du tiers de la médiane du mois
2020-05-15,Bénin,Atlantique,Abomey-Calavi,Zinvié,Légumes-feuilles,KG,60.0,187.0,0.32,Prix à plus de 3 fois ou moins du tiers de la médiane du mois
2020-05-15,Bénin,Atlantique,Sô-Ava,So-Ava,Noix de coco sèche,KG,90.0,340.0,0.26,Prix à plus de 3 fois ou moins du tiers de la médiane du mois
2020-05-15,Bénin,Atlantique,Sô-Ava,So-Ava,Légumes-feuilles,KG,60.0,187.0,0.32,Prix à plus de 3 fois ou moins du tiers de la médiane du mois
2020-05-15,Bénin,Atlantique,Toffo,Sehoue,Manioc frais,KG,23.33,130.0,0.18,Prix à plus de 3 fois ou moins du tiers de la médiane du mois
2020-05-15,Bénin,Atlantique,Toffo,Sehoue,Huile de palmiste,KG,3500.0,900.0,3.89,Prix à plus de 3 fois ou moins du tiers de la médiane du mois
2020-05-15,Bénin,Atlantique,Toffo,Sehoue,Piment rouge sec,KG,19230.77,3846.2,5.0,Prix à plus de 3 fois ou moins du tiers de la médiane du mois
2020-05-15,Bénin,Atlantique,Zè,Sèdjè-Dénou,Légumes-feuilles,KG,55.0,187.0,0.29,Prix à plus de 3 fois ou moins du tiers de la médiane du mois
2020-05-15,Bénin,Borgou,Bembèrèkè,Bembèrèkè,Riz paddy,KG,5000.0,325.0,15.38,Prix à plus de 3 fois ou moins du tiers de la médiane du mois
2020-05-15,Bénin,Borgou,Kalalé,Kalalé,Igname sèche,KG,3500.0,600.0,5.83,Prix à plus de 3 fois ou moins du tiers de la médiane du mois
2020-05-15,Bénin,Borgou,Kalalé,Kalalé,Citrons,KG,59.0,425.0,0.14,Prix à plus de 3 fois ou moins du tiers de la médiane du mois
2020-05-15,Bénin,Borgou,Nikki,Nikki,Igname sèche,KG,90.0,600.0,0.15,Prix à plus de 3 fois ou moins du tiers de la médiane du mois
2020-05-15,Bénin,Borgou,Nikki,Nikki,Igname blanche,KG,90.0,348.2,0.26,Prix à plus de 3 fois ou moins du tiers de la médiane du mois
2020-05-15,Bénin,Borgou,Parakou,Parakou,Carottes,KG,150.0,577.5,0.26,Prix à plus de 3 fois ou moins du tiers de la médiane du mois
2020-05-15,Bénin,Borgou,Tchaourou,Tchaourou,Mil,KG,98.78,357.1,0.28,Prix à plus de 3 fois ou moins du tiers de la médiane du mois
2020-05-15,Bénin,Collines,Glazoué,Glazoué,Mil,KG,117.3,357.1,0.33,Prix à plus de 3 fois ou moins du tiers de la médiane du mois
2020-05-15,Bénin,Collines,Savalou,Savalou,Manioc frais,KG,40.0,130.0,0.31,Prix à plus de 3 fois ou moins du tiers de la médiane du mois
2020-05-15,Bénin,Couffo,Aplahoué,Azovè,Gombo frais,KG,92.5,305.0,0.3,Prix à plus de 3 fois ou moins du tiers de la médiane du mois
2020-05-15,Bénin,Couffo,Klouékanmè,Klouékanmè,Crevettes,KG,450.0,8375.0,0.05,Prix à plus de 3 fois ou moins du tiers de la médiane du mois
2020-05-15,Bénin,Couffo,Klouékanmè,Klouékanmè,Citrons,KG,130.0,425.0,0.31,Prix à plus de 3 fois ou moins du tiers de la médiane du mois
2020-05-15,Bénin,Donga,Ouaké,Kassoua-Allah,Mil,KG,88.8,357.1,0.25,Prix à plus de 3 fois ou moins du tiers de la médiane du mois
2020-05-15,Bénin,Donga,Ouaké,Kassoua-Allah,Oranges,KG,781.0,216.5,3.61,Prix à plus de 3 fois ou moins du tiers de la médiane du mois
2020-05-15,Bénin,Ouémé,Adjohoun,Azowlissè,Légumes-feuilles,KG,26.25,187.0,0.14,Prix à plus de 3 fois ou moins du tiers de la médiane du mois
2020-05-15,Bénin,Ouémé,Dangbo,Dangbo,Cossettes de manioc,KG,775.0,225.0,3.44,Prix à plus de 3 fois ou moins du tiers de la médiane du mois
2020-05-15,Bénin,Ouémé,Dangbo,Dangbo,Manioc frais,KG,700.0,130.0,5.38,Prix à plus de 3 fois ou moins du tiers de la médiane du mois
2020-05-15,Bénin,Ouémé,Dangbo,Dangbo,Igname blanche,KG,1550.0,348.2,4.45,Prix à plus de 3 fois ou moins du tiers de la médiane du mois
2020-05-15,Bénin,Ouémé,Dangbo,Dangbo,Crevettes,KG,1000.0,8375.0,0.12,Prix à plus de 3 fois ou moins du tiers de la médiane du mois
2020-05-15,Bénin,Ouémé,Dangbo,Dangbo,Légumes-feuilles,KG,775.0,187.0,4.14,Prix à plus de 3 fois ou moins du tiers de la médiane du mois
2020-05-15,Bénin,Plateau,Kétou,Kétou,Légumes-feuilles,KG,600.0,187.0,3.21,Prix à plus de 3 fois ou moins du tiers de la médiane du mois
2020-05-15,Bénin,Plateau,Kétou,Kétou,Papaye,KG,825.0,207.5,3.98,Prix à plus de 3 fois ou moins du tiers de la médiane du mois
2020-05-15,Bénin,Plateau,Pobè,Pobè,Crevettes,KG,1500.0,8375.0,0.18,Prix à plus de 3 fois ou moins du tiers de la médiane du mois
2020-05-15,Bénin,Zou,Covè,Covè,Gombo frais,KG,95.0,305.0,0.31,Prix à plus de 3 fois ou moins du tiers de la médiane du mois
2020-05-15,Bénin,Zou,Covè,Covè,Piment rouge sec,KG,500.0,3846.2,0.13,Prix à plus de 3 fois ou moins du tiers de la médiane du mois
2020-05-15,Bénin,Zou,Ouinhi,Dasso,Citrons,KG,80.0,425.0,0.19,Prix à plus de 3 fois ou moins du tiers de la médiane du mois
2020-05-15,Bénin,Zou,Ouinhi,Dasso,Gombo frais,KG,85.0,305.0,0.28,Prix à plus de 3 fois ou moins du tiers de la médiane du mois
2020-05-15,Bénin,Zou,Zogbodomey,Zogbodomey,Oranges,KG,60.0,216.5,0.28,Prix à plus de 3 fois ou moins du tiers de la médiane du mois
2020-06-15,Bénin,Alibori,Banikoara,Banikoara,Patate douce,KG,807.5,175.0,4.61,Prix à plus de 3 fois ou moins du tiers de la médiane du mois
2020-06-15,Bénin,Alibori,Banikoara,Banikoara,Igname,KG,851.25,266.2,3.2,Prix à plus de 3 fois ou moins du tiers de la médiane du mois
2020-06-15,Bénin,Alibori,Banikoara,Banikoara,Igname blanche,KG,1066.25,350.0,3.05,Prix à plus de 3 fois ou moins du tiers de la médiane du mois
2020-06-15,Bénin,Atacora,Cobly,Cobly,Igname blanche,KG,110.0,350.0,0.31,Prix à plus de 3 fois ou moins du tiers de la médiane du mois
2020-06-15,Bénin,Atacora,Péhunco,Péhunco,Mil,KG,106.84,341.3,0.31,Prix à plus de 3 fois ou moins du tiers de la médiane du mois
2020-06-15,Bénin,Atlantique,Abomey-Calavi,Zinvié,Noix de coco sèche,KG,75.0,333.3,0.23,Prix à plus de 3 fois ou moins du tiers de la médiane du mois
2020-06-15,Bénin,Atlantique,Abomey-Calavi,Zinvié,Papaye,KG,61.25,212.0,0.29,Prix à plus de 3 fois ou moins du tiers de la médiane du mois
2020-06-15,Bénin,Atlantique,Sô-Ava,So-Ava,Noix de coco sèche,KG,103.33,333.3,0.31,Prix à plus de 3 fois ou moins du tiers de la médiane du mois
2020-06-15,Bénin,Atlantique,Sô-Ava,So-Ava,Légumes-feuilles,KG,56.67,181.5,0.31,Prix à plus de 3 fois ou moins du tiers de la médiane du mois
2020-06-15,Bénin,Atlantique,Toffo,Sehoue,Manioc frais,KG,31.67,118.8,0.27,Prix à plus de 3 fois ou moins du tiers de la médiane du mois
2020-06-15,Bénin,Atlantique,Toffo,Sehoue,Huile de palmiste,KG,3500.0,900.0,3.89,Prix à plus de 3 fois ou moins du tiers de la médiane du mois
2020-06-15,Bénin,Atlantique,Zè,Sèdjè-Dénou,Légumes-feuilles,KG,60.0,181.5,0.33,Prix à plus de 3 fois ou moins du tiers de la médiane du mois
2020-06-15,Bénin,Borgou,Bembèrèkè,Bembèrèkè,Riz paddy,KG,5000.0,350.0,14.29,Prix à plus de 3 fois ou moins du tiers de la médiane du mois
2020-06-15,Bénin,Borgou,Kalalé,Kalalé,Igname sèche,KG,2637.0,553.3,4.77,Prix à plus de 3 fois ou moins du tiers de la médiane du mois
2020-06-15,Bénin,Borgou,Nikki,Nikki,Igname sèche,KG,90.0,553.3,0.16,Prix à plus de 3 fois ou moins du tiers de la médiane du mois
2020-06-15,Bénin,Borgou,Nikki,Nikki,Igname blanche,KG,93.75,350.0,0.27,Prix à plus de 3 fois ou moins du tiers de la médiane du mois
2020-06-15,Bénin,Borgou,Sinendé,Sinendé,Maïs blanc,KG,35.9,185.5,0.19,Prix à plus de 3 fois ou moins du tiers de la médiane du mois
2020-06-15,Bénin,Borgou,Sinendé,Sinendé,Mil,KG,55.12,341.3,0.16,Prix à plus de 3 fois ou moins du tiers de la médiane du mois
2020-06-15,Bénin,Borgou,Sinendé,Sinendé,Sorgho,KG,55.12,301.7,0.18,Prix à plus de 3 fois ou moins du tiers de la médiane du mois
2020-06-15,Bénin,Borgou,Sinendé,Sinendé,Sorgho rouge,KG,55.12,324.5,0.17,Prix à plus de 3 fois ou moins du tiers de la médiane du mois
2020-06-15,Bénin,Borgou,Sinendé,Sinendé,Piment rouge sec,KG,733.33,3846.2,0.19,Prix à plus de 3 fois ou moins du tiers de la médiane du mois
2020-06-15,Bénin,Collines,Dassa-Zoumè,Dassa-Zoumè,Crevettes,KG,600.0,9000.0,0.07,Prix à plus de 3 fois ou moins du tiers de la médiane du mois
2020-06-15,Bénin,Donga,Djougou,Djougou,Mil,KG,80.25,341.3,0.24,Prix à plus de 3 fois ou moins du tiers de la médiane du mois
2020-06-15,Bénin,Donga,Ouaké,Kassoua-Allah,Mil,KG,84.0,341.3,0.25,Prix à plus de 3 fois ou moins du tiers de la médiane du mois
2020-06-15,Bénin,Littoral,Cotonou,Dantokpa,Taro,KG,120.0,366.2,0.33,Prix à plus de 3 fois ou moins du tiers de la médiane du mois
2020-06-15,Bénin,Mono,Comé,Comé,Banane plantain,KG,122.5,416.7,0.29,Prix à plus de 3 fois ou moins du tiers de la médiane du mois
2020-06-15,Bénin,Ouémé,Adjohoun,Azowlissè,Légumes-feuilles,KG,31.25,181.5,0.17,Prix à plus de 3 fois ou moins du tiers de la médiane du mois
2020-06-15,Bénin,Ouémé,Bonou,Affamè,Noix de coco sèche,KG,75.0,333.3,0.23,Prix à plus de 3 fois ou moins du tiers de la médiane du mois
2020-06-15,Bénin,Ouémé,Dangbo,Dangbo,Manioc frais,KG,400.0,118.8,3.37,Prix à plus de 3 fois ou moins du tiers de la médiane du mois
2020-06-15,Bénin,Ouémé,Dangbo,Dangbo,Igname blanche,KG,1900.0,350.0,5.43,Prix à plus de 3 fois ou moins du tiers de la médiane du mois
2020-06-15,Bénin,Ouémé,Dangbo,Dangbo,Crevettes,KG,1750.0,9000.0,0.19,Prix à plus de 3 fois ou moins du tiers de la médiane du mois
2020-06-15,Bénin,Ouémé,Dangbo,Dangbo,Légumes-feuilles,KG,1400.0,181.5,7.71,Prix à plus de 3 fois ou moins du tiers de la médiane du mois
2020-06-15,Bénin,Plateau,Kétou,Kétou,Papaye,KG,800.0,212.0,3.77,Prix à plus de 3 fois ou moins du tiers de la médiane du mois
2020-06-15,Bénin,Plateau,Pobè,Pobè,Crevettes,KG,1550.0,9000.0,0.17,Prix à plus de 3 fois ou moins du tiers de la médiane du mois
2020-06-15,Bénin,Zou,Abomey,Abomey,Légumes-feuilles,KG,567.5,181.5,3.13,Prix à plus de 3 fois ou moins du tiers de la médiane du mois
2020-06-15,Bénin,Zou,Covè,Covè,Gombo frais,KG,47.5,256.9,0.18,Prix à plus de 3 fois ou moins du tiers de la médiane du mois
2020-06-15,Bénin,Zou,Covè,Covè,Piment rouge sec,KG,500.0,3846.2,0.13,Prix à plus de 3 fois ou moins du tiers de la médiane du mois
2020-06-15,Bénin,Zou,Ouinhi,Dasso,Citrons,KG,93.75,416.2,0.23,Prix à plus de 3 fois ou moins du tiers de la médiane du mois
2020-06-15,Bénin,Zou,Ouinhi,Dasso,Gombo frais,KG,82.5,256.9,0.32,Prix à plus de 3 fois ou moins du tiers de la médiane du mois
2020-06-15,Bénin,Zou,Ouinhi,Dasso,Oranges,KG,57.5,181.3,0.32,Prix à plus de 3 fois ou moins du tiers de la médiane du mois
2020-06-15,Bénin,Zou,Zangnanado,Kpedekpo,Oranges,KG,56.67,181.3,0.31,Prix à plus de 3 fois ou moins du tiers de la médiane du mois
2020-07-15,Bénin,Alibori,Banikoara,Banikoara,Igname,KG,908.0,277.7,3.27,Prix à plus de 3 fois ou moins du tiers de la médiane du mois
2020-07-15,Bénin,Alibori,Banikoara,Banikoara,Igname blanche,KG,1080.0,341.7,3.16,Prix à plus de 3 fois ou moins du tiers de la médiane du mois
2020-07-15,Bénin,Atacora,Cobly,Cobly,Igname blanche,KG,110.0,341.7,0.32,Prix à plus de 3 fois ou moins du tiers de la médiane du mois
2020-07-15,Bénin,Atlantique,Abomey-Calavi,Zinvié,Noix de coco sèche,KG,75.0,300.0,0.25,Prix à plus de 3 fois ou moins du tiers de la médiane du mois
2020-07-15,Bénin,Atlantique,Sô-Ava,So-Ava,Légumes-feuilles,KG,40.0,181.7,0.22,Prix à plus de 3 fois ou moins du tiers de la médiane du mois
2020-07-15,Bénin,Atlantique,Sô-Ava,So-Ava,Oranges,KG,60.0,185.0,0.32,Prix à plus de 3 fois ou moins du tiers de la médiane du mois
2020-07-15,Bénin,Atlantique,Toffo,Sehoue,Huile de palmiste,KG,3500.0,900.0,3.89,Prix à plus de 3 fois ou moins du tiers de la médiane du mois
2020-07-15,Bénin,Atlantique,Zè,Sèdjè-Dénou,Légumes-feuilles,KG,59.17,181.7,0.33,Prix à plus de 3 fois ou moins du tiers de la médiane du mois
2020-07-15,Bénin,Borgou,Bembèrèkè,Bembèrèkè,Riz paddy,KG,5000.0,390.0,12.82,Prix à plus de 3 fois ou moins du tiers de la médiane du mois
2020-07-15,Bénin,Borgou,Kalalé,Kalalé,Crevettes,KG,25.0,8625.0,0.0,Prix à plus de 3 fois ou moins du tiers de la médiane du mois
2020-07-15,Bénin,Borgou,Kalalé,Kalalé,Carottes,KG,166.67,550.0,0.3,Prix à plus de 3 fois ou moins du tiers de la médiane du mois
2020-07-15,Bénin,Borgou,Kalalé,Kalalé,Citrons,KG,50.0,325.0,0.15,Prix à plus de 3 fois ou moins du tiers de la médiane du mois
2020-07-15,Bénin,Borgou,Kalalé,Kalalé,Oignons,KG,100.0,365.0,0.27,Prix à plus de 3 fois ou moins du tiers de la médiane du mois
2020-07-15,Bénin,Borgou,Nikki,Nikki,Igname sèche,KG,95.0,500.0,0.19,Prix à plus de 3 fois ou moins du tiers de la médiane du mois
2020-07-15,Bénin,Borgou,Nikki,Nikki,Igname blanche,KG,95.0,341.7,0.28,Prix à plus de 3 fois ou moins du tiers de la médiane du mois
2020-07-15,Bénin,Borgou,Parakou,Parakou,Igname blanche,KG,106.0,341.7,0.31,Prix à plus de 3 fois ou moins du tiers de la médiane du mois
2020-07-15,Bénin,Borgou,Tchaourou,Tchaourou,Mil,KG,116.51,360.6,0.32,Prix à plus de 3 fois ou moins du tiers de la médiane du mois
2020-07-15,Bénin,Collines,Savalou,Savalou,Escargots,KG,2500.0,828.8,3.02,Prix à plus de 3 fois ou moins du tiers de la médiane du mois
2020-07-15,Bénin,Donga,Bassila,Bassila,Citrons,KG,100.0,325.0,0.31,Prix à plus de 3 fois ou moins du tiers de la médiane du mois
2020-07-15,Bénin,Donga,Djougou,Djougou,Mil,KG,84.88,360.6,0.24,Prix à plus de 3 fois ou moins du tiers de la médiane du mois
2020-07-15,Bénin,Donga,Ouaké,Kassoua-Allah,Mil,KG,88.9,360.6,0.25,Prix à plus de 3 fois ou moins du tiers de la médiane du mois
2020-07-15,Bénin,Mono,Comé,Comé,Banane plantain,KG,121.25,400.0,0.3,Prix à plus de 3 fois ou moins du tiers de la médiane du mois
2020-07-15,Bénin,Ouémé,Bonou,Affamè,Noix de coco sèche,KG,93.33,300.0,0.31,Prix à plus de 3 fois ou moins du tiers de la médiane du mois
2020-07-15,Bénin,Ouémé,Dangbo,Dangbo,Mil,KG,1149.43,360.6,3.19,Prix à plus de 3 fois ou moins du tiers de la médiane du mois
2020-07-15,Bénin,Ouémé,Dangbo,Dangbo,Igname blanche,KG,1550.0,341.7,4.54,Prix à plus de 3 fois ou moins du tiers de la médiane du mois
2020-07-15,Bénin,Ouémé,Dangbo,Dangbo,Crevettes,KG,1700.0,8625.0,0.2,Prix à plus de 3 fois ou moins du tiers de la médiane du mois
2020-07-15,Bénin,Ouémé,Dangbo,Dangbo,Légumes-feuilles,KG,800.0,181.7,4.4,Prix à plus de 3 fois ou moins du tiers de la médiane du mois
2020-07-15,Bénin,Plateau,Kétou,Kétou,Papaye,KG,731.25,214.4,3.41,Prix à plus de 3 fois ou moins du tiers de la médiane du mois
2020-07-15,Bénin,Plateau,Pobè,Pobè,Crevettes,KG,2090.0,8625.0,0.24,Prix à plus de 3 fois ou moins du tiers de la médiane du mois
2020-07-15,Bénin,Zou,Covè,Covè,Patate douce,KG,60.0,187.5,0.32,Prix à plus de 3 fois ou moins du tiers de la médiane du mois
2020-07-15,Bénin,Zou,Covè,Covè,Légumes-feuilles,KG,52.0,181.7,0.29,Prix à plus de 3 fois ou moins du tiers de la médiane du mois
2020-07-15,Bénin,Zou,Covè,Covè,Piment rouge sec,KG,500.0,3846.2,0.13,Prix à plus de 3 fois ou moins du tiers de la médiane du mois
2020-07-15,Bénin,Zou,Ouinhi,Dasso,Légumes-feuilles,KG,57.0,181.7,0.31,Prix à plus de 3 fois ou moins du tiers de la médiane du mois
2020-08-15,Bénin,Alibori,Karimama,Karimama,Tilapia,KG,500.0,1548.0,0.32,Prix à plus de 3 fois ou moins du tiers de la médiane du mois
2020-08-15,Bénin,Atlantique,Abomey-Calavi,Zinvié,Noix de coco sèche,KG,60.0,302.5,0.2,Prix à plus de 3 fois ou moins du tiers de la médiane du mois
2020-08-15,Bénin,Atlantique,Allada,Sékou,Manioc frais,KG,425.0,99.9,4.26,Prix à plus de 3 fois ou moins du tiers de la médiane du mois
2020-08-15,Bénin,Atlantique,Toffo,Ouègbo,Farine de manioc,KG,100.0,377.4,0.26,Prix à plus de 3 fois ou moins du tiers de la médiane du mois
2020-08-15,Bénin,Atlantique,Toffo,Ouègbo,Riz importé,KG,1555.85,500.0,3.11,Prix à plus de 3 fois ou moins du tiers de la médiane du mois
2020-08-15,Bénin,Atlantique,Toffo,Sehoue,Huile de palmiste,KG,3500.0,887.5,3.94,Prix à plus de 3 fois ou moins du tiers de la médiane du mois
2020-08-15,Bénin,Atlantique,Toffo,Sehoue,Légumes-feuilles,KG,52.0,176.7,0.29,Prix à plus de 3 fois ou moins du tiers de la médiane du mois
2020-08-15,Bénin,Atlantique,Toffo,Sehoue,Tomates,KG,65.33,216.2,0.3,Prix à plus de 3 fois ou moins du tiers de la médiane du mois
2020-08-15,Bénin,Borgou,Bembèrèkè,Bembèrèkè,Riz paddy,KG,5000.0,350.0,14.29,Prix à plus de 3 fois ou moins du tiers de la médiane du mois
2020-08-15,Bénin,Borgou,Kalalé,Kalalé,Igname sèche,KG,2200.0,500.0,4.4,Prix à plus de 3 fois ou moins du tiers de la médiane du mois
2020-08-15,Bénin,Borgou,Kalalé,Kalalé,Citrons,KG,30.0,250.0,0.12,Prix à plus de 3 fois ou moins du tiers de la médiane du mois
2020-08-15,Bénin,Borgou,Nikki,Nikki,Igname,KG,98.75,302.7,0.33,Prix à plus de 3 fois ou moins du tiers de la médiane du mois
2020-08-15,Bénin,Borgou,Nikki,Nikki,Igname sèche,KG,95.0,500.0,0.19,Prix à plus de 3 fois ou moins du tiers de la médiane du mois
2020-08-15,Bénin,Borgou,Tchaourou,Tchaourou,Mil,KG,106.38,357.1,0.3,Prix à plus de 3 fois ou moins du tiers de la médiane du mois
2020-08-15,Bénin,Collines,Savalou,Savalou,Escargots,KG,2400.0,720.0,3.33,Prix à plus de 3 fois ou moins du tiers de la médiane du mois
2020-08-15,Bénin,Donga,Djougou,Djougou,Mil,KG,97.22,357.1,0.27,Prix à plus de 3 fois ou moins du tiers de la médiane du mois
2020-08-15,Bénin,Donga,Ouaké,Kassoua-Allah,Mil,KG,93.9,357.1,0.26,Prix à plus de 3 fois ou moins du tiers de la médiane du mois
2020-08-15,Bénin,Donga,Ouaké,Kassoua-Allah,Oranges,KG,930.0,198.5,4.69,Prix à plus de 3 fois ou moins du tiers de la médiane du mois
2020-08-15,Bénin,Ouémé,Bonou,Affamè,Noix de coco sèche,KG,90.0,302.5,0.3,Prix à plus de 3 fois ou moins du tiers de la médiane du mois
2020-08-15,Bénin,Ouémé,Dangbo,Dangbo,Manioc frais,KG,516.67,99.9,5.17,Prix à plus de 3 fois ou moins du tiers de la médiane du mois
2020-08-15,Bénin,Ouémé,Dangbo,Dangbo,Mil,KG,1379.31,357.1,3.86,Prix à plus de 3 fois ou moins du tiers de la médiane du mois
2020-08-15,Bénin,Ouémé,Dangbo,Dangbo,Igname,KG,1400.0,302.7,4.63,Prix à plus de 3 fois ou moins du tiers de la médiane du mois
2020-08-15,Bénin,Ouémé,Dangbo,Dangbo,Crevettes,KG,1066.67,8937.5,0.12,Prix à plus de 3 fois ou moins du tiers de la médiane du mois
2020-08-15,Bénin,Ouémé,Dangbo,Dangbo,Légumes-feuilles,KG,1233.33,176.7,6.98,Prix à plus de 3 fois ou moins du tiers de la médiane du mois
2020-08-15,Bénin,Ouémé,Dangbo,Dangbo,Papaye,KG,866.67,200.0,4.33,Prix à plus de 3 fois ou moins du tiers de la médiane du mois
2020-08-15,Bénin,Plateau,Kétou,Kétou,Papaye,KG,825.0,200.0,4.12,Prix à plus de 3 fois ou moins du tiers de la médiane du mois
2020-08-15,Bénin,Plateau,Pobè,Pobè,Crevettes,KG,1600.0,8937.5,0.18,Prix à plus de 3 fois ou moins du tiers de la médiane du mois
2020-08-15,Bénin,Zou,Covè,Covè,Patate douce,KG,57.5,187.5,0.31,Prix à plus de 3 fois ou moins du tiers de la médiane du mois
2020-08-15,Bénin,Zou,Covè,Covè,Gombo frais,KG,47.5,200.8,0.24,Prix à plus de 3 fois ou moins du tiers de la médiane du mois
2020-08-15,Bénin,Zou,Covè,Covè,Piment rouge sec,KG,500.0,3846.2,0.13,Prix à plus de 3 fois ou moins du tiers de la médiane du mois
2020-08-15,Bénin,Zou,Ouinhi,Dasso,Légumes-feuilles,KG,55.0,176.7,0.31,Prix à plus de 3 fois ou moins du tiers de la médiane du mois
2020-08-15,Bénin,Zou,Zangnanado,Kpedekpo,Igname,KG,87.5,302.7,0.29,Prix à plus de 3 fois ou moins du tiers de la médiane du mois
2020-08-15,Bénin,Zou,Zangnanado,Kpedekpo,Crevettes,KG,2798.75,8937.5,0.31,Prix à plus de 3 fois ou moins du tiers de la médiane du mois
2020-08-15,Bénin,Zou,Zangnanado,Kpedekpo,Oranges,KG,51.25,198.5,0.26,Prix à plus de 3 fois ou moins du tiers de la médiane du mois
2020-08-15,Bénin,Zou,Zangnanado,Kpedekpo,Tomates,KG,66.25,216.2,0.31,Prix à plus de 3 fois ou moins du tiers de la médiane du mois
2020-09-15,Bénin,Atlantique,Abomey-Calavi,Zinvié,Noix de coco sèche,KG,63.33,314.2,0.2,Prix à plus de 3 fois ou moins du tiers de la médiane du mois
2020-09-15,Bénin,Atlantique,Abomey-Calavi,Zinvié,Oranges,KG,63.33,196.0,0.32,Prix à plus de 3 fois ou moins du tiers de la médiane du mois
2020-09-15,Bénin,Atlantique,Toffo,Sehoue,Huile de palmiste,KG,3500.0,850.0,4.12,Prix à plus de 3 fois ou moins du tiers de la médiane du mois
2020-09-15,Bénin,Borgou,Bembèrèkè,Bembèrèkè,Riz paddy,KG,5666.67,350.0,16.19,Prix à plus de 3 fois ou moins du tiers de la médiane du mois
2020-09-15,Bénin,Borgou,Bembèrèkè,Bembèrèkè,Igname,KG,83.33,250.0,0.33,Prix à plus de 3 fois ou moins du tiers de la médiane du mois
2020-09-15,Bénin,Borgou,Nikki,Nikki,Igname sèche,KG,87.5,493.8,0.18,Prix à plus de 3 fois ou moins du tiers de la médiane du mois
2020-09-15,Bénin,Borgou,Nikki,Nikki,Igname blanche,KG,92.5,297.3,0.31,Prix à plus de 3 fois ou moins du tiers de la médiane du mois
2020-09-15,Bénin,Borgou,Tchaourou,Tchaourou,Mil,KG,113.98,378.7,0.3,Prix à plus de 3 fois ou moins du tiers de la médiane du mois
2020-09-15,Bénin,Collines,Savalou,Savalou,Escargots,KG,2475.0,662.5,3.74,Prix à plus de 3 fois ou moins du tiers de la médiane du mois
2020-09-15,Bénin,Couffo,Klouékanmè,Klouékanmè,Crevettes,KG,2525.0,8500.0,0.3,Prix à plus de 3 fois ou moins du tiers de la médiane du mois
2020-09-15,Bénin,Donga,Djougou,Djougou,Mil,KG,102.62,378.7,0.27,Prix à plus de 3 fois ou moins du tiers de la médiane du mois
2020-09-15,Bénin,Donga,Ouaké,Kassoua-Allah,Mil,KG,88.8,378.7,0.23,Prix à plus de 3 fois ou moins du tiers de la médiane du mois
2020-09-15,Bénin,Ouémé,Dangbo,Dangbo,Manioc frais,KG,500.0,111.2,4.49,Prix à plus de 3 fois ou moins du tiers de la médiane du mois
2020-09-15,Bénin,Ouémé,Dangbo,Dangbo,Igname blanche,KG,1700.0,297.3,5.72,Prix à plus de 3 fois ou moins du tiers de la médiane du mois
2020-09-15,Bénin,Ouémé,Dangbo,Dangbo,Crevettes,KG,1000.0,8500.0,0.12,Prix à plus de 3 fois ou moins du tiers de la médiane du mois
2020-09-15,Bénin,Plateau,Kétou,Kétou,Papaye,KG,781.25,200.0,3.91,Prix à plus de 3 fois ou moins du tiers de la médiane du mois
2020-09-15,Bénin,Plateau,Pobè,Pobè,Crevettes,KG,1562.5,8500.0,0.18,Prix à plus de 3 fois ou moins du tiers de la médiane du mois
2020-09-15,Bénin,Zou,Covè,Covè,Citrons,KG,700.0,205.8,3.4,Prix à plus de 3 fois ou moins du tiers de la médiane du mois
2020-09-15,Bénin,Zou,Covè,Covè,Gombo frais,KG,70.0,237.5,0.29,Prix à plus de 3 fois ou moins du tiers de la médiane du mois
2020-09-15,Bénin,Zou,Covè,Covè,Piment rouge sec,KG,500.0,3846.2,0.13,Prix à plus de 3 fois ou moins du tiers de la médiane du mois
2020-09-15,Bénin,Zou,Ouinhi,Dasso,Noix de coco sèche,KG,88.33,314.2,0.28,Prix à plus de 3 fois ou moins du tiers de la médiane du mois
2020-09-15,Bénin,Zou,Ouinhi,Dasso,Citrons,KG,37.5,205.8,0.18,Prix à plus de 3 fois ou moins du tiers de la médiane du mois
2020-09-15,Bénin,Zou,Zangnanado,Kpedekpo,Igname blanche,KG,63.33,297.3,0.21,Prix à plus de 3 fois ou moins du tiers de la médiane du mois
2020-09-15,Bénin,Zou,Zangnanado,Kpedekpo,Crevettes,KG,2515.0,8500.0,0.3,Prix à plus de 3 fois ou moins du tiers de la médiane du mois
2020-09-15,Bénin,Zou,Zangnanado,Kpedekpo,Gombo frais,KG,66.67,237.5,0.28,Prix à plus de 3 fois ou moins du tiers de la médiane du mois
2020-09-15,Bénin,Zou,Zangnanado,Kpedekpo,Oranges,KG,60.0,196.0,0.31,Prix à plus de 3 fois ou moins du tiers de la médiane du mois
2020-10-15,Bénin,Atacora,Cobly,Cobly,Oignons,KG,140.0,531.0,0.26,Prix à plus de 3 fois ou moins du tiers de la médiane du mois
2020-10-15,Bénin,Atlantique,Abomey-Calavi,Zinvié,Noix de coco sèche,KG,83.33,300.0,0.28,Prix à plus de 3 fois ou moins du tiers de la médiane du mois
2020-10-15,Bénin,Atlantique,Abomey-Calavi,Zinvié,Piment rouge sec,KG,18741.03,3846.2,4.87,Prix à plus de 3 fois ou moins du tiers de la médiane du mois
2020-10-15,Bénin,Atlantique,Toffo,Sehoue,Huile de palmiste,KG,3500.0,900.0,3.89,Prix à plus de 3 fois ou moins du tiers de la médiane du mois
2020-10-15,Bénin,Atlantique,Toffo,Sehoue,Légumes-feuilles,KG,55.0,195.0,0.28,Prix à plus de 3 fois ou moins du tiers de la médiane du mois
2020-10-15,Bénin,Borgou,Bembèrèkè,Bembèrèkè,Riz paddy,KG,3300.0,350.0,9.43,Prix à plus de 3 fois ou moins du tiers de la médiane du mois
2020-10-15,Bénin,Borgou,Kalalé,Kalalé,Patate douce,KG,500.0,165.0,3.03,Prix à plus de 3 fois ou moins du tiers de la médiane du mois
2020-10-15,Bénin,Borgou,Nikki,Nikki,Igname sèche,KG,85.0,390.0,0.22,Prix à plus de 3 fois ou moins du tiers de la médiane du mois
2020-10-15,Bénin,Borgou,Nikki,Nikki,Igname blanche,KG,80.0,251.9,0.32,Prix à plus de 3 fois ou moins du tiers de la médiane du mois
2020-10-15,Bénin,Borgou,Nikki,Nikki,Citrons,KG,60.0,217.5,0.28,Prix à plus de 3 fois ou moins du tiers de la médiane du mois
2020-10-15,Bénin,Borgou,Sinendé,Sinendé,Soja,KG,1162.79,305.2,3.81,Prix à plus de 3 fois ou moins du tiers de la médiane du mois
2020-10-15,Bénin,Collines,Glazoué,Glazoué,Gari fin,KG,123.2,416.7,0.3,Prix à plus de 3 fois ou moins du tiers de la médiane du mois
2020-10-15,Bénin,Collines,Savalou,Savalou,Escargots,KG,3975.0,791.9,5.02,Prix à plus de 3 fois ou moins du tiers de la médiane du mois
2020-10-15,Bénin,Littoral,Cotonou,Dantokpa,Taro,KG,115.0,355.0,0.32,Prix à plus de 3 fois ou moins du tiers de la médiane du mois
2020-10-15,Bénin,Mono,Comé,Comé,Banane plantain,KG,131.67,438.0,0.3,Prix à plus de 3 fois ou moins du tiers de la médiane du mois
2020-10-15,Bénin,Ouémé,Bonou,Affamè,Oignons,KG,153.33,531.0,0.29,Prix à plus de 3 fois ou moins du tiers de la médiane du mois
2020-10-15,Bénin,Ouémé,Dangbo,Dangbo,Manioc frais,KG,560.0,113.1,4.95,Prix à plus de 3 fois ou moins du tiers de la médiane du mois
2020-10-15,Bénin,Ouémé,Dangbo,Dangbo,Igname sèche,KG,1300.0,390.0,3.33,Prix à plus de 3 fois ou moins du tiers de la médiane du mois
2020-10-15,Bénin,Ouémé,Dangbo,Dangbo,Igname blanche,KG,1620.0,251.9,6.43,Prix à plus de 3 fois ou moins du tiers de la médiane du mois
2020-10-15,Bénin,Ouémé,Dangbo,Dangbo,Crevettes,KG,1220.0,9083.3,0.13,Prix à plus de 3 fois ou moins du tiers de la médiane du mois
2020-10-15,Bénin,Ouémé,Dangbo,Dangbo,Légumes-feuilles,KG,640.0,195.0,3.28,Prix à plus de 3 fois ou moins du tiers de la médiane du mois
2020-10-15,Bénin,Plateau,Kétou,Kétou,Papaye,KG,787.5,210.0,3.75,Prix à plus de 3 fois ou moins du tiers de la médiane du mois
2020-10-15,Bénin,Plateau,Pobè,Pobè,Crevettes,KG,2125.0,9083.3,0.23,Prix à plus de 3 fois ou moins du tiers de la médiane du mois
2020-10-15,Bénin,Plateau,Sakété,Yoko,Piment rouge sec,KG,16000.0,3846.2,4.16,Prix à plus de 3 fois ou moins du tiers de la médiane du mois
2020-10-15,Bénin,Zou,Covè,Covè,Igname sèche,KG,1400.0,390.0,3.59,Prix à plus de 3 fois ou moins du tiers de la médiane du mois
2020-10-15,Bénin,Zou,Covè,Covè,Piment rouge sec,KG,500.0,3846.2,0.13,Prix à plus de 3 fois ou moins du tiers de la médiane du mois
2020-10-15,Bénin,Zou,Covè,Covè,Tomates,KG,1500.0,313.8,4.78,Prix à plus de 3 fois ou moins du tiers de la médiane du mois
2020-10-15,Bénin,Zou,Ouinhi,Dasso,Oignons,KG,87.5,531.0,0.16,Prix à plus de 3 fois ou moins du tiers de la médiane du mois
2020-10-15,Bénin,Zou,Zangnanado,Kpedekpo,Igname blanche,KG,80.0,251.9,0.32,Prix à plus de 3 fois ou moins du tiers de la médiane du mois
2020-10-15,Bénin,Zou,Zangnanado,Kpedekpo,Crevettes,KG,2647.5,9083.3,0.29,Prix à plus de 3 fois ou moins du tiers de la médiane du mois
2020-11-15,Bénin,Alibori,Malanville,Malanville (CBM),Huile de palmiste,KG,160.0,766.7,0.21,Prix à plus de 3 fois ou moins du tiers de la médiane du mois
2020-11-15,Bénin,Alibori,Malanville,Malanville (CBM),Pois secs,KG,1764.71,411.8,4.29,Prix à plus de 3 fois ou moins du tiers de la médiane du mois
2020-11-15,Bénin,Atacora,Cobly,Cobly,Oignons,KG,187.33,575.0,0.33,Prix à plus de 3 fois ou moins du tiers de la médiane du mois
2020-11-15,Bénin,Atlantique,Abomey-Calavi,Zinvié,Piment rouge sec,KG,17628.85,3846.2,4.58,Prix à plus de 3 fois ou moins du tiers de la médiane du mois
2020-11-15,Bénin,Atlantique,Allada,Sékou,Oranges,KG,51.67,173.3,0.3,Prix à plus de 3 fois ou moins du tiers de la médiane du mois
2020-11-15,Bénin,Atlantique,Allada,Sékou,Papaye,KG,60.0,200.0,0.3,Prix à plus de 3 fois ou moins du tiers de la médiane du mois
2020-11-15,Bénin,Atlantique,Sô-Ava,So-Ava,Piment rouge sec,KG,17907.69,3846.2,4.66,Prix à plus de 3 fois ou moins du tiers de la médiane du mois
2020-11-15,Bénin,Atlantique,Sô-Ava,So-Ava,Tomates,KG,1012.0,322.5,3.14,Prix à plus de 3 fois ou moins du tiers de la médiane du mois
2020-11-15,Bénin,Atlantique,Toffo,Sehoue,Huile de palmiste,KG,3500.0,766.7,4.57,Prix à plus de 3 fois ou moins du tiers de la médiane du mois
2020-11-15,Bénin,Atlantique,Toffo,Sehoue,Légumes-feuilles,KG,60.0,226.7,0.26,Prix à plus de 3 fois ou moins du tiers de la médiane du mois
2020-11-15,Bénin,Borgou,Bembèrèkè,Bembèrèkè,Riz paddy,KG,6000.0,316.7,18.95,Prix à plus de 3 fois ou moins du tiers de la médiane du mois
2020-11-15,Bénin,Borgou,Kalalé,Kalalé,Légumes-feuilles,KG,1980.5,226.7,8.74,Prix à plus de 3 fois ou moins du tiers de la médiane du mois
2020-11-15,Bénin,Borgou,Nikki,Nikki,Igname sèche,KG,77.5,386.3,0.2,Prix à plus de 3 fois ou moins du tiers de la médiane du mois
2020-11-15,Bénin,Borgou,Sinendé,Sinendé,Soja,KG,3343.02,290.7,11.5,Prix à plus de 3 fois ou moins du tiers de la médiane du mois
2020-11-15,Bénin,Borgou,Tchaourou,Tchaourou,Piment rouge sec,KG,756.14,3846.2,0.2,Prix à plus de 3 fois ou moins du tiers de la médiane du mois
2020-11-15,Bénin,Collines,Dassa-Zoumè,Dassa-Zoumè,Igname sèche,KG,1200.0,386.3,3.11,Prix à plus de 3 fois ou moins du tiers de la médiane du mois
2020-11-15,Bénin,Collines,Savalou,Savalou,Escargots,KG,2800.0,762.5,3.67,Prix à plus de 3 fois ou moins du tiers de la médiane du mois
2020-11-15,Bénin,Donga,Bassila,Bassila,Carottes,KG,150.0,535.4,0.28,Prix à plus de 3 fois ou moins du tiers de la médiane du mois
2020-11-15,Bénin,Donga,Ouaké,Kassoua-Allah,Mil,KG,112.2,357.1,0.31,Prix à plus de 3 fois ou moins du tiers de la médiane du mois
2020-11-15,Bénin,Donga,Ouaké,Kassoua-Allah,Citrons,KG,904.0,227.5,3.97,Prix à plus de 3 fois ou moins du tiers de la médiane du mois
2020-11-15,Bénin,Ouémé,Bonou,Affamè,Gombo frais,KG,80.0,263.3,0.3,Prix à plus de 3 fois ou moins du tiers de la médiane du mois
2020-11-15,Bénin,Ouémé,Dangbo,Dangbo,Manioc frais,KG,475.0,118.3,4.01,Prix à plus de 3 fois ou moins du tiers de la médiane du mois
2020-11-15,Bénin,Ouémé,Dangbo,Dangbo,Igname,KG,675.0,204.0,3.31,Prix à plus de 3 fois ou moins du tiers de la médiane du mois
2020-11-15,Bénin,Ouémé,Dangbo,Dangbo,Igname blanche,KG,1625.0,250.0,6.5,Prix à plus de 3 fois ou moins du tiers de la médiane du mois
2020-11-15,Bénin,Ouémé,Dangbo,Dangbo,Crevettes,KG,1200.0,9312.5,0.13,Prix à plus de 3 fois ou moins du tiers de la médiane du mois
2020-11-15,Bénin,Plateau,Kétou,Kétou,Papaye,KG,737.5,200.0,3.69,Prix à plus de 3 fois ou moins du tiers de la médiane du mois
2020-11-15,Bénin,Plateau,Pobè,Pobè,Crevettes,KG,2500.0,9312.5,0.27,Prix à plus de 3 fois ou moins du tiers de la médiane du mois
2020-11-15,Bénin,Plateau,Pobè,Pobè,Piment rouge sec,KG,11923.08,3846.2,3.1,Prix à plus de 3 fois ou moins du tiers de la médiane du mois
2020-11-15,Bénin,Plateau,Sakété,Yoko,Pommes de terre,KG,256.0,800.0,0.32,Prix à plus de 3 fois ou moins du tiers de la médiane du mois
2020-11-15,Bénin,Plateau,Sakété,Yoko,Igname,KG,647.0,204.0,3.17,Prix à plus de 3 fois ou moins du tiers de la médiane du mois
2020-11-15,Bénin,Plateau,Sakété,Yoko,Piment rouge sec,KG,17115.39,3846.2,4.45,Prix à plus de 3 fois ou moins du tiers de la médiane du mois
2020-11-15,Bénin,Zou,Covè,Covè,Igname sèche,KG,1400.0,386.3,3.62,Prix à plus de 3 fois ou moins du tiers de la médiane du mois
2020-11-15,Bénin,Zou,Covè,Covè,Igname blanche,KG,837.5,250.0,3.35,Prix à plus de 3 fois ou moins du tiers de la médiane du mois
2020-11-15,Bénin,Zou,Covè,Covè,Huile de palmiste,KG,2500.0,766.7,3.26,Prix à plus de 3 fois ou moins du tiers de la médiane du mois
2020-11-15,Bénin,Zou,Covè,Covè,Piment rouge sec,KG,500.0,3846.2,0.13,Prix à plus de 3 fois ou moins du tiers de la médiane du mois
2020-11-15,Bénin,Zou,Covè,Covè,Tomates,KG,1350.0,322.5,4.19,Prix à plus de 3 fois ou moins du tiers de la médiane du mois
2020-11-15,Bénin,Zou,Ouinhi,Dasso,Oignons,KG,166.0,575.0,0.29,Prix à plus de 3 fois ou moins du tiers de la médiane du mois
2020-11-15,Bénin,Zou,Zangnanado,Kpedekpo,Igname,KG,65.0,204.0,0.32,Prix à plus de 3 fois ou moins du tiers de la médiane du mois
2020-12-15,Bénin,Alibori,Malanville,Malanville (CBM),Pommes de terre,KG,3000.0,800.0,3.75,Prix à plus de 3 fois ou moins du tiers de la médiane du mois
2020-12-15,Bénin,Atacora,Péhunco,Péhunco,Oignons,KG,1935.0,626.2,3.09,Prix à plus de 3 fois ou moins du tiers de la médiane du mois
2020-12-15,Bénin,Atlantique,Abomey-Calavi,Zinvié,Piment rouge sec,KG,18072.31,3846.2,4.7,Prix à plus de 3 fois ou moins du tiers de la médiane du mois
2020-12-15,Bénin,Atlantique,Allada,Sékou,Oranges,KG,50.0,163.0,0.31,Prix à plus de 3 fois ou moins du tiers de la médiane du mois
2020-12-15,Bénin,Atlantique,Allada,Sékou,Papaye,KG,63.75,195.0,0.33,Prix à plus de 3 fois ou moins du tiers de la médiane du mois
2020-12-15,Bénin,Atlantique,Sô-Ava,So-Ava,Piment rouge sec,KG,16843.59,3846.2,4.38,Prix à plus de 3 fois ou moins du tiers de la médiane du mois
2020-12-15,Bénin,Atlantique,Toffo,Sehoue,Huile de palmiste,KG,3500.0,875.0,4.0,Prix à plus de 3 fois ou moins du tiers de la médiane du mois
2020-12-15,Bénin,Atlantique,Toffo,Sehoue,Légumes-feuilles,KG,69.0,225.6,0.31,Prix à plus de 3 fois ou moins du tiers de la médiane du mois
2020-12-15,Bénin,Atlantique,Zè,Sèdjè-Dénou,Manioc frais,KG,675.0,178.8,3.77,Prix à plus de 3 fois ou moins du tiers de la médiane du mois
2020-12-15,Bénin,Atlantique,Zè,Sèdjè-Dénou,Piment rouge sec,KG,16353.85,3846.2,4.25,Prix à plus de 3 fois ou moins du tiers de la médiane du mois
2020-12-15,Bénin,Borgou,Bembèrèkè,Bembèrèkè,Riz paddy,KG,5500.0,355.0,15.49,Prix à plus de 3 fois ou moins du tiers de la médiane du mois
2020-12-15,Bénin,Borgou,Kalalé,Kalalé,Légumes-feuilles,KG,999.75,225.6,4.43,Prix à plus de 3 fois ou moins du tiers de la médiane du mois
2020-12-15,Bénin,Borgou,Nikki,Nikki,Mil,KG,130.91,402.3,0.33,Prix à plus de 3 fois ou moins du tiers de la médiane du mois
2020-12-15,Bénin,Borgou,Nikki,Nikki,Igname sèche,KG,75.25,357.0,0.21,Prix à plus de 3 fois ou moins du tiers de la médiane du mois
2020-12-15,Bénin,Borgou,Nikki,Nikki,Igname blanche,KG,81.25,264.2,0.31,Prix à plus de 3 fois ou moins du tiers de la médiane du mois
2020-12-15,Bénin,Borgou,Parakou,Parakou,Oignons,KG,191.5,626.2,0.31,Prix à plus de 3 fois ou moins du tiers de la médiane du mois
2020-12-15,Bénin,Borgou,Sinendé,Sinendé,Soja,KG,930.23,290.7,3.2,Prix à plus de 3 fois ou moins du tiers de la médiane du mois
2020-12-15,Bénin,Borgou,Tchaourou,Tchaourou,Mil,KG,123.1,402.3,0.31,Prix à plus de 3 fois ou moins du tiers de la médiane du mois
2020-12-15,Bénin,Collines,Savalou,Savalou,Escargots,KG,3000.0,950.0,3.16,Prix à plus de 3 fois ou moins du tiers de la médiane du mois
2020-12-15,Bénin,Donga,Bassila,Bassila,Carottes,KG,175.0,532.0,0.33,Prix à plus de 3 fois ou moins du tiers de la médiane du mois
2020-12-15,Bénin,Donga,Djougou,Djougou,Mil,KG,125.77,402.3,0.31,Prix à plus de 3 fois ou moins du tiers de la médiane du mois
2020-12-15,Bénin,Donga,Ouaké,Kassoua-Allah,Mil,KG,126.5,402.3,0.31,Prix à plus de 3 fois ou moins du tiers de la médiane du mois
2020-12-15,Bénin,Ouémé,Adjohoun,Azowlissè,Papaye,KG,54.75,195.0,0.28,Prix à plus de 3 fois ou moins du tiers de la médiane du mois
2020-12-15,Bénin,Ouémé,Bonou,Affamè,Noix de coco sèche,KG,95.0,321.2,0.3,Prix à plus de 3 fois ou moins du tiers de la médiane du mois
2020-12-15,Bénin,Ouémé,Bonou,Affamè,Oignons,KG,196.67,626.2,0.31,Prix à plus de 3 fois ou moins du tiers de la médiane du mois
2020-12-15,Bénin,Ouémé,Dangbo,Dangbo,Manioc frais,KG,633.33,178.8,3.54,Prix à plus de 3 fois ou moins du tiers de la médiane du mois
2020-12-15,Bénin,Ouémé,Dangbo,Dangbo,Igname blanche,KG,1400.0,264.2,5.3,Prix à plus de 3 fois ou moins du tiers de la médiane du mois
2020-12-15,Bénin,Ouémé,Dangbo,Dangbo,Crevettes,KG,1300.0,9250.0,0.14,Prix à plus de 3 fois ou moins du tiers de la médiane du mois
2020-12-15,Bénin,Ouémé,Dangbo,Dangbo,Légumes-feuilles,KG,800.0,225.6,3.55,Prix à plus de 3 fois ou moins du tiers de la médiane du mois
2020-12-15,Bénin,Plateau,Adja-Ouèrè,Tatonnoukon,Tilapia,KG,400.0,1512.5,0.26,Prix à plus de 3 fois ou moins du tiers de la médiane du mois
2020-12-15,Bénin,Plateau,Adja-Ouèrè,Tatonnoukon,Oignons,KG,137.5,626.2,0.22,Prix à plus de 3 fois ou moins du tiers de la médiane du mois
2020-12-15,Bénin,Plateau,Kétou,Kétou,Igname sèche,KG,1130.0,357.0,3.17,Prix à plus de 3 fois ou moins du tiers de la médiane du mois
2020-12-15,Bénin,Plateau,Kétou,Kétou,Papaye,KG,750.0,195.0,3.85,Prix à plus de 3 fois ou moins du tiers de la médiane du mois
2020-12-15,Bénin,Plateau,Pobè,Pobè,Crevettes,KG,2900.0,9250.0,0.31,Prix à plus de 3 fois ou moins du tiers de la médiane du mois
2020-12-15,Bénin,Plateau,Sakété,Yoko,Pommes de terre,KG,256.0,800.0,0.32,Prix à plus de 3 fois ou moins du tiers de la médiane du mois
2020-12-15,Bénin,Plateau,Sakété,Yoko,Crevettes,KG,2380.0,9250.0,0.26,Prix à plus de 3 fois ou moins du tiers de la médiane du mois
2020-12-15,Bénin,Plateau,Sakété,Yoko,Piment rouge sec,KG,15076.92,3846.2,3.92,Prix à plus de 3 fois ou moins du tiers de la médiane du mois
2020-12-15,Bénin,Zou,Covè,Covè,Igname sèche,KG,1462.5,357.0,4.1,Prix à plus de 3 fois ou moins du tiers de la médiane du mois
2020-12-15,Bénin,Zou,Covè,Covè,Igname blanche,KG,814.5,264.2,3.08,Prix à plus de 3 fois ou moins du tiers de la médiane du mois
2020-12-15,Bénin,Zou,Covè,Covè,Piment rouge sec,KG,500.0,3846.2,0.13,Prix à plus de 3 fois ou moins du tiers de la médiane du mois
2020-12-15,Bénin,Zou,Ouinhi,Dasso,Noix de coco sèche,KG,60.4,321.2,0.19,Prix à plus de 3 fois ou moins du tiers de la médiane du mois
2021-01-15,Bénin,Atacora,Cobly,Cobly,Citrons,KG,100.0,302.5,0.33,Prix à plus de 3 fois ou moins du tiers de la médiane du mois
2021-01-15,Bénin,Atlantique,Abomey-Calavi,Zinvié,Piment rouge sec,KG,19987.69,3846.2,5.2,Prix à plus de 3 fois ou moins du tiers de la médiane du mois
2021-01-15,Bénin,Atlantique,Allada,Sékou,Huile de palmiste,KG,3500.0,933.3,3.75,Prix à plus de 3 fois ou moins du tiers de la médiane du mois
2021-01-15,Bénin,Atlantique,Sô-Ava,So-Ava,Piment rouge sec,KG,17069.23,3846.2,4.44,Prix à plus de 3 fois ou moins du tiers de la médiane du mois
2021-01-15,Bénin,Atlantique,Toffo,Sehoue,Huile de palmiste,KG,3500.0,933.3,3.75,Prix à plus de 3 fois ou moins du tiers de la médiane du mois
2021-01-15,Bénin,Atlantique,Toffo,Sehoue,Légumes-feuilles,KG,72.5,225.5,0.32,Prix à plus de 3 fois ou moins du tiers de la médiane du mois
2021-01-15,Bénin,Atlantique,Zè,Sèdjè-Dénou,Manioc frais,KG,695.0,178.0,3.9,Prix à plus de 3 fois ou moins du tiers de la médiane du mois
2021-01-15,Bénin,Atlantique,Zè,Sèdjè-Dénou,Piment rouge sec,KG,16353.85,3846.2,4.25,Prix à plus de 3 fois ou moins du tiers de la médiane du mois
2021-01-15,Bénin,Borgou,Bembèrèkè,Bembèrèkè,Riz paddy,KG,5000.0,300.0,16.67,Prix à plus de 3 fois ou moins du tiers de la médiane du mois
2021-01-15,Bénin,Borgou,Kalalé,Kalalé,Légumes-feuilles,KG,1084.0,225.5,4.81,Prix à plus de 3 fois ou moins du tiers de la médiane du mois
2021-01-15,Bénin,Borgou,Kalalé,Kalalé,Gombo frais,KG,1012.67,273.3,3.7,Prix à plus de 3 fois ou moins du tiers de la médiane du mois
2021-01-15,Bénin,Borgou,Nikki,Nikki,Mil,KG,115.49,425.3,0.27,Prix à plus de 3 fois ou moins du tiers de la médiane du mois
2021-01-15,Bénin,Borgou,Nikki,Nikki,Igname sèche,KG,80.0,381.7,0.21,Prix à plus de 3 fois ou moins du tiers de la médiane du mois
2021-01-15,Bénin,Borgou,Nikki,Nikki,Igname blanche,KG,81.67,300.0,0.27,Prix à plus de 3 fois ou moins du tiers de la médiane du mois
2021-01-15,Bénin,Borgou,Sinendé,Sinendé,Soja,KG,959.3,290.7,3.3,Prix à plus de 3 fois ou moins du tiers de la médiane du mois
2021-01-15,Bénin,Borgou,Tchaourou,Tchaourou,Mil,KG,121.58,425.3,0.29,Prix à plus de 3 fois ou moins du tiers de la médiane du mois
2021-01-15,Bénin,Couffo,Dogbo,Dogbo,Crevettes,KG,655.0,8812.5,0.07,Prix à plus de 3 fois ou moins du tiers de la médiane du mois
2021-01-15,Bénin,Donga,Bassila,Bassila,Carottes,KG,150.0,500.0,0.3,Prix à plus de 3 fois ou moins du tiers de la médiane du mois
2021-01-15,Bénin,Donga,Djougou,Djougou,Mil,KG,100.31,425.3,0.24,Prix à plus de 3 fois ou moins du tiers de la médiane du mois
2021-01-15,Bénin,Donga,Ouaké,Kassoua-Allah,Mil,KG,101.2,425.3,0.24,Prix à plus de 3 fois ou moins du tiers de la médiane du mois
2021-01-15,Bénin,Littoral,Cotonou,Dantokpa,Igname jaune,KG,3.0,240.0,0.01,Prix à plus de 3 fois ou moins du tiers de la médiane du mois
2021-01-15,Bénin,Mono,Comé,Comé,Banane plantain,KG,121.25,366.7,0.33,Prix à plus de 3 fois ou moins du tiers de la médiane du mois
2021-01-15,Bénin,Ouémé,Adjohoun,Azowlissè,Gombo frais,KG,54.5,273.3,0.2,Prix à plus de 3 fois ou moins du tiers de la médiane du mois
2021-01-15,Bénin,Ouémé,Bonou,Affamè,Gombo frais,KG,80.0,273.3,0.29,Prix à plus de 3 fois ou moins du tiers de la médiane du mois
2021-01-15,Bénin,Ouémé,Dangbo,Dangbo,Manioc frais,KG,600.0,178.0,3.37,Prix à plus de 3 fois ou moins du tiers de la médiane du mois
2021-01-15,Bénin,Ouémé,Dangbo,Dangbo,Mil,KG,2068.97,425.3,4.86,Prix à plus de 3 fois ou moins du tiers de la médiane du mois
2021-01-15,Bénin,Ouémé,Dangbo,Dangbo,Taro,KG,600.0,191.2,3.14,Prix à plus de 3 fois ou moins du tiers de la médiane du mois
2021-01-15,Bénin,Ouémé,Dangbo,Dangbo,Igname sèche,KG,1500.0,381.7,3.93,Prix à plus de 3 fois ou moins du tiers de la médiane du mois
2021-01-15,Bénin,Ouémé,Dangbo,Dangbo,Igname blanche,KG,1800.0,300.0,6.0,Prix à plus de 3 fois ou moins du tiers de la médiane du mois
2021-01-15,Bénin,Ouémé,Dangbo,Dangbo,Crevettes,KG,1200.0,8812.5,0.14,Prix à plus de 3 fois ou moins du tiers de la médiane du mois
2021-01-15,Bénin,Ouémé,Dangbo,Dangbo,Légumes-feuilles,KG,800.0,225.5,3.55,Prix à plus de 3 fois ou moins du tiers de la médiane du mois
2021-01-15,Bénin,Plateau,Adja-Ouèrè,Tatonnoukon,Crevettes,KG,120.0,8812.5,0.01,Prix à plus de 3 fois ou moins du tiers de la médiane du mois
2021-01-15,Bénin,Plateau,Adja-Ouèrè,Tatonnoukon,Carottes,KG,140.0,500.0,0.28,Prix à plus de 3 fois ou moins du tiers de la médiane du mois
2021-01-15,Bénin,Plateau,Kétou,Kétou,Papaye,KG,687.5,186.2,3.69,Prix à plus de 3 fois ou moins du tiers de la médiane du mois
2021-01-15,Bénin,Plateau,Pobè,Pobè,Piment rouge sec,KG,11923.08,3846.2,3.1,Prix à plus de 3 fois ou moins du tiers de la médiane du mois
2021-01-15,Bénin,Plateau,Sakété,Yoko,Pommes de terre,KG,261.75,800.0,0.33,Prix à plus de 3 fois ou moins du tiers de la médiane du mois
2021-01-15,Bénin,Plateau,Sakété,Yoko,Légumes-feuilles,KG,73.0,225.5,0.32,Prix à plus de 3 fois ou moins du tiers de la médiane du mois
2021-01-15,Bénin,Plateau,Sakété,Yoko,Gombo frais,KG,79.25,273.3,0.29,Prix à plus de 3 fois ou moins du tiers de la médiane du mois
2021-01-15,Bénin,Plateau,Sakété,Yoko,Piment rouge sec,KG,16361.54,3846.2,4.25,Prix à plus de 3 fois ou moins du tiers de la médiane du mois
2021-01-15,Bénin,Zou,Covè,Covè,Igname sèche,KG,1500.0,381.7,3.93,Prix à plus de 3 fois ou moins du tiers de la médiane du mois
2021-01-15,Bénin,Zou,Covè,Covè,Oignons,KG,1600.0,416.7,3.84,Prix à plus de 3 fois ou moins du tiers de la médiane du mois
2021-01-15,Bénin,Zou,Covè,Covè,Piment rouge sec,KG,500.0,3846.2,0.13,Prix à plus de 3 fois ou moins du tiers de la médiane du mois
2021-01-15,Bénin,Zou,Zangnanado,Kpedekpo,Igname,KG,63.75,250.0,0.26,Prix à plus de 3 fois ou moins du tiers de la médiane du mois
2021-01-15,Bénin,Zou,Zangnanado,Kpedekpo,Igname blanche,KG,93.75,300.0,0.31,Prix à plus de 3 fois ou moins du tiers de la médiane du mois
2021-02-15,Bénin,Alibori,Malanville,Malanville (CBM),Oignons,KG,97.33,300.0,0.32,Prix à plus de 3 fois ou moins du tiers de la médiane du mois
2021-02-15,Bénin,Atlantique,Abomey-Calavi,Zinvié,Piment rouge sec,KG,21506.15,3846.2,5.59,Prix à plus de 3 fois ou moins du tiers de la médiane du mois
2021-02-15,Bénin,Atlantique,Sô-Ava,So-Ava,Piment rouge sec,KG,21843.59,3846.2,5.68,Prix à plus de 3 fois ou moins du tiers de la médiane du mois
2021-02-15,Bénin,Atlantique,Toffo,Sehoue,Huile de palmiste,KG,3500.0,887.5,3.94,Prix à plus de 3 fois ou moins du tiers de la médiane du mois
2021-02-15,Bénin,Atlantique,Zè,Sèdjè-Dénou,Manioc frais,KG,691.67,200.0,3.46,Prix à plus de 3 fois ou moins du tiers de la médiane du mois
2021-02-15,Bénin,Atlantique,Zè,Sèdjè-Dénou,Piment rouge sec,KG,16351.28,3846.2,4.25,Prix à plus de 3 fois ou moins du tiers de la médiane du mois
2021-02-15,Bénin,Borgou,Bembèrèkè,Bembèrèkè,Riz paddy,KG,5000.0,337.0,14.84,Prix à plus de 3 fois ou moins du tiers de la médiane du mois
2021-02-15,Bénin,Borgou,Kalalé,Kalalé,Igname sèche,KG,117.0,408.8,0.29,Prix à plus de 3 fois ou moins du tiers de la médiane du mois
2021-02-15,Bénin,Borgou,Kalalé,Kalalé,Gombo frais,KG,742.0,238.1,3.12,Prix à plus de 3 fois ou moins du tiers de la médiane du mois
2021-02-15,Bénin,Borgou,Nikki,Nikki,Mil,KG,107.28,398.0,0.27,Prix à plus de 3 fois ou moins du tiers de la médiane du mois
2021-02-15,Bénin,Borgou,Nikki,Nikki,Igname sèche,KG,80.0,408.8,0.2,Prix à plus de 3 fois ou moins du tiers de la médiane du mois
2021-02-15,Bénin,Borgou,Nikki,Nikki,Igname blanche,KG,88.75,308.3,0.29,Prix à plus de 3 fois ou moins du tiers de la médiane du mois
2021-02-15,Bénin,Borgou,Sinendé,Sinendé,Soja,KG,1133.72,290.7,3.9,Prix à plus de 3 fois ou moins du tiers de la médiane du mois
2021-02-15,Bénin,Borgou,Tchaourou,Tchaourou,Mil,KG,122.59,398.0,0.31,Prix à plus de 3 fois ou moins du tiers de la médiane du mois
2021-02-15,Bénin,Collines,Savalou,Savalou,Escargots,KG,3250.0,950.0,3.42,Prix à plus de 3 fois ou moins du tiers de la médiane du mois
2021-02-15,Bénin,Couffo,Klouékanmè,Klouékanmè,Citrons,KG,110.0,336.9,0.33,Prix à plus de 3 fois ou moins du tiers de la médiane du mois
2021-02-15,Bénin,Donga,Djougou,Djougou,Mil,KG,100.31,398.0,0.25,Prix à plus de 3 fois ou moins du tiers de la médiane du mois
2021-02-15,Bénin,Donga,Ouaké,Kassoua-Allah,Mil,KG,107.6,398.0,0.27,Prix à plus de 3 fois ou moins du tiers de la médiane du mois
2021-02-15,Bénin,Ouémé,Adjohoun,Azowlissè,Gombo frais,KG,65.5,238.1,0.28,Prix à plus de 3 fois ou moins du tiers de la médiane du mois
2021-02-15,Bénin,Ouémé,Bonou,Affamè,Gombo frais,KG,70.0,238.1,0.29,Prix à plus de 3 fois ou moins du tiers de la médiane du mois
2021-02-15,Bénin,Ouémé,Dangbo,Dangbo,Igname blanche,KG,1650.0,308.3,5.35,Prix à plus de 3 fois ou moins du tiers de la médiane du mois
2021-02-15,Bénin,Ouémé,Dangbo,Dangbo,Crevettes,KG,1425.0,9500.0,0.15,Prix à plus de 3 fois ou moins du tiers de la médiane du mois
2021-02-15,Bénin,Ouémé,Dangbo,Dangbo,Légumes-feuilles,KG,700.0,227.4,3.08,Prix à plus de 3 fois ou moins du tiers de la médiane du mois
2021-02-15,Bénin,Plateau,Pobè,Pobè,Crevettes,KG,2333.33,9500.0,0.25,Prix à plus de 3 fois ou moins du tiers de la médiane du mois
2021-02-15,Bénin,Plateau,Pobè,Pobè,Piment rouge sec,KG,13846.15,3846.2,3.6,Prix à plus de 3 fois ou moins du tiers de la médiane du mois
2021-02-15,Bénin,Plateau,Sakété,Yoko,Gombo frais,KG,70.0,238.1,0.29,Prix à plus de 3 fois ou moins du tiers de la médiane du mois
2021-02-15,Bénin,Plateau,Sakété,Yoko,Piment rouge sec,KG,17692.31,3846.2,4.6,Prix à plus de 3 fois ou moins du tiers de la médiane du mois
2021-02-15,Bénin,Zou,Covè,Covè,Igname sèche,KG,1500.0,408.8,3.67,Prix à plus de 3 fois ou moins du tiers de la médiane du mois
2021-02-15,Bénin,Zou,Covè,Covè,Oignons,KG,1150.0,300.0,3.83,Prix à plus de 3 fois ou moins du tiers de la médiane du mois
2021-02-15,Bénin,Zou,Covè,Covè,Piment rouge sec,KG,500.0,3846.2,0.13,Prix à plus de 3 fois ou moins du tiers de la médiane du mois
2021-02-15,Bénin,Zou,Ouinhi,Dasso,Noix de coco sèche,KG,69.33,320.0,0.22,Prix à plus de 3 fois ou moins du tiers de la médiane du mois
2021-02-15,Bénin,Zou,Zangnanado,Kpedekpo,Igname,KG,75.0,250.0,0.3,Prix à plus de 3 fois ou moins du tiers de la médiane du mois
2021-02-15,Bénin,Zou,Zangnanado,Kpedekpo,Igname blanche,KG,98.75,308.3,0.32,Prix à plus de 3 fois ou moins du tiers de la médiane du mois
2021-03-15,Bénin,Alibori,Malanville,Malanville (CBM),Huile de palmiste,KG,255.0,837.5,0.3,Prix à plus de 3 fois ou moins du tiers de la médiane du mois
2021-03-15,Bénin,Atacora,Cobly,Cobly,Gombo frais,KG,105.0,323.4,0.32,Prix à plus de 3 fois ou moins du tiers de la médiane du mois
2021-03-15,Bénin,Atacora,Natitingou,Natitingou,Igname sèche,KG,133.33,419.6,0.32,Prix à plus de 3 fois ou moins du tiers de la médiane du mois
2021-03-15,Bénin,Atacora,Natitingou,Natitingou,Crevettes,KG,300.0,9375.0,0.03,Prix à plus de 3 fois ou moins du tiers de la médiane du mois
2021-03-15,Bénin,Atacora,Tanguiéta,Tanguiéta,Mil,KG,61.73,383.1,0.16,Prix à plus de 3 fois ou moins du tiers de la médiane du mois
2021-03-15,Bénin,Atacora,Tanguiéta,Tanguiéta,Sorgho,KG,61.73,364.0,0.17,Prix à plus de 3 fois ou moins du tiers de la médiane du mois
2021-03-15,Bénin,Atacora,Tanguiéta,Tanguiéta,Sorgho rouge,KG,69.44,364.0,0.19,Prix à plus de 3 fois ou moins du tiers de la médiane du mois
2021-03-15,Bénin,Atacora,Tanguiéta,Tanguiéta,Pois secs,KG,1529.41,508.6,3.01,Prix à plus de 3 fois ou moins du tiers de la médiane du mois
2021-03-15,Bénin,Atlantique,Sô-Ava,So-Ava,Patate douce,KG,67.0,208.1,0.32,Prix à plus de 3 fois ou moins du tiers de la médiane du mois
2021-03-15,Bénin,Atlantique,Toffo,Sehoue,Huile de palmiste,KG,3500.0,837.5,4.18,Prix à plus de 3 fois ou moins du tiers de la médiane du mois
2021-03-15,Bénin,Atlantique,Toffo,Sehoue,Légumes-feuilles,KG,71.67,237.9,0.3,Prix à plus de 3 fois ou moins du tiers de la médiane du mois
2021-03-15,Bénin,Atlantique,Zè,Sèdjè-Dénou,Manioc frais,KG,695.0,176.7,3.93,Prix à plus de 3 fois ou moins du tiers de la médiane du mois
2021-03-15,Bénin,Borgou,Bembèrèkè,Bembèrèkè,Riz paddy,KG,5000.0,250.0,20.0,Prix à plus de 3 fois ou moins du tiers de la médiane du mois
2021-03-15,Bénin,Borgou,Kalalé,Kalalé,Igname sèche,KG,3374.75,419.6,8.04,Prix à plus de 3 fois ou moins du tiers de la médiane du mois
2021-03-15,Bénin,Borgou,Kalalé,Kalalé,Noix de coco sèche,KG,1011.25,306.9,3.3,Prix à plus de 3 fois ou moins du tiers de la médiane du mois
2021-03-15,Bénin,Borgou,Kalalé,Kalalé,Légumes-feuilles,KG,875.33,237.9,3.68,Prix à plus de 3 fois ou moins du tiers de la médiane du mois
2021-03-15,Bénin,Borgou,Nikki,Nikki,Mil,KG,108.27,383.1,0.28,Prix à plus de 3 fois ou moins du tiers de la médiane du mois
2021-03-15,Bénin,Borgou,Nikki,Nikki,Igname sèche,KG,87.5,419.6,0.21,Prix à plus de 3 fois ou moins du tiers de la médiane du mois
2021-03-15,Bénin,Borgou,Nikki,Nikki,Igname blanche,KG,90.0,340.2,0.26,Prix à plus de 3 fois ou moins du tiers de la médiane du mois
2021-03-15,Bénin,Borgou,Parakou,Parakou,Igname,KG,88.25,275.0,0.32,Prix à plus de 3 fois ou moins du tiers de la médiane du mois
2021-03-15,Bénin,Borgou,Parakou,Parakou,Igname blanche,KG,111.5,340.2,0.33,Prix à plus de 3 fois ou moins du tiers de la médiane du mois
2021-03-15,Bénin,Borgou,Sinendé,Sinendé,Soja,KG,1598.84,326.4,4.9,Prix à plus de 3 fois ou moins du tiers de la médiane du mois
2021-03-15,Bénin,Borgou,Tchaourou,Tchaourou,Mil,KG,120.06,383.1,0.31,Prix à plus de 3 fois ou moins du tiers de la médiane du mois
2021-03-15,Bénin,Collines,Dassa-Zoumè,Dassa-Zoumè,Chou,KG,1500.0,325.0,4.62,Prix à plus de 3 fois ou moins du tiers de la médiane du mois
2021-03-15,Bénin,Collines,Dassa-Zoumè,Dassa-Zoumè,Carottes,KG,1500.0,457.9,3.28,Prix à plus de 3 fois ou moins du tiers de la médiane du mois
2021-03-15,Bénin,Collines,Dassa-Zoumè,Dassa-Zoumè,Oranges,KG,733.33,200.0,3.67,Prix à plus de 3 fois ou moins du tiers de la médiane du mois
2021-03-15,Bénin,Collines,Savalou,Savalou,Escargots,KG,3250.0,1050.0,3.1,Prix à plus de 3 fois ou moins du tiers de la médiane du mois
2021-03-15,Bénin,Couffo,Klouékanmè,Klouékanmè,Citrons,KG,116.67,376.9,0.31,Prix à plus de 3 fois ou moins du tiers de la médiane du mois
2021-03-15,Bénin,Donga,Bassila,Bassila,Citrons,KG,119.6,376.9,0.32,Prix à plus de 3 fois ou moins du tiers de la médiane du mois
2021-03-15,Bénin,Donga,Djougou,Djougou,Mil,KG,84.1,383.1,0.22,Prix à plus de 3 fois ou moins du tiers de la médiane du mois
2021-03-15,Bénin,Donga,Ouaké,Kassoua-Allah,Mil,KG,120.32,383.1,0.31,Prix à plus de 3 fois ou moins du tiers de la médiane du mois
2021-03-15,Bénin,Mono,Comé,Comé,Banane plantain,KG,140.0,450.2,0.31,Prix à plus de 3 fois ou moins du tiers de la médiane du mois
2021-03-15,Bénin,Ouémé,Bonou,Affamè,Gombo frais,KG,66.67,323.4,0.21,Prix à plus de 3 fois ou moins du tiers de la médiane du mois
2021-03-15,Bénin,Ouémé,Dangbo,Dangbo,Crevettes,KG,2540.0,9375.0,0.27,Prix à plus de 3 fois ou moins du tiers de la médiane du mois
2021-03-15,Bénin,Plateau,Adja-Ouèrè,Tatonnoukon,Igname,KG,1092.5,275.0,3.97,Prix à plus de 3 fois ou moins du tiers de la médiane du mois
2021-03-15,Bénin,Plateau,Adja-Ouèrè,Tatonnoukon,Tomates,KG,1800.0,382.3,4.71,Prix à plus de 3 fois ou moins du tiers de la médiane du mois
2021-03-15,Bénin,Plateau,Pobè,Pobè,Crevettes,KG,2280.0,9375.0,0.24,Prix à plus de 3 fois ou moins du tiers de la médiane du mois
2021-03-15,Bénin,Plateau,Sakété,Yoko,Carottes,KG,71.25,457.9,0.16,Prix à plus de 3 fois ou moins du tiers de la médiane du mois
2021-03-15,Bénin,Plateau,Sakété,Yoko,Citrons,KG,115.75,376.9,0.31,Prix à plus de 3 fois ou moins du tiers de la médiane du mois
2021-03-15,Bénin,Plateau,Sakété,Yoko,Gombo frais,KG,63.0,323.4,0.19,Prix à plus de 3 fois ou moins du tiers de la médiane du mois
2021-03-15,Bénin,Zou,Abomey,Abomey,Igname blanche,KG,1100.0,340.2,3.23,Prix à plus de 3 fois ou moins du tiers de la médiane du mois
2021-03-15,Bénin,Zou,Abomey,Abomey,Chou,KG,1089.5,325.0,3.35,Prix à plus de 3 fois ou moins du tiers de la médiane du mois
2021-03-15,Bénin,Zou,Bohicon,Bohicon,Chou,KG,1050.0,325.0,3.23,Prix à plus de 3 fois ou moins du tiers de la médiane du mois
2021-03-15,Bénin,Zou,Covè,Covè,Igname sèche,KG,1466.67,419.6,3.5,Prix à plus de 3 fois ou moins du tiers de la médiane du mois
2021-03-15,Bénin,Zou,Covè,Covè,Igname blanche,KG,1033.33,340.2,3.04,Prix à plus de 3 fois ou moins du tiers de la médiane du mois
2021-03-15,Bénin,Zou,Covè,Covè,Chou,KG,1000.0,325.0,3.08,Prix à plus de 3 fois ou moins du tiers de la médiane du mois
2021-03-15,Bénin,Zou,Ouinhi,Dasso,Oignons,KG,1017.5,249.6,4.08,Prix à plus de 3 fois ou moins du tiers de la médiane du mois
2021-03-15,Bénin,Zou,Zangnanado,Kpedekpo,Patate douce,KG,1450.0,208.1,6.97,Prix à plus de 3 fois ou moins du tiers de la médiane du mois
2021-04-15,Bénin,Alibori,Banikoara,Banikoara,Patate douce,KG,518.25,165.0,3.14,Prix à plus de 3 fois ou moins du tiers de la médiane du mois
2021-04-15,Bénin,Atacora,Cobly,Cobly,Gombo frais,KG,100.0,305.1,0.33,Prix à plus de 3 fois ou moins du tiers de la médiane du mois
2021-04-15,Bénin,Atacora,Natitingou,Natitingou,Crevettes,KG,300.0,8400.0,0.04,Prix à plus de 3 fois ou moins du tiers de la médiane du mois
2021-04-15,Bénin,Atlantique,Toffo,Sehoue,Huile de palmiste,KG,3500.0,850.0,4.12,Prix à plus de 3 fois ou moins du tiers de la médiane du mois
2021-04-15,Bénin,Atlantique,Zè,Sèdjè-Dénou,Manioc frais,KG,695.0,175.0,3.97,Prix à plus de 3 fois ou moins du tiers de la médiane du mois
2021-04-15,Bénin,Atlantique,Zè,Zè,Légumes-feuilles,KG,61.5,233.5,0.26,Prix à plus de 3 fois ou moins du tiers de la médiane du mois
2021-04-15,Bénin,Borgou,Bembèrèkè,Bembèrèkè,Riz paddy,KG,5000.0,318.8,15.69,Prix à plus de 3 fois ou moins du tiers de la médiane du mois
2021-04-15,Bénin,Borgou,Kalalé,Kalalé,Igname sèche,KG,3400.0,477.5,7.12,Prix à plus de 3 fois ou moins du tiers de la médiane du mois
2021-04-15,Bénin,Borgou,Kalalé,Kalalé,Noix de coco sèche,KG,1010.0,326.9,3.09,Prix à plus de 3 fois ou moins du tiers de la médiane du mois
2021-04-15,Bénin,Borgou,Kalalé,Kalalé,Gombo frais,KG,1047.2,305.1,3.43,Prix à plus de 3 fois ou moins du tiers de la médiane du mois
2021-04-15,Bénin,Borgou,Nikki,Nikki,Mil,KG,116.14,402.3,0.29,Prix à plus de 3 fois ou moins du tiers de la médiane du mois
2021-04-15,Bénin,Borgou,Nikki,Nikki,Igname sèche,KG,90.0,477.5,0.19,Prix à plus de 3 fois ou moins du tiers de la médiane du mois
2021-04-15,Bénin,Borgou,Nikki,Nikki,Igname blanche,KG,90.0,379.1,0.24,Prix à plus de 3 fois ou moins du tiers de la médiane du mois
2021-04-15,Bénin,Borgou,Parakou,Parakou,Igname,KG,91.0,293.8,0.31,Prix à plus de 3 fois ou moins du tiers de la médiane du mois
2021-04-15,Bénin,Borgou,Parakou,Parakou,Igname blanche,KG,105.0,379.1,0.28,Prix à plus de 3 fois ou moins du tiers de la médiane du mois
2021-04-15,Bénin,Borgou,Sinendé,Sinendé,Soja,KG,1744.19,356.1,4.9,Prix à plus de 3 fois ou moins du tiers de la médiane du mois
2021-04-15,Bénin,Borgou,Sinendé,Sinendé,Citrons,KG,93.33,431.9,0.22,Prix à plus de 3 fois ou moins du tiers de la médiane du mois
2021-04-15,Bénin,Borgou,Tchaourou,Tchaourou,Mil,KG,120.82,402.3,0.3,Prix à plus de 3 fois ou moins du tiers de la médiane du mois
2021-04-15,Bénin,Collines,Dassa-Zoumè,Dassa-Zoumè,Patate douce,KG,633.33,165.0,3.84,Prix à plus de 3 fois ou moins du tiers de la médiane du mois
2021-04-15,Bénin,Collines,Dassa-Zoumè,Dassa-Zoumè,Oranges,KG,766.67,199.3,3.85,Prix à plus de 3 fois ou moins du tiers de la médiane du mois
2021-04-15,Bénin,Collines,Savalou,Savalou,Escargots,KG,3333.33,1050.0,3.17,Prix à plus de 3 fois ou moins du tiers de la médiane du mois
2021-04-15,Bénin,Couffo,Klouékanmè,Klouékanmè,Citrons,KG,115.0,431.9,0.27,Prix à plus de 3 fois ou moins du tiers de la médiane du mois
2021-04-15,Bénin,Donga,Djougou,Djougou,Mil,KG,86.42,402.3,0.21,Prix à plus de 3 fois ou moins du tiers de la médiane du mois
2021-04-15,Bénin,Mono,Comé,Comé,Banane plantain,KG,157.5,481.2,0.33,Prix à plus de 3 fois ou moins du tiers de la médiane du mois
2021-04-15,Bénin,Ouémé,Bonou,Affamè,Gombo frais,KG,71.67,305.1,0.23,Prix à plus de 3 fois ou moins du tiers de la médiane du mois
2021-04-15,Bénin,Ouémé,Dangbo,Dangbo,Crevettes,KG,2675.0,8400.0,0.32,Prix à plus de 3 fois ou moins du tiers de la médiane du mois
2021-04-15,Bénin,Plateau,Adja-Ouèrè,Tatonnoukon,Igname,KG,1800.0,293.8,6.13,Prix à plus de 3 fois ou moins du tiers de la médiane du mois
2021-04-15,Bénin,Plateau,Adja-Ouèrè,Tatonnoukon,Gombo frais,KG,90.0,305.1,0.29,Prix à plus de 3 fois ou moins du tiers de la médiane du mois
2021-04-15,Bénin,Plateau,Adja-Ouèrè,Tatonnoukon,Tomates,KG,1742.5,455.0,3.83,Prix à plus de 3 fois ou moins du tiers de la médiane du mois
2021-04-15,Bénin,Plateau,Sakété,Yoko,Carottes,KG,67.0,487.5,0.14,Prix à plus de 3 fois ou moins du tiers de la médiane du mois
2021-04-15,Bénin,Plateau,Sakété,Yoko,Légumes-feuilles,KG,62.5,233.5,0.27,Prix à plus de 3 fois ou moins du tiers de la médiane du mois
2021-04-15,Bénin,Zou,Abomey,Abomey,Crevettes,KG,816.67,8400.0,0.1,Prix à plus de 3 fois ou moins du tiers de la médiane du mois
2021-04-15,Bénin,Zou,Abomey,Abomey,Chou,KG,1112.5,365.0,3.05,Prix à plus de 3 fois ou moins du tiers de la médiane du mois
2021-04-15,Bénin,Zou,Covè,Covè,Igname sèche,KG,1500.0,477.5,3.14,Prix à plus de 3 fois ou moins du tiers de la médiane du mois
2021-04-15,Bénin,Zou,Covè,Covè,Igname blanche,KG,1350.0,379.1,3.56,Prix à plus de 3 fois ou moins du tiers de la médiane du mois
2021-04-15,Bénin,Zou,Zangnanado,Kpedekpo,Igname,KG,90.0,293.8,0.31,Prix à plus de 3 fois ou moins du tiers de la médiane du mois
2021-04-15,Bénin,Zou,Zangnanado,Kpedekpo,Igname blanche,KG,116.25,379.1,0.31,Prix à plus de 3 fois ou moins du tiers de la médiane du mois
2021-05-15,Bénin,Atacora,Cobly,Cobly,Gombo frais,KG,90.0,372.5,0.24,Prix à plus de 3 fois ou moins du tiers de la médiane du mois
2021-05-15,Bénin,Atacora,Cobly,Cobly,Tomates,KG,121.5,533.3,0.23,Prix à plus de 3 fois ou moins du tiers de la médiane du mois
2021-05-15,Bénin,Atlantique,Toffo,Sehoue,Huile de palmiste,KG,3500.0,900.0,3.89,Prix à plus de 3 fois ou moins du tiers de la médiane du mois
2021-05-15,Bénin,Atlantique,Zè,Zè,Légumes-feuilles,KG,74.67,254.4,0.29,Prix à plus de 3 fois ou moins du tiers de la médiane du mois
2021-05-15,Bénin,Borgou,Bembèrèkè,Bembèrèkè,Riz paddy,KG,5000.0,350.0,14.29,Prix à plus de 3 fois ou moins du tiers de la médiane du mois
2021-05-15,Bénin,Borgou,Bembèrèkè,Bembèrèkè,Igname blanche,KG,135.0,412.5,0.33,Prix à plus de 3 fois ou moins du tiers de la médiane du mois
2021-05-15,Bénin,Borgou,Kalalé,Kalalé,Igname sèche,KG,4166.67,472.9,8.81,Prix à plus de 3 fois ou moins du tiers de la médiane du mois
2021-05-15,Bénin,Borgou,Kalalé,Kalalé,Noix de coco sèche,KG,1297.33,300.0,4.32,Prix à plus de 3 fois ou moins du tiers de la médiane du mois
2021-05-15,Bénin,Borgou,Kalalé,Kalalé,Gombo frais,KG,1701.5,372.5,4.57,Prix à plus de 3 fois ou moins du tiers de la médiane du mois
2021-05-15,Bénin,Borgou,Nikki,Nikki,Mil,KG,131.23,411.9,0.32,Prix à plus de 3 fois ou moins du tiers de la médiane du mois
2021-05-15,Bénin,Borgou,Nikki,Nikki,Igname sèche,KG,93.33,472.9,0.2,Prix à plus de 3 fois ou moins du tiers de la médiane du mois
2021-05-15,Bénin,Borgou,Nikki,Nikki,Igname blanche,KG,90.0,412.5,0.22,Prix à plus de 3 fois ou moins du tiers de la médiane du mois
2021-05-15,Bénin,Borgou,Parakou,Parakou,Igname,KG,90.8,324.2,0.28,Prix à plus de 3 fois ou moins du tiers de la médiane du mois
2021-05-15,Bénin,Borgou,Parakou,Parakou,Igname blanche,KG,117.6,412.5,0.29,Prix à plus de 3 fois ou moins du tiers de la médiane du mois
2021-05-15,Bénin,Borgou,Sinendé,Sinendé,Soja,KG,1744.19,377.9,4.62,Prix à plus de 3 fois ou moins du tiers de la médiane du mois
2021-05-15,Bénin,Borgou,Tchaourou,Tchaourou,Mil,KG,127.66,411.9,0.31,Prix à plus de 3 fois ou moins du tiers de la médiane du mois
2021-05-15,Bénin,Couffo,Klouékanmè,Klouékanmè,Citrons,KG,120.0,441.7,0.27,Prix à plus de 3 fois ou moins du tiers de la médiane du mois
2021-05-15,Bénin,Couffo,Klouékanmè,Klouékanmè,Tomates,KG,170.0,533.3,0.32,Prix à plus de 3 fois ou moins du tiers de la médiane du mois
2021-05-15,Bénin,Donga,Djougou,Djougou,Mil,KG,101.85,411.9,0.25,Prix à plus de 3 fois ou moins du tiers de la médiane du mois
2021-05-15,Bénin,Mono,Comé,Comé,Manioc frais,KG,66.25,212.5,0.31,Prix à plus de 3 fois ou moins du tiers de la médiane du mois
2021-05-15,Bénin,Mono,Comé,Comé,Banane plantain,KG,167.5,564.6,0.3,Prix à plus de 3 fois ou moins du tiers de la médiane du mois
2021-05-15,Bénin,Ouémé,Adjohoun,Azowlissè,Légumes-feuilles,KG,73.25,254.4,0.29,Prix à plus de 3 fois ou moins du tiers de la médiane du mois
2021-05-15,Bénin,Ouémé,Bonou,Affamè,Noix de coco sèche,KG,85.0,300.0,0.28,Prix à plus de 3 fois ou moins du tiers de la médiane du mois
2021-05-15,Bénin,Plateau,Adja-Ouèrè,Tatonnoukon,Igname,KG,1500.0,324.2,4.63,Prix à plus de 3 fois ou moins du tiers de la médiane du mois
2021-05-15,Bénin,Plateau,Adja-Ouèrè,Tatonnoukon,Gombo frais,KG,90.0,372.5,0.24,Prix à plus de 3 fois ou moins du tiers de la médiane du mois
2021-05-15,Bénin,Plateau,Adja-Ouèrè,Tatonnoukon,Tomates,KG,3000.0,533.3,5.63,Prix à plus de 3 fois ou moins du tiers de la médiane du mois
2021-05-15,Bénin,Plateau,Pobè,Pobè,Crevettes,KG,2700.0,8625.0,0.31,Prix à plus de 3 fois ou moins du tiers de la médiane du mois
2021-05-15,Bénin,Zou,Abomey,Abomey,Patate douce,KG,933.33,205.0,4.55,Prix à plus de 3 fois ou moins du tiers de la médiane du mois
2021-05-15,Bénin,Zou,Abomey,Abomey,Igname blanche,KG,1333.33,412.5,3.23,Prix à plus de 3 fois ou moins du tiers de la médiane du mois
2021-05-15,Bénin,Zou,Abomey,Abomey,Crevettes,KG,1625.0,8625.0,0.19,Prix à plus de 3 fois ou moins du tiers de la médiane du mois
2021-05-15,Bénin,Zou,Abomey,Abomey,Chou,KG,1337.5,410.0,3.26,Prix à plus de 3 fois ou moins du tiers de la médiane du mois
2021-05-15,Bénin,Zou,Abomey,Abomey,Papaye,KG,966.67,253.1,3.82,Prix à plus de 3 fois ou moins du tiers de la médiane du mois
2021-05-15,Bénin,Zou,Covè,Covè,Igname sèche,KG,1500.0,472.9,3.17,Prix à plus de 3 fois ou moins du tiers de la médiane du mois
2021-05-15,Bénin,Zou,Covè,Covè,Igname blanche,KG,1500.0,412.5,3.64,Prix à plus de 3 fois ou moins du tiers de la médiane du mois
2021-05-15,Bénin,Zou,Zangnanado,Kpedekpo,Oranges,KG,61.25,202.7,0.3,Prix à plus de 3 fois ou moins du tiers de la médiane du mois
2021-06-15,Bénin,Atlantique,Allada,Sékou,Oranges,KG,48.33,175.0,0.28,Prix à plus de 3 fois ou moins du tiers de la médiane du mois
2021-06-15,Bénin,Atlantique,Toffo,Sehoue,Huile de palmiste,KG,3650.0,870.8,4.19,Prix à plus de 3 fois ou moins du tiers de la médiane du mois
2021-06-15,Bénin,Atlantique,Zè,Sèdjè-Dénou,Manioc frais,KG,695.0,175.0,3.97,Prix à plus de 3 fois ou moins du tiers de la médiane du mois
2021-06-15,Bénin,Atlantique,Zè,Zè,Légumes-feuilles,KG,69.0,240.0,0.29,Prix à plus de 3 fois ou moins du tiers de la médiane du mois
2021-06-15,Bénin,Borgou,Bembèrèkè,Bembèrèkè,Riz paddy,KG,5000.0,250.0,20.0,Prix à plus de 3 fois ou moins du tiers de la médiane du mois
2021-06-15,Bénin,Borgou,Bembèrèkè,Bembèrèkè,Igname sèche,KG,130.0,512.5,0.25,Prix à plus de 3 fois ou moins du tiers de la médiane du mois
2021-06-15,Bénin,Borgou,Kalalé,Kalalé,Igname sèche,KG,4416.5,512.5,8.62,Prix à plus de 3 fois ou moins du tiers de la médiane du mois
2021-06-15,Bénin,Borgou,Nikki,Nikki,Mil,KG,123.03,428.6,0.29,Prix à plus de 3 fois ou moins du tiers de la médiane du mois
2021-06-15,Bénin,Borgou,Nikki,Nikki,Igname sèche,KG,90.0,512.5,0.18,Prix à plus de 3 fois ou moins du tiers de la médiane du mois
2021-06-15,Bénin,Borgou,Nikki,Nikki,Igname blanche,KG,90.0,406.2,0.22,Prix à plus de 3 fois ou moins du tiers de la médiane du mois
2021-06-15,Bénin,Borgou,Parakou,Parakou,Igname,KG,94.5,356.4,0.27,Prix à plus de 3 fois ou moins du tiers de la médiane du mois
2021-06-15,Bénin,Borgou,Parakou,Parakou,Igname blanche,KG,111.5,406.2,0.27,Prix à plus de 3 fois ou moins du tiers de la médiane du mois
2021-06-15,Bénin,Borgou,Sinendé,Sinendé,Soja,KG,1744.19,421.4,4.14,Prix à plus de 3 fois ou moins du tiers de la médiane du mois
2021-06-15,Bénin,Borgou,Tchaourou,Tchaourou,Mil,KG,125.38,428.6,0.29,Prix à plus de 3 fois ou moins du tiers de la médiane du mois
2021-06-15,Bénin,Collines,Glazoué,Glazoué,Escargots,KG,395.4,1490.0,0.27,Prix à plus de 3 fois ou moins du tiers de la médiane du mois
2021-06-15,Bénin,Donga,Bassila,Bassila,Carottes,KG,200.0,692.9,0.29,Prix à plus de 3 fois ou moins du tiers de la médiane du mois
2021-06-15,Bénin,Donga,Djougou,Djougou,Mil,KG,106.48,428.6,0.25,Prix à plus de 3 fois ou moins du tiers de la médiane du mois
2021-06-15,Bénin,Mono,Comé,Comé,Banane plantain,KG,180.0,577.0,0.31,Prix à plus de 3 fois ou moins du tiers de la médiane du mois
2021-06-15,Bénin,Ouémé,Adjohoun,Azowlissè,Légumes-feuilles,KG,52.5,240.0,0.22,Prix à plus de 3 fois ou moins du tiers de la médiane du mois
2021-06-15,Bénin,Ouémé,Bonou,Affamè,Noix de coco sèche,KG,80.0,362.2,0.22,Prix à plus de 3 fois ou moins du tiers de la médiane du mois
2021-06-15,Bénin,Ouémé,Bonou,Affamè,Oignons,KG,90.0,362.4,0.25,Prix à plus de 3 fois ou moins du tiers de la médiane du mois
2021-06-15,Bénin,Plateau,Adja-Ouèrè,Tatonnoukon,Igname,KG,2000.0,356.4,5.61,Prix à plus de 3 fois ou moins du tiers de la médiane du mois
2021-06-15,Bénin,Plateau,Adja-Ouèrè,Tatonnoukon,Gombo frais,KG,90.0,375.0,0.24,Prix à plus de 3 fois ou moins du tiers de la médiane du mois
2021-06-15,Bénin,Plateau,Adja-Ouèrè,Tatonnoukon,Oignons,KG,2000.0,362.4,5.52,Prix à plus de 3 fois ou moins du tiers de la médiane du mois
2021-06-15,Bénin,Plateau,Adja-Ouèrè,Tatonnoukon,Tomates,KG,3000.0,643.8,4.66,Prix à plus de 3 fois ou moins du tiers de la médiane du mois
2021-06-15,Bénin,Zou,Abomey,Abomey,Crevettes,KG,2025.0,8333.3,0.24,Prix à plus de 3 fois ou moins du tiers de la médiane du mois
2021-06-15,Bénin,Zou,Abomey,Abomey,Papaye,KG,1137.5,254.2,4.48,Prix à plus de 3 fois ou moins du tiers de la médiane du mois
2021-06-15,Bénin,Zou,Covè,Covè,Oignons,KG,1100.0,362.4,3.04,Prix à plus de 3 fois ou moins du tiers de la médiane du mois
2021-06-15,Bénin,Zou,Ouinhi,Dasso,Tomates,KG,171.5,643.8,0.27,Prix à plus de 3 fois ou moins du tiers de la médiane du mois
2021-06-15,Bénin,Zou,Zangnanado,Kpedekpo,Farine d'igname,KG,186.57,895.5,0.21,Prix à plus de 3 fois ou moins du tiers de la médiane du mois
2021-06-15,Bénin,Zou,Zangnanado,Kpedekpo,Gombo frais,KG,92.5,375.0,0.25,Prix à plus de 3 fois ou moins du tiers de la médiane du mois
2021-06-15,Bénin,Zou,Zangnanado,Kpedekpo,Oranges,KG,52.5,175.0,0.3,Prix à plus de 3 fois ou moins du tiers de la médiane du mois
2021-06-15,Bénin,Zou,Zangnanado,Kpedekpo,Tomates,KG,177.5,643.8,0.28,Prix à plus de 3 fois ou moins du tiers de la médiane du mois
2021-07-15,Bénin,Atlantique,Allada,Sékou,Oranges,KG,30.0,175.0,0.17,Prix à plus de 3 fois ou moins du tiers de la médiane du mois
2021-07-15,Bénin,Atlantique,Toffo,Sehoue,Huile de palmiste,KG,3800.0,905.0,4.2,Prix à plus de 3 fois ou moins du tiers de la médiane du mois
2021-07-15,Bénin,Atlantique,Zè,Sèdjè-Dénou,Manioc frais,KG,693.75,191.2,3.63,Prix à plus de 3 fois ou moins du tiers de la médiane du mois
2021-07-15,Bénin,Borgou,Bembèrèkè,Bembèrèkè,Riz paddy,KG,5333.33,229.3,23.26,Prix à plus de 3 fois ou moins du tiers de la médiane du mois
2021-07-15,Bénin,Borgou,Bembèrèkè,Bembèrèkè,Igname blanche,KG,145.0,465.0,0.31,Prix à plus de 3 fois ou moins du tiers de la médiane du mois
2021-07-15,Bénin,Borgou,Kalalé,Kalalé,Igname sèche,KG,4533.2,512.5,8.85,Prix à plus de 3 fois ou moins du tiers de la médiane du mois
2021-07-15,Bénin,Borgou,Nikki,Nikki,Mil,KG,137.8,459.8,0.3,Prix à plus de 3 fois ou moins du tiers de la médiane du mois
2021-07-15,Bénin,Borgou,Nikki,Nikki,Igname sèche,KG,90.0,512.5,0.18,Prix à plus de 3 fois ou moins du tiers de la médiane du mois
2021-07-15,Bénin,Borgou,Nikki,Nikki,Igname blanche,KG,90.0,465.0,0.19,Prix à plus de 3 fois ou moins du tiers de la médiane du mois
2021-07-15,Bénin,Borgou,Parakou,Parakou,Igname,KG,99.5,348.2,0.29,Prix à plus de 3 fois ou moins du tiers de la médiane du mois
2021-07-15,Bénin,Borgou,Parakou,Parakou,Igname blanche,KG,109.5,465.0,0.24,Prix à plus de 3 fois ou moins du tiers de la médiane du mois
2021-07-15,Bénin,Borgou,Sinendé,Sinendé,Soja,KG,2470.93,465.1,5.31,Prix à plus de 3 fois ou moins du tiers de la médiane du mois
2021-07-15,Bénin,Borgou,Tchaourou,Tchaourou,Mil,KG,125.76,459.8,0.27,Prix à plus de 3 fois ou moins du tiers de la médiane du mois
2021-07-15,Bénin,Collines,Savalou,Savalou,Escargots,KG,2875.0,950.0,3.03,Prix à plus de 3 fois ou moins du tiers de la médiane du mois
2021-07-15,Bénin,Couffo,Dogbo,Dogbo,Manioc frais,KG,600.0,191.2,3.14,Prix à plus de 3 fois ou moins du tiers de la médiane du mois
2021-07-15,Bénin,Donga,Djougou,Djougou,Mil,KG,109.95,459.8,0.24,Prix à plus de 3 fois ou moins du tiers de la médiane du mois
2021-07-15,Bénin,Mono,Comé,Comé,Manioc frais,KG,60.0,191.2,0.31,Prix à plus de 3 fois ou moins du tiers de la médiane du mois
2021-07-15,Bénin,Mono,Comé,Comé,Banane plantain,KG,152.5,627.5,0.24,Prix à plus de 3 fois ou moins du tiers de la médiane du mois
2021-07-15,Bénin,Ouémé,Bonou,Affamè,Gombo frais,KG,70.0,322.5,0.22,Prix à plus de 3 fois ou moins du tiers de la médiane du mois
2021-07-15,Bénin,Ouémé,Bonou,Affamè,Oignons,KG,126.67,400.0,0.32,Prix à plus de 3 fois ou moins du tiers de la médiane du mois
2021-07-15,Bénin,Plateau,Adja-Ouèrè,Tatonnoukon,Igname,KG,2000.0,348.2,5.74,Prix à plus de 3 fois ou moins du tiers de la médiane du mois
2021-07-15,Bénin,Plateau,Adja-Ouèrè,Tatonnoukon,Gombo frais,KG,90.0,322.5,0.28,Prix à plus de 3 fois ou moins du tiers de la médiane du mois
2021-07-15,Bénin,Plateau,Adja-Ouèrè,Tatonnoukon,Tomates,KG,3000.0,587.5,5.11,Prix à plus de 3 fois ou moins du tiers de la médiane du mois
2021-07-15,Bénin,Zou,Abomey,Abomey,Crevettes,KG,1700.0,8125.0,0.21,Prix à plus de 3 fois ou moins du tiers de la médiane du mois
2021-07-15,Bénin,Zou,Abomey,Abomey,Papaye,KG,1233.33,245.0,5.03,Prix à plus de 3 fois ou moins du tiers de la médiane du mois
2021-07-15,Bénin,Zou,Covè,Covè,Oignons,KG,1325.0,400.0,3.31,Prix à plus de 3 fois ou moins du tiers de la médiane du mois
2021-08-15,Bénin,Atlantique,Toffo,Sehoue,Huile de palmiste,KG,3800.0,900.0,4.22,Prix à plus de 3 fois ou moins du tiers de la médiane du mois
2021-08-15,Bénin,Atlantique,Zè,Sèdjè-Dénou,Manioc frais,KG,650.0,207.5,3.13,Prix à plus de 3 fois ou moins du tiers de la médiane du mois
2021-08-15,Bénin,Borgou,Bembèrèkè,Bembèrèkè,Riz paddy,KG,6000.0,250.0,24.0,Prix à plus de 3 fois ou moins du tiers de la médiane du mois
2021-08-15,Bénin,Borgou,Kalalé,Kalalé,Igname sèche,KG,4000.0,600.0,6.67,Prix à plus de 3 fois ou moins du tiers de la médiane du mois
2021-08-15,Bénin,Borgou,Kalalé,Kalalé,Noix de coco sèche,KG,1017.25,322.0,3.16,Prix à plus de 3 fois ou moins du tiers de la médiane du mois
2021-08-15,Bénin,Borgou,Nikki,Nikki,Mil,KG,137.8,445.0,0.31,Prix à plus de 3 fois ou moins du tiers de la médiane du mois
2021-08-15,Bénin,Borgou,Nikki,Nikki,Igname sèche,KG,90.0,600.0,0.15,Prix à plus de 3 fois ou moins du tiers de la médiane du mois
2021-08-15,Bénin,Borgou,Nikki,Nikki,Igname blanche,KG,90.0,419.0,0.21,Prix à plus de 3 fois ou moins du tiers de la médiane du mois
2021-08-15,Bénin,Borgou,Parakou,Parakou,Igname,KG,95.0,384.2,0.25,Prix à plus de 3 fois ou moins du tiers de la médiane du mois
2021-08-15,Bénin,Borgou,Parakou,Parakou,Igname blanche,KG,117.0,419.0,0.28,Prix à plus de 3 fois ou moins du tiers de la médiane du mois
2021-08-15,Bénin,Borgou,Sinendé,Sinendé,Soja,KG,2325.58,465.1,5.0,Prix à plus de 3 fois ou moins du tiers de la médiane du mois
2021-08-15,Bénin,Borgou,Tchaourou,Tchaourou,Mil,KG,136.78,445.0,0.31,Prix à plus de 3 fois ou moins du tiers de la médiane du mois
2021-08-15,Bénin,Collines,Savalou,Savalou,Escargots,KG,2875.0,846.9,3.39,Prix à plus de 3 fois ou moins du tiers de la médiane du mois
2021-08-15,Bénin,Donga,Djougou,Djougou,Mil,KG,109.57,445.0,0.25,Prix à plus de 3 fois ou moins du tiers de la médiane du mois
2021-08-15,Bénin,Mono,Comé,Comé,Banane plantain,KG,150.0,612.5,0.24,Prix à plus de 3 fois ou moins du tiers de la médiane du mois
2021-08-15,Bénin,Ouémé,Bonou,Affamè,Noix de coco sèche,KG,90.0,322.0,0.28,Prix à plus de 3 fois ou moins du tiers de la médiane du mois
2021-08-15,Bénin,Ouémé,Bonou,Affamè,Gombo frais,KG,80.0,267.5,0.3,Prix à plus de 3 fois ou moins du tiers de la médiane du mois
2021-08-15,Bénin,Plateau,Adja-Ouèrè,Tatonnoukon,Igname,KG,2000.0,384.2,5.2,Prix à plus de 3 fois ou moins du tiers de la médiane du mois
2021-08-15,Bénin,Zou,Abomey,Abomey,Crevettes,KG,1575.0,7765.0,0.2,Prix à plus de 3 fois ou moins du tiers de la médiane du mois
2021-08-15,Bénin,Zou,Covè,Covè,Oignons,KG,1400.0,438.3,3.19,Prix à plus de 3 fois ou moins du tiers de la médiane du mois
2021-09-15,Bénin,Alibori,Banikoara,Banikoara,Haricots noirs,KG,210.0,691.1,0.3,Prix à plus de 3 fois ou moins du tiers de la médiane du mois
2021-09-15,Bénin,Alibori,Banikoara,Banikoara,Haricots blancs,KG,234.08,708.0,0.33,Prix à plus de 3 fois ou moins du tiers de la médiane du mois
2021-09-15,Bénin,Atlantique,Abomey-Calavi,Zinvié,Farine de manioc,KG,200.0,636.8,0.31,Prix à plus de 3 fois ou moins du tiers de la médiane du mois
2021-09-15,Bénin,Atlantique,Sô-Ava,So-Ava,Farine de manioc,KG,200.0,636.8,0.31,Prix à plus de 3 fois ou moins du tiers de la médiane du mois
2021-09-15,Bénin,Atlantique,Toffo,Sehoue,Oranges,KG,539.0,177.0,3.05,Prix à plus de 3 fois ou moins du tiers de la médiane du mois
2021-09-15,Bénin,Atlantique,Toffo,Sehoue,Papaye,KG,51.5,232.5,0.22,Prix à plus de 3 fois ou moins du tiers de la médiane du mois
2021-09-15,Bénin,Atlantique,Zè,Zè,Oignons,KG,127.33,433.2,0.29,Prix à plus de 3 fois ou moins du tiers de la médiane du mois
2021-09-15,Bénin,Borgou,Bembèrèkè,Bembèrèkè,Riz paddy,KG,6000.0,295.8,20.28,Prix à plus de 3 fois ou moins du tiers de la médiane du mois
2021-09-15,Bénin,Borgou,Kalalé,Kalalé,Igname sèche,KG,5000.0,550.0,9.09,Prix à plus de 3 fois ou moins du tiers de la médiane du mois
2021-09-15,Bénin,Borgou,Nikki,Nikki,Mil,KG,137.8,444.2,0.31,Prix à plus de 3 fois ou moins du tiers de la médiane du mois
2021-09-15,Bénin,Borgou,Nikki,Nikki,Igname sèche,KG,90.0,550.0,0.16,Prix à plus de 3 fois ou moins du tiers de la médiane du mois
2021-09-15,Bénin,Borgou,Nikki,Nikki,Igname blanche,KG,82.5,324.0,0.25,Prix à plus de 3 fois ou moins du tiers de la médiane du mois
2021-09-15,Bénin,Borgou,Sinendé,Sinendé,Oranges,KG,833.0,177.0,4.71,Prix à plus de 3 fois ou moins du tiers de la médiane du mois
2021-09-15,Bénin,Borgou,Tchaourou,Tchaourou,Mil,KG,129.18,444.2,0.29,Prix à plus de 3 fois ou moins du tiers de la médiane du mois
2021-09-15,Bénin,Collines,Savalou,Savalou,Escargots,KG,2625.0,791.5,3.32,Prix à plus de 3 fois ou moins du tiers de la médiane du mois
2021-09-15,Bénin,Couffo,Aplahoué,Azovè,"Arachide (petite, en coque)",KG,261.04,810.8,0.32,Prix à plus de 3 fois ou moins du tiers de la médiane du mois
2021-09-15,Bénin,Couffo,Aplahoué,Azovè,Oranges,KG,55.0,177.0,0.31,Prix à plus de 3 fois ou moins du tiers de la médiane du mois
2021-09-15,Bénin,Donga,Djougou,Djougou,Mil,KG,116.51,444.2,0.26,Prix à plus de 3 fois ou moins du tiers de la médiane du mois
2021-09-15,Bénin,Mono,Comé,Comé,Manioc frais,KG,60.0,210.0,0.29,Prix à plus de 3 fois ou moins du tiers de la médiane du mois
2021-09-15,Bénin,Mono,Comé,Comé,Oignons,KG,106.25,433.2,0.25,Prix à plus de 3 fois ou moins du tiers de la médiane du mois
2021-09-15,Bénin,Mono,Comé,Comé,Banane plantain,KG,137.5,493.0,0.28,Prix à plus de 3 fois ou moins du tiers de la médiane du mois
2021-09-15,Bénin,Mono,Comé,Comé,Tomates,KG,88.75,312.5,0.28,Prix à plus de 3 fois ou moins du tiers de la médiane du mois
2021-09-15,Bénin,Ouémé,Bonou,Affamè,Noix de coco sèche,KG,80.0,325.0,0.25,Prix à plus de 3 fois ou moins du tiers de la médiane du mois
2021-09-15,Bénin,Zou,Abomey,Abomey,Crevettes,KG,2250.0,7300.0,0.31,Prix à plus de 3 fois ou moins du tiers de la médiane du mois
2021-09-15,Bénin,Zou,Zangnanado,Kpedekpo,Carottes,KG,4800.0,725.0,6.62,Prix à plus de 3 fois ou moins du tiers de la médiane du mois
2021-10-15,Bénin,Atlantique,Abomey-Calavi,Zinvié,Farine de manioc,KG,200.0,660.4,0.3,Prix à plus de 3 fois ou moins du tiers de la médiane du mois
2021-10-15,Bénin,Atlantique,Sô-Ava,So-Ava,Farine de manioc,KG,200.0,660.4,0.3,Prix à plus de 3 fois ou moins du tiers de la médiane du mois
2021-10-15,Bénin,Atlantique,Toffo,Sehoue,Huile de palmiste,KG,3700.0,1000.0,3.7,Prix à plus de 3 fois ou moins du tiers de la médiane du mois
2021-10-15,Bénin,Atlantique,Zè,Sèdjè-Dénou,Manioc frais,KG,650.0,146.9,4.43,Prix à plus de 3 fois ou moins du tiers de la médiane du mois
2021-10-15,Bénin,Atlantique,Zè,Zè,Oignons,KG,127.67,521.9,0.24,Prix à plus de 3 fois ou moins du tiers de la médiane du mois
2021-10-15,Bénin,Borgou,Bembèrèkè,Bembèrèkè,Riz paddy,KG,6000.0,250.0,24.0,Prix à plus de 3 fois ou moins du tiers de la médiane du mois
2021-10-15,Bénin,Borgou,Nikki,Nikki,Mil,KG,137.8,442.6,0.31,Prix à plus de 3 fois ou moins du tiers de la médiane du mois
2021-10-15,Bénin,Borgou,Nikki,Nikki,Igname sèche,KG,90.0,481.2,0.19,Prix à plus de 3 fois ou moins du tiers de la médiane du mois
2021-10-15,Bénin,Borgou,Nikki,Nikki,Igname blanche,KG,85.0,282.5,0.3,Prix à plus de 3 fois ou moins du tiers de la médiane du mois
2021-10-15,Bénin,Borgou,Tchaourou,Tchaourou,Mil,KG,124.11,442.6,0.28,Prix à plus de 3 fois ou moins du tiers de la médiane du mois
2021-10-15,Bénin,Borgou,Tchaourou,Tchaourou,Gombo frais,KG,86.67,264.4,0.33,Prix à plus de 3 fois ou moins du tiers de la médiane du mois
2021-10-15,Bénin,Collines,Dassa-Zoumè,Dassa-Zoumè,Gari fin,KG,1487.07,486.1,3.06,Prix à plus de 3 fois ou moins du tiers de la médiane du mois
2021-10-15,Bénin,Collines,Dassa-Zoumè,Dassa-Zoumè,Igname sèche,KG,1450.0,481.2,3.01,Prix à plus de 3 fois ou moins du tiers de la médiane du mois
2021-10-15,Bénin,Collines,Glazoué,Glazoué,Gari fin,KG,150.24,486.1,0.31,Prix à plus de 3 fois ou moins du tiers de la médiane du mois
2021-10-15,Bénin,Collines,Glazoué,Glazoué,Escargots,KG,403.75,1275.0,0.32,Prix à plus de 3 fois ou moins du tiers de la médiane du mois
2021-10-15,Bénin,Collines,Ouèssè,Ouesse,Soja,KG,151.38,465.1,0.33,Prix à plus de 3 fois ou moins du tiers de la médiane du mois
2021-10-15,Bénin,Couffo,Aplahoué,Azovè,"Arachide (petite, en coque)",KG,240.96,810.8,0.3,Prix à plus de 3 fois ou moins du tiers de la médiane du mois
2021-10-15,Bénin,Couffo,Aplahoué,Azovè,Oranges,KG,43.75,163.3,0.27,Prix à plus de 3 fois ou moins du tiers de la médiane du mois
2021-10-15,Bénin,Couffo,Aplahoué,Azovè,Tomates,KG,52.5,301.5,0.17,Prix à plus de 3 fois ou moins du tiers de la médiane du mois
2021-10-15,Bénin,Couffo,Dogbo,Dogbo,Tomates,KG,68.75,301.5,0.23,Prix à plus de 3 fois ou moins du tiers de la médiane du mois
2021-10-15,Bénin,Donga,Bassila,Bassila,Carottes,KG,200.0,695.8,0.29,Prix à plus de 3 fois ou moins du tiers de la médiane du mois
2021-10-15,Bénin,Donga,Djougou,Djougou,Mil,KG,130.14,442.6,0.29,Prix à plus de 3 fois ou moins du tiers de la médiane du mois
2021-10-15,Bénin,Littoral,Cotonou,Dantokpa,Farine de blé importée,KG,1800.0,500.0,3.6,Prix à plus de 3 fois ou moins du tiers de la médiane du mois
2021-10-15,Bénin,Mono,Comé,Comé,Oignons,KG,140.0,521.9,0.27,Prix à plus de 3 fois ou moins du tiers de la médiane du mois
2021-10-15,Bénin,Ouémé,Dangbo,Dangbo,Escargots,KG,4232.5,1275.0,3.32,Prix à plus de 3 fois ou moins du tiers de la médiane du mois
2021-10-15,Bénin,Plateau,Sakété,Yoko,Crevettes,KG,1650.0,7724.0,0.21,Prix à plus de 3 fois ou moins du tiers de la médiane du mois
2021-10-15,Bénin,Zou,Abomey,Abomey,Crevettes,KG,2550.0,7724.0,0.33,Prix à plus de 3 fois ou moins du tiers de la médiane du mois
2021-10-15,Bénin,Zou,Bohicon,Bohicon,Chou,KG,2677.25,500.0,5.35,Prix à plus de 3 fois ou moins du tiers de la médiane du mois
2021-10-15,Bénin,Zou,Covè,Covè,Igname blanche,KG,1000.0,282.5,3.54,Prix à plus de 3 fois ou moins du tiers de la médiane du mois
2021-10-15,Bénin,Zou,Ouinhi,Dasso,Gari fin,KG,158.9,486.1,0.33,Prix à plus de 3 fois ou moins du tiers de la médiane du mois
2021-11-15,Bénin,Atlantique,Abomey-Calavi,Zinvié,Farine de manioc,KG,200.0,625.0,0.32,Prix à plus de 3 fois ou moins du tiers de la médiane du mois
2021-11-15,Bénin,Atlantique,Sô-Ava,So-Ava,Farine de manioc,KG,200.0,625.0,0.32,Prix à plus de 3 fois ou moins du tiers de la médiane du mois
2021-11-15,Bénin,Atlantique,Toffo,Sehoue,Huile de palmiste,KG,3700.0,1000.0,3.7,Prix à plus de 3 fois ou moins du tiers de la médiane du mois
2021-11-15,Bénin,Atlantique,Zè,Sèdjè-Dénou,Manioc frais,KG,494.0,135.0,3.66,Prix à plus de 3 fois ou moins du tiers de la médiane du mois
2021-11-15,Bénin,Atlantique,Zè,Sèdjè-Dénou,Igname,KG,1200.0,277.7,4.32,Prix à plus de 3 fois ou moins du tiers de la médiane du mois
2021-11-15,Bénin,Atlantique,Zè,Zè,Oignons,KG,133.0,553.5,0.24,Prix à plus de 3 fois ou moins du tiers de la médiane du mois
2021-11-15,Bénin,Borgou,Bembèrèkè,Bembèrèkè,Riz paddy,KG,5000.0,350.0,14.29,Prix à plus de 3 fois ou moins du tiers de la médiane du mois
2021-11-15,Bénin,Borgou,Nikki,Nikki,Mil,KG,131.23,424.0,0.31,Prix à plus de 3 fois ou moins du tiers de la médiane du mois
2021-11-15,Bénin,Borgou,Nikki,Nikki,Igname sèche,KG,90.0,489.7,0.18,Prix à plus de 3 fois ou moins du tiers de la médiane du mois
2021-11-15,Bénin,Borgou,Nikki,Nikki,Igname blanche,KG,86.67,319.0,0.27,Prix à plus de 3 fois ou moins du tiers de la médiane du mois
2021-11-15,Bénin,Borgou,Nikki,Nikki,Citrons,KG,80.0,252.0,0.32,Prix à plus de 3 fois ou moins du tiers de la médiane du mois
2021-11-15,Bénin,Borgou,Tchaourou,Tchaourou,Mil,KG,127.28,424.0,0.3,Prix à plus de 3 fois ou moins du tiers de la médiane du mois
2021-11-15,Bénin,Borgou,Tchaourou,Tchaourou,Gombo frais,KG,84.0,275.0,0.31,Prix à plus de 3 fois ou moins du tiers de la médiane du mois
2021-11-15,Bénin,Collines,Glazoué,Glazoué,Gari fin,KG,126.2,473.1,0.27,Prix à plus de 3 fois ou moins du tiers de la médiane du mois
2021-11-15,Bénin,Collines,Glazoué,Glazoué,Igname blanche,KG,105.0,319.0,0.33,Prix à plus de 3 fois ou moins du tiers de la médiane du mois
2021-11-15,Bénin,Collines,Ouèssè,Ouesse,Soja,KG,103.81,369.7,0.28,Prix à plus de 3 fois ou moins du tiers de la médiane du mois
2021-11-15,Bénin,Collines,Savalou,Savalou,Patate douce,KG,500.0,152.0,3.29,Prix à plus de 3 fois ou moins du tiers de la médiane du mois
2021-11-15,Bénin,Collines,Savalou,Savalou,Escargots,KG,3500.0,872.1,4.01,Prix à plus de 3 fois ou moins du tiers de la médiane du mois
2021-11-15,Bénin,Collines,Savalou,Savalou,Légumes-feuilles,KG,600.0,178.8,3.36,Prix à plus de 3 fois ou moins du tiers de la médiane du mois
2021-11-15,Bénin,Couffo,Aplahoué,Azovè,Tomates,KG,85.0,305.8,0.28,Prix à plus de 3 fois ou moins du tiers de la médiane du mois
2021-11-15,Bénin,Donga,Bassila,Bassila,Carottes,KG,200.0,622.9,0.32,Prix à plus de 3 fois ou moins du tiers de la médiane du mois
2021-11-15,Bénin,Donga,Djougou,Djougou,Mil,KG,135.8,424.0,0.32,Prix à plus de 3 fois ou moins du tiers de la médiane du mois
2021-11-15,Bénin,Donga,Ouaké,Kassoua-Allah,Patate douce,KG,24.0,152.0,0.16,Prix à plus de 3 fois ou moins du tiers de la médiane du mois
2021-11-15,Bénin,Littoral,Cotonou,Dantokpa,Escargots,KG,2681.25,872.1,3.07,Prix à plus de 3 fois ou moins du tiers de la médiane du mois
2021-11-15,Bénin,Ouémé,Bonou,Affamè,Noix de coco sèche,KG,97.5,316.7,0.31,Prix à plus de 3 fois ou moins du tiers de la médiane du mois
2021-11-15,Bénin,Plateau,Sakété,Yoko,Légumes-feuilles,KG,53.0,178.8,0.3,Prix à plus de 3 fois ou moins du tiers de la médiane du mois
2021-11-15,Bénin,Plateau,Sakété,Yoko,Gombo frais,KG,87.0,275.0,0.32,Prix à plus de 3 fois ou moins du tiers de la médiane du mois
2021-11-15,Bénin,Zou,Abomey,Abomey,Patate douce,KG,487.5,152.0,3.21,Prix à plus de 3 fois ou moins du tiers de la médiane du mois
2021-11-15,Bénin,Zou,Covè,Covè,Igname blanche,KG,1000.0,319.0,3.14,Prix à plus de 3 fois ou moins du tiers de la médiane du mois
2021-11-15,Bénin,Zou,Zangnanado,Kpedekpo,Igname,KG,81.25,277.7,0.29,Prix à plus de 3 fois ou moins du tiers de la médiane du mois
2021-11-15,Bénin,Zou,Zangnanado,Kpedekpo,Igname blanche,KG,105.0,319.0,0.33,Prix à plus de 3 fois ou moins du tiers de la médiane du mois
2021-12-15,Bénin,Atlantique,Toffo,Sehoue,Huile de palmiste,KG,3700.0,1000.0,3.7,Prix à plus de 3 fois ou moins du tiers de la médiane du mois
2021-12-15,Bénin,Borgou,Bembèrèkè,Bembèrèkè,Riz paddy,KG,3750.0,306.2,12.24,Prix à plus de 3 fois ou moins du tiers de la médiane du mois
2021-12-15,Bénin,Borgou,Nikki,Nikki,Mil,KG,118.11,428.6,0.28,Prix à plus de 3 fois ou moins du tiers de la médiane du mois
2021-12-15,Bénin,Borgou,Nikki,Nikki,Igname sèche,KG,90.0,450.0,0.2,Prix à plus de 3 fois ou moins du tiers de la médiane du mois
2021-12-15,Bénin,Borgou,Nikki,Nikki,Igname blanche,KG,90.0,318.8,0.28,Prix à plus de 3 fois ou moins du tiers de la médiane du mois
2021-12-15,Bénin,Borgou,Parakou,Parakou,Igname,KG,98.67,304.2,0.32,Prix à plus de 3 fois ou moins du tiers de la médiane du mois
2021-12-15,Bénin,Borgou,Tchaourou,Tchaourou,Mil,KG,134.88,428.6,0.31,Prix à plus de 3 fois ou moins du tiers de la médiane du mois
2021-12-15,Bénin,Collines,Dassa-Zoumè,Dassa-Zoumè,Igname sèche,KG,1433.33,450.0,3.19,Prix à plus de 3 fois ou moins du tiers de la médiane du mois
2021-12-15,Bénin,Collines,Dassa-Zoumè,Dassa-Zoumè,Citrons,KG,783.33,250.0,3.13,Prix à plus de 3 fois ou moins du tiers de la médiane du mois
2021-12-15,Bénin,Collines,Glazoué,Glazoué,Gari fin,KG,120.19,465.3,0.26,Prix à plus de 3 fois ou moins du tiers de la médiane du mois
2021-12-15,Bénin,Collines,Glazoué,Glazoué,Igname,KG,98.4,304.2,0.32,Prix à plus de 3 fois ou moins du tiers de la médiane du mois
2021-12-15,Bénin,Collines,Ouèssè,Ouesse,Igname,KG,100.0,304.2,0.33,Prix à plus de 3 fois ou moins du tiers de la médiane du mois
2021-12-15,Bénin,Collines,Ouèssè,Ouesse,Soja,KG,128.03,407.0,0.31,Prix à plus de 3 fois ou moins du tiers de la médiane du mois
2021-12-15,Bénin,Couffo,Klouékanmè,Klouékanmè,Escargots,KG,375.0,1291.9,0.29,Prix à plus de 3 fois ou moins du tiers de la médiane du mois
2021-12-15,Bénin,Donga,Bassila,Bassila,Carottes,KG,189.0,712.0,0.27,Prix à plus de 3 fois ou moins du tiers de la médiane du mois
2021-12-15,Bénin,Donga,Djougou,Djougou,Mil,KG,135.8,428.6,0.32,Prix à plus de 3 fois ou moins du tiers de la médiane du mois
2021-12-15,Bénin,Donga,Ouaké,Kassoua-Allah,Cossettes de manioc,KG,858.33,235.0,3.65,Prix à plus de 3 fois ou moins du tiers de la médiane du mois
2021-12-15,Bénin,Ouémé,Adjohoun,Azowlissè,Papaye,KG,65.75,205.0,0.32,Prix à plus de 3 fois ou moins du tiers de la médiane du mois
2021-12-15,Bénin,Plateau,Sakété,Yoko,Légumes-feuilles,KG,63.67,229.4,0.28,Prix à plus de 3 fois ou moins du tiers de la médiane du mois
2021-12-15,Bénin,Plateau,Sakété,Yoko,Gombo frais,KG,63.0,296.2,0.21,Prix à plus de 3 fois ou moins du tiers de la médiane du mois
2021-12-15,Bénin,Zou,Abomey,Abomey,Patate douce,KG,525.0,171.8,3.05,Prix à plus de 3 fois ou moins du tiers de la médiane du mois
2021-12-15,Bénin,Zou,Covè,Covè,Igname blanche,KG,1275.0,318.8,4.0,Prix à plus de 3 fois ou moins du tiers de la médiane du mois
2021-12-15,Bénin,Zou,Covè,Covè,Oignons,KG,1725.0,504.2,3.42,Prix à plus de 3 fois ou moins du tiers de la médiane du mois
2021-12-15,Bénin,Zou,Ouinhi,Dasso,Gari fin,KG,152.54,465.3,0.33,Prix à plus de 3 fois ou moins du tiers de la médiane du mois
2021-12-15,Bénin,Zou,Ouinhi,Dasso,Noix de coco sèche,KG,106.67,331.2,0.32,Prix à plus de 3 fois ou moins du tiers de la médiane du mois
2021-12-15,Bénin,Zou,Zangnanado,Kpedekpo,Igname,KG,80.0,304.2,0.26,Prix à plus de 3 fois ou moins du tiers de la médiane du mois
2021-12-15,Bénin,Zou,Zangnanado,Kpedekpo,Igname blanche,KG,100.0,318.8,0.31,Prix à plus de 3 fois ou moins du tiers de la médiane du mois
2021-12-15,Bénin,Zou,Zangnanado,Kpedekpo,Oranges,KG,52.5,163.8,0.32,Prix à plus de 3 fois ou moins du tiers de la médiane du mois
2022-01-15,Bénin,Atlantique,Abomey-Calavi,Zinvié,Farine de manioc,KG,200.0,628.9,0.32,Prix à plus de 3 fois ou moins du tiers de la médiane du mois
2022-01-15,Bénin,Atlantique,Sô-Ava,So-Ava,Farine de manioc,KG,200.0,628.9,0.32,Prix à plus de 3 fois ou moins du tiers de la médiane du mois
2022-01-15,Bénin,Atlantique,Toffo,Sehoue,Huile de palmiste,KG,3700.0,1050.0,3.52,Prix à plus de 3 fois ou moins du tiers de la médiane du mois
2022-01-15,Bénin,Borgou,Bembèrèkè,Bembèrèkè,Riz paddy,KG,3666.67,275.0,13.33,Prix à plus de 3 fois ou moins du tiers de la médiane du mois
2022-01-15,Bénin,Borgou,Kalalé,Kalalé,Igname sèche,KG,3000.0,500.0,6.0,Prix à plus de 3 fois ou moins du tiers de la médiane du mois
2022-01-15,Bénin,Borgou,Nikki,Nikki,Mil,KG,137.8,441.8,0.31,Prix à plus de 3 fois ou moins du tiers de la médiane du mois
2022-01-15,Bénin,Borgou,Nikki,Nikki,Igname sèche,KG,90.0,500.0,0.18,Prix à plus de 3 fois ou moins du tiers de la médiane du mois
2022-01-15,Bénin,Borgou,Nikki,Nikki,Igname blanche,KG,90.0,370.4,0.24,Prix à plus de 3 fois ou moins du tiers de la médiane du mois
2022-01-15,Bénin,Borgou,Nikki,Nikki,Citrons,KG,90.0,300.0,0.3,Prix à plus de 3 fois ou moins du tiers de la médiane du mois
2022-01-15,Bénin,Borgou,Parakou,Parakou,Igname,KG,90.0,312.5,0.29,Prix à plus de 3 fois ou moins du tiers de la médiane du mois
2022-01-15,Bénin,Borgou,Tchaourou,Tchaourou,Mil,KG,129.18,441.8,0.29,Prix à plus de 3 fois ou moins du tiers de la médiane du mois
2022-01-15,Bénin,Collines,Dassa-Zoumè,Dassa-Zoumè,Gari fin,KG,1436.78,447.2,3.21,Prix à plus de 3 fois ou moins du tiers de la médiane du mois
2022-01-15,Bénin,Collines,Dassa-Zoumè,Dassa-Zoumè,Igname sèche,KG,1600.0,500.0,3.2,Prix à plus de 3 fois ou moins du tiers de la médiane du mois
2022-01-15,Bénin,Collines,Dassa-Zoumè,Dassa-Zoumè,Citrons,KG,1066.67,300.0,3.56,Prix à plus de 3 fois ou moins du tiers de la médiane du mois
2022-01-15,Bénin,Collines,Glazoué,Glazoué,Gari fin,KG,129.21,447.2,0.29,Prix à plus de 3 fois ou moins du tiers de la médiane du mois
2022-01-15,Bénin,Collines,Ouèssè,Ouesse,Igname,KG,100.0,312.5,0.32,Prix à plus de 3 fois ou moins du tiers de la médiane du mois
2022-01-15,Bénin,Collines,Ouèssè,Ouesse,Soja,KG,138.41,434.1,0.32,Prix à plus de 3 fois ou moins du tiers de la médiane du mois
2022-01-15,Bénin,Couffo,Dogbo,Dogbo,Papaye,KG,53.75,246.7,0.22,Prix à plus de 3 fois ou moins du tiers de la médiane du mois
2022-01-15,Bénin,Couffo,Klouékanmè,Klouékanmè,Escargots,KG,365.0,1373.1,0.27,Prix à plus de 3 fois ou moins du tiers de la médiane du mois
2022-01-15,Bénin,Couffo,Klouékanmè,Klouékanmè,Citrons,KG,98.33,300.0,0.33,Prix à plus de 3 fois ou moins du tiers de la médiane du mois
2022-01-15,Bénin,Donga,Bassila,Bassila,Carottes,KG,200.0,612.5,0.33,Prix à plus de 3 fois ou moins du tiers de la médiane du mois
2022-01-15,Bénin,Donga,Djougou,Djougou,Mil,KG,128.47,441.8,0.29,Prix à plus de 3 fois ou moins du tiers de la médiane du mois
2022-01-15,Bénin,Mono,Comé,Comé,Patate douce,KG,60.0,206.9,0.29,Prix à plus de 3 fois ou moins du tiers de la médiane du mois
2022-01-15,Bénin,Ouémé,Adjohoun,Azowlissè,Papaye,KG,62.5,246.7,0.25,Prix à plus de 3 fois ou moins du tiers de la médiane du mois
2022-01-15,Bénin,Plateau,Sakété,Yoko,Carottes,KG,157.33,612.5,0.26,Prix à plus de 3 fois ou moins du tiers de la médiane du mois
2022-01-15,Bénin,Plateau,Sakété,Yoko,Gombo frais,KG,83.0,350.6,0.24,Prix à plus de 3 fois ou moins du tiers de la médiane du mois
2022-01-15,Bénin,Zou,Covè,Covè,Igname blanche,KG,1800.0,370.4,4.86,Prix à plus de 3 fois ou moins du tiers de la médiane du mois
2022-01-15,Bénin,Zou,Covè,Covè,Oignons,KG,2000.0,487.5,4.1,Prix à plus de 3 fois ou moins du tiers de la médiane du mois
2022-01-15,Bénin,Zou,Covè,Covè,Tomates,KG,1725.0,466.7,3.7,Prix à plus de 3 fois ou moins du tiers de la médiane du mois
2022-01-15,Bénin,Zou,Ouinhi,Dasso,Citrons,KG,95.0,300.0,0.32,Prix à plus de 3 fois ou moins du tiers de la médiane du mois
2022-01-15,Bénin,Zou,Zangnanado,Kpedekpo,Igname,KG,81.25,312.5,0.26,Prix à plus de 3 fois ou moins du tiers de la médiane du mois
2022-01-15,Bénin,Zou,Zangnanado,Kpedekpo,Igname blanche,KG,100.0,370.4,0.27,Prix à plus de 3 fois ou moins du tiers de la médiane du mois
2022-01-15,Bénin,Zou,Zangnanado,Kpedekpo,Oranges,KG,57.5,181.7,0.32,Prix à plus de 3 fois ou moins du tiers de la médiane du mois
2022-02-15,Bénin,Atlantique,Toffo,Sehoue,Huile de palmiste,KG,3700.0,1033.3,3.58,Prix à plus de 3 fois ou moins du tiers de la médiane du mois
2022-02-15,Bénin,Borgou,Bembèrèkè,Bembèrèkè,Riz paddy,KG,4166.67,293.8,14.18,Prix à plus de 3 fois ou moins du tiers de la médiane du mois
2022-02-15,Bénin,Borgou,Kalalé,Kalalé,Igname sèche,KG,3000.0,450.0,6.67,Prix à plus de 3 fois ou moins du tiers de la médiane du mois
2022-02-15,Bénin,Borgou,Nikki,Nikki,Igname sèche,KG,90.0,450.0,0.2,Prix à plus de 3 fois ou moins du tiers de la médiane du mois
2022-02-15,Bénin,Borgou,Nikki,Nikki,Igname blanche,KG,90.0,445.2,0.2,Prix à plus de 3 fois ou moins du tiers de la médiane du mois
2022-02-15,Bénin,Borgou,Nikki,Nikki,Citrons,KG,90.0,366.0,0.25,Prix à plus de 3 fois ou moins du tiers de la médiane du mois
2022-02-15,Bénin,Borgou,Parakou,Parakou,Igname,KG,90.0,375.8,0.24,Prix à plus de 3 fois ou moins du tiers de la médiane du mois
2022-02-15,Bénin,Borgou,Parakou,Parakou,Igname blanche,KG,111.67,445.2,0.25,Prix à plus de 3 fois ou moins du tiers de la médiane du mois
2022-02-15,Bénin,Borgou,Sinendé,Sinendé,Citrons,KG,96.0,366.0,0.26,Prix à plus de 3 fois ou moins du tiers de la médiane du mois
2022-02-15,Bénin,Borgou,Tchaourou,Tchaourou,Pois secs,KG,2000.0,514.7,3.89,Prix à plus de 3 fois ou moins du tiers de la médiane du mois
2022-02-15,Bénin,Collines,Dassa-Zoumè,Dassa-Zoumè,Cossettes de manioc,KG,800.0,250.0,3.2,Prix à plus de 3 fois ou moins du tiers de la médiane du mois
2022-02-15,Bénin,Collines,Dassa-Zoumè,Dassa-Zoumè,Farine de manioc,KG,2138.36,577.8,3.7,Prix à plus de 3 fois ou moins du tiers de la médiane du mois
2022-02-15,Bénin,Collines,Dassa-Zoumè,Dassa-Zoumè,Gari fin,KG,1465.52,485.4,3.02,Prix à plus de 3 fois ou moins du tiers de la médiane du mois
2022-02-15,Bénin,Collines,Dassa-Zoumè,Dassa-Zoumè,Igname sèche,KG,1600.0,450.0,3.56,Prix à plus de 3 fois ou moins du tiers de la médiane du mois
2022-02-15,Bénin,Collines,Dassa-Zoumè,Dassa-Zoumè,Légumes-feuilles,KG,800.0,256.5,3.12,Prix à plus de 3 fois ou moins du tiers de la médiane du mois
2022-02-15,Bénin,Collines,Dassa-Zoumè,Dassa-Zoumè,Citrons,KG,1566.67,366.0,4.28,Prix à plus de 3 fois ou moins du tiers de la médiane du mois
2022-02-15,Bénin,Collines,Dassa-Zoumè,Dassa-Zoumè,Gombo frais,KG,1200.0,381.8,3.14,Prix à plus de 3 fois ou moins du tiers de la médiane du mois
2022-02-15,Bénin,Collines,Dassa-Zoumè,Dassa-Zoumè,Oignons,KG,1433.33,417.5,3.43,Prix à plus de 3 fois ou moins du tiers de la médiane du mois
2022-02-15,Bénin,Collines,Dassa-Zoumè,Dassa-Zoumè,Oranges,KG,600.0,196.5,3.05,Prix à plus de 3 fois ou moins du tiers de la médiane du mois
2022-02-15,Bénin,Collines,Dassa-Zoumè,Dassa-Zoumè,Tomates,KG,1566.67,503.0,3.11,Prix à plus de 3 fois ou moins du tiers de la médiane du mois
2022-02-15,Bénin,Collines,Glazoué,Glazoué,Gari fin,KG,132.21,485.4,0.27,Prix à plus de 3 fois ou moins du tiers de la médiane du mois
2022-02-15,Bénin,Collines,Ouèssè,Ouesse,Soja,KG,138.41,457.8,0.3,Prix à plus de 3 fois ou moins du tiers de la médiane du mois
2022-02-15,Bénin,Couffo,Dogbo,Dogbo,Papaye,KG,74.6,242.5,0.31,Prix à plus de 3 fois ou moins du tiers de la médiane du mois
2022-02-15,Bénin,Couffo,Klouékanmè,Klouékanmè,Escargots,KG,335.0,1405.2,0.24,Prix à plus de 3 fois ou moins du tiers de la médiane du mois
2022-02-15,Bénin,Couffo,Klouékanmè,Klouékanmè,Citrons,KG,95.0,366.0,0.26,Prix à plus de 3 fois ou moins du tiers de la médiane du mois
2022-02-15,Bénin,Donga,Bassila,Bassila,Carottes,KG,200.0,606.2,0.33,Prix à plus de 3 fois ou moins du tiers de la médiane du mois
2022-02-15,Bénin,Donga,Djougou,Djougou,Mil,KG,118.83,428.6,0.28,Prix à plus de 3 fois ou moins du tiers de la médiane du mois
2022-02-15,Bénin,Mono,Comé,Comé,Patate douce,KG,60.0,200.0,0.3,Prix à plus de 3 fois ou moins du tiers de la médiane du mois
2022-02-15,Bénin,Ouémé,Adjohoun,Azowlissè,Papaye,KG,69.25,242.5,0.29,Prix à plus de 3 fois ou moins du tiers de la médiane du mois
2022-02-15,Bénin,Ouémé,Bonou,Affamè,Gombo frais,KG,105.0,381.8,0.28,Prix à plus de 3 fois ou moins du tiers de la médiane du mois
2022-02-15,Bénin,Plateau,Sakété,Yoko,Carottes,KG,186.75,606.2,0.31,Prix à plus de 3 fois ou moins du tiers de la médiane du mois
2022-02-15,Bénin,Zou,Covè,Covè,Igname sèche,KG,1500.0,450.0,3.33,Prix à plus de 3 fois ou moins du tiers de la médiane du mois
2022-02-15,Bénin,Zou,Covè,Covè,Igname blanche,KG,1800.0,445.2,4.04,Prix à plus de 3 fois ou moins du tiers de la médiane du mois
2022-02-15,Bénin,Zou,Covè,Covè,Oignons,KG,1933.33,417.5,4.63,Prix à plus de 3 fois ou moins du tiers de la médiane du mois
2022-02-15,Bénin,Zou,Covè,Covè,Tomates,KG,2000.0,503.0,3.98,Prix à plus de 3 fois ou moins du tiers de la médiane du mois
2022-02-15,Bénin,Zou,Ouinhi,Dasso,Légumes-feuilles,KG,1200.0,256.5,4.68,Prix à plus de 3 fois ou moins du tiers de la médiane du mois
2022-02-15,Bénin,Zou,Zangnanado,Kpedekpo,Igname,KG,110.0,375.8,0.29,Prix à plus de 3 fois ou moins du tiers de la médiane du mois
2022-02-15,Bénin,Zou,Zangnanado,Kpedekpo,Igname blanche,KG,137.5,445.2,0.31,Prix à plus de 3 fois ou moins du tiers de la médiane du mois
2022-02-15,Bénin,Zou,Zangnanado,Kpedekpo,Citrons,KG,108.75,366.0,0.3,Prix à plus de 3 fois ou moins du tiers de la médiane du mois
2022-04-15,Bénin,Atlantique,Abomey-Calavi,Zinvié,Farine de manioc,KG,200.0,627.4,0.32,Prix à plus de 3 fois ou moins du tiers de la médiane du mois
2022-04-15,Bénin,Atlantique,Abomey-Calavi,Zinvié,Citrons,KG,2000.0,445.0,4.49,Prix à plus de 3 fois ou moins du tiers de la médiane du mois
2022-04-15,Bénin,Atlantique,Allada,Sékou,Oranges,KG,72.5,220.0,0.33,Prix à plus de 3 fois ou moins du tiers de la médiane du mois
2022-04-15,Bénin,Atlantique,Sô-Ava,So-Ava,Citrons,KG,2000.0,445.0,4.49,Prix à plus de 3 fois ou moins du tiers de la médiane du mois
2022-04-15,Bénin,Atlantique,Toffo,Ouègbo,Farine de manioc,KG,150.0,627.4,0.24,Prix à plus de 3 fois ou moins du tiers de la médiane du mois
2022-04-15,Bénin,Atlantique,Toffo,Sehoue,Huile de palmiste,KG,3500.0,1066.7,3.28,Prix à plus de 3 fois ou moins du tiers de la médiane du mois
2022-04-15,Bénin,Atlantique,Zè,Zè,Papaye,KG,78.5,241.7,0.32,Prix à plus de 3 fois ou moins du tiers de la médiane du mois
2022-04-15,Bénin,Borgou,Bembèrèkè,Bembèrèkè,Riz paddy,KG,5000.0,319.8,15.64,Prix à plus de 3 fois ou moins du tiers de la médiane du mois
2022-04-15,Bénin,Borgou,Kalalé,Kalalé,Patate douce,KG,700.0,211.5,3.31,Prix à plus de 3 fois ou moins du tiers de la médiane du mois
2022-04-15,Bénin,Borgou,Kalalé,Kalalé,Igname sèche,KG,3141.5,571.2,5.5,Prix à plus de 3 fois ou moins du tiers de la médiane du mois
2022-04-15,Bénin,Borgou,Nikki,Nikki,Igname sèche,KG,90.0,571.2,0.16,Prix à plus de 3 fois ou moins du tiers de la médiane du mois
2022-04-15,Bénin,Borgou,Nikki,Nikki,Igname blanche,KG,95.0,500.0,0.19,Prix à plus de 3 fois ou moins du tiers de la médiane du mois
2022-04-15,Bénin,Borgou,Nikki,Nikki,Citrons,KG,90.0,445.0,0.2,Prix à plus de 3 fois ou moins du tiers de la médiane du mois
2022-04-15,Bénin,Borgou,Parakou,Parakou,Igname,KG,90.0,371.2,0.24,Prix à plus de 3 fois ou moins du tiers de la médiane du mois
2022-04-15,Bénin,Borgou,Parakou,Parakou,Igname blanche,KG,114.25,500.0,0.23,Prix à plus de 3 fois ou moins du tiers de la médiane du mois
2022-04-15,Bénin,Borgou,Sinendé,Sinendé,Gombo frais,KG,110.0,379.0,0.29,Prix à plus de 3 fois ou moins du tiers de la médiane du mois
2022-04-15,Bénin,Collines,Dassa-Zoumè,Dassa-Zoumè,Cossettes de manioc,KG,1100.0,244.2,4.5,Prix à plus de 3 fois ou moins du tiers de la médiane du mois
2022-04-15,Bénin,Collines,Dassa-Zoumè,Dassa-Zoumè,Farine de manioc,KG,2641.51,627.4,4.21,Prix à plus de 3 fois ou moins du tiers de la médiane du mois
2022-04-15,Bénin,Collines,Dassa-Zoumè,Dassa-Zoumè,Légumes-feuilles,KG,766.67,250.0,3.07,Prix à plus de 3 fois ou moins du tiers de la médiane du mois
2022-04-15,Bénin,Collines,Dassa-Zoumè,Dassa-Zoumè,Citrons,KG,1600.0,445.0,3.6,Prix à plus de 3 fois ou moins du tiers de la médiane du mois
2022-04-15,Bénin,Collines,Dassa-Zoumè,Dassa-Zoumè,Oignons,KG,1066.67,340.7,3.13,Prix à plus de 3 fois ou moins du tiers de la médiane du mois
2022-04-15,Bénin,Collines,Dassa-Zoumè,Dassa-Zoumè,Oranges,KG,733.33,220.0,3.33,Prix à plus de 3 fois ou moins du tiers de la médiane du mois
2022-04-15,Bénin,Donga,Bassila,Bassila,Carottes,KG,200.0,628.4,0.32,Prix à plus de 3 fois ou moins du tiers de la médiane du mois
2022-04-15,Bénin,Donga,Djougou,Djougou,Mil,KG,134.26,428.6,0.31,Prix à plus de 3 fois ou moins du tiers de la médiane du mois
2022-04-15,Bénin,Mono,Comé,Comé,Patate douce,KG,63.75,211.5,0.3,Prix à plus de 3 fois ou moins du tiers de la médiane du mois
2022-04-15,Bénin,Mono,Comé,Comé,Banane plantain,KG,153.75,533.3,0.29,Prix à plus de 3 fois ou moins du tiers de la médiane du mois
2022-04-15,Bénin,Ouémé,Adjohoun,Azowlissè,Légumes-feuilles,KG,61.25,250.0,0.24,Prix à plus de 3 fois ou moins du tiers de la médiane du mois
2022-04-15,Bénin,Ouémé,Adjohoun,Azowlissè,Papaye,KG,79.75,241.7,0.33,Prix à plus de 3 fois ou moins du tiers de la médiane du mois
2022-04-15,Bénin,Ouémé,Bonou,Affamè,Gombo frais,KG,108.75,379.0,0.29,Prix à plus de 3 fois ou moins du tiers de la médiane du mois
2022-04-15,Bénin,Ouémé,Bonou,Affamè,Papaye,KG,80.0,241.7,0.33,Prix à plus de 3 fois ou moins du tiers de la médiane du mois
2022-04-15,Bénin,Ouémé,Porto-Novo,Ouando,Citrons,KG,1350.75,445.0,3.04,Prix à plus de 3 fois ou moins du tiers de la médiane du mois
2022-04-15,Bénin,Plateau,Kétou,Kétou,Papaye,KG,781.25,241.7,3.23,Prix à plus de 3 fois ou moins du tiers de la médiane du mois
2022-04-15,Bénin,Plateau,Sakété,Yoko,Carottes,KG,127.0,628.4,0.2,Prix à plus de 3 fois ou moins du tiers de la médiane du mois
2022-04-15,Bénin,Zou,Bohicon,Bohicon,Chou,KG,1225.0,406.2,3.02,Prix à plus de 3 fois ou moins du tiers de la médiane du mois
2022-04-15,Bénin,Zou,Covè,Covè,Igname sèche,KG,2000.0,571.2,3.5,Prix à plus de 3 fois ou moins du tiers de la médiane du mois
2022-04-15,Bénin,Zou,Covè,Covè,Igname blanche,KG,2000.0,500.0,4.0,Prix à plus de 3 fois ou moins du tiers de la médiane du mois
2022-04-15,Bénin,Zou,Covè,Covè,Oignons,KG,2000.0,340.7,5.87,Prix à plus de 3 fois ou moins du tiers de la médiane du mois
2022-04-15,Bénin,Zou,Ouinhi,Dasso,Gari fin,KG,143.01,485.4,0.29,Prix à plus de 3 fois ou moins du tiers de la médiane du mois
2022-04-15,Bénin,Zou,Zangnanado,Kpedekpo,Igname,KG,103.33,371.2,0.28,Prix à plus de 3 fois ou moins du tiers de la médiane du mois
2022-04-15,Bénin,Zou,Zangnanado,Kpedekpo,Igname blanche,KG,131.67,500.0,0.26,Prix à plus de 3 fois ou moins du tiers de la médiane du mois
2022-05-15,Bénin,Alibori,Karimama,Karimama,Igname,KG,1200.0,367.6,3.26,Prix à plus de 3 fois ou moins du tiers de la médiane du mois
2022-05-15,Bénin,Alibori,Malanville,Malanville (CBM),Huile de palmiste,KG,130.0,1016.7,0.13,Prix à plus de 3 fois ou moins du tiers de la médiane du mois
2022-05-15,Bénin,Atlantique,Abomey-Calavi,Zinvié,Citrons,KG,1951.25,419.4,4.65,Prix à plus de 3 fois ou moins du tiers de la médiane du mois
2022-05-15,Bénin,Atlantique,Allada,Sékou,Pois secs,KG,1764.71,577.7,3.05,Prix à plus de 3 fois ou moins du tiers de la médiane du mois
2022-05-15,Bénin,Atlantique,Allada,Sékou,Oranges,KG,62.5,216.7,0.29,Prix à plus de 3 fois ou moins du tiers de la médiane du mois
2022-05-15,Bénin,Atlantique,Sô-Ava,So-Ava,Citrons,KG,1979.33,419.4,4.72,Prix à plus de 3 fois ou moins du tiers de la médiane du mois
2022-05-15,Bénin,Atlantique,Toffo,Ouègbo,Farine de manioc,KG,150.0,660.4,0.23,Prix à plus de 3 fois ou moins du tiers de la médiane du mois
2022-05-15,Bénin,Atlantique,Toffo,Sehoue,Huile de palmiste,KG,3500.0,1016.7,3.44,Prix à plus de 3 fois ou moins du tiers de la médiane du mois
2022-05-15,Bénin,Atlantique,Zè,Sèdjè-Dénou,Manioc frais,KG,500.0,160.0,3.12,Prix à plus de 3 fois ou moins du tiers de la médiane du mois
2022-05-15,Bénin,Borgou,Bembèrèkè,Bembèrèkè,Riz paddy,KG,5000.0,300.0,16.67,Prix à plus de 3 fois ou moins du tiers de la médiane du mois
2022-05-15,Bénin,Borgou,Bembèrèkè,Bembèrèkè,Oignons,KG,1220.0,380.0,3.21,Prix à plus de 3 fois ou moins du tiers de la médiane du mois
2022-05-15,Bénin,Borgou,Kalalé,Kalalé,Igname sèche,KG,4333.0,603.8,7.18,Prix à plus de 3 fois ou moins du tiers de la médiane du mois
2022-05-15,Bénin,Borgou,Kalalé,Kalalé,Oranges,KG,708.0,216.7,3.27,Prix à plus de 3 fois ou moins du tiers de la médiane du mois
2022-05-15,Bénin,Borgou,Nikki,Nikki,Igname sèche,KG,90.0,603.8,0.15,Prix à plus de 3 fois ou moins du tiers de la médiane du mois
2022-05-15,Bénin,Borgou,Nikki,Nikki,Igname blanche,KG,95.0,495.5,0.19,Prix à plus de 3 fois ou moins du tiers de la médiane du mois
2022-05-15,Bénin,Borgou,Nikki,Nikki,Citrons,KG,90.0,419.4,0.21,Prix à plus de 3 fois ou moins du tiers de la médiane du mois
2022-05-15,Bénin,Borgou,Parakou,Parakou,Igname,KG,103.5,367.6,0.28,Prix à plus de 3 fois ou moins du tiers de la médiane du mois
2022-05-15,Bénin,Borgou,Parakou,Parakou,Igname blanche,KG,112.33,495.5,0.23,Prix à plus de 3 fois ou moins du tiers de la médiane du mois
2022-05-15,Bénin,Collines,Dassa-Zoumè,Dassa-Zoumè,Cossettes de manioc,KG,1266.67,300.0,4.22,Prix à plus de 3 fois ou moins du tiers de la médiane du mois
2022-05-15,Bénin,Collines,Dassa-Zoumè,Dassa-Zoumè,Farine de manioc,KG,2955.98,660.4,4.48,Prix à plus de 3 fois ou moins du tiers de la médiane du mois
2022-05-15,Bénin,Collines,Dassa-Zoumè,Dassa-Zoumè,Gari fin,KG,1465.52,447.0,3.28,Prix à plus de 3 fois ou moins du tiers de la médiane du mois
2022-05-15,Bénin,Collines,Dassa-Zoumè,Dassa-Zoumè,Citrons,KG,1500.0,419.4,3.58,Prix à plus de 3 fois ou moins du tiers de la médiane du mois
2022-05-15,Bénin,Collines,Dassa-Zoumè,Dassa-Zoumè,Tomates,KG,1933.33,609.0,3.17,Prix à plus de 3 fois ou moins du tiers de la médiane du mois
2022-05-15,Bénin,Donga,Bassila,Bassila,Carottes,KG,200.0,632.1,0.32,Prix à plus de 3 fois ou moins du tiers de la médiane du mois
2022-05-15,Bénin,Donga,Djougou,Djougou,Mil,KG,134.26,433.9,0.31,Prix à plus de 3 fois ou moins du tiers de la médiane du mois
2022-05-15,Bénin,Mono,Comé,Comé,Patate douce,KG,63.75,242.1,0.26,Prix à plus de 3 fois ou moins du tiers de la médiane du mois
2022-05-15,Bénin,Mono,Comé,Comé,Banane plantain,KG,127.5,450.0,0.28,Prix à plus de 3 fois ou moins du tiers de la médiane du mois
2022-05-15,Bénin,Ouémé,Adjohoun,Azowlissè,Légumes-feuilles,KG,57.5,246.9,0.23,Prix à plus de 3 fois ou moins du tiers de la médiane du mois
2022-05-15,Bénin,Ouémé,Porto-Novo,Ouando,Citrons,KG,1649.75,419.4,3.93,Prix à plus de 3 fois ou moins du tiers de la médiane du mois
2022-05-15,Bénin,Plateau,Kétou,Kétou,Papaye,KG,756.25,243.3,3.11,Prix à plus de 3 fois ou moins du tiers de la médiane du mois
2022-05-15,Bénin,Plateau,Sakété,Yoko,Légumes-feuilles,KG,75.0,246.9,0.3,Prix à plus de 3 fois ou moins du tiers de la médiane du mois
2022-05-15,Bénin,Zou,Abomey,Abomey,Crevettes,KG,2925.0,8988.3,0.33,Prix à plus de 3 fois ou moins du tiers de la médiane du mois
2022-05-15,Bénin,Zou,Covè,Covè,Igname sèche,KG,2320.0,603.8,3.84,Prix à plus de 3 fois ou moins du tiers de la médiane du mois
2022-05-15,Bénin,Zou,Covè,Covè,Igname blanche,KG,2000.0,495.5,4.04,Prix à plus de 3 fois ou moins du tiers de la médiane du mois
2022-05-15,Bénin,Zou,Covè,Covè,Oignons,KG,2320.0,380.0,6.11,Prix à plus de 3 fois ou moins du tiers de la médiane du mois
2022-05-15,Bénin,Zou,Ouinhi,Dasso,Gari fin,KG,143.01,447.0,0.32,Prix à plus de 3 fois ou moins du tiers de la médiane du mois
2022-05-15,Bénin,Zou,Zangnanado,Kpedekpo,Igname,KG,118.75,367.6,0.32,Prix à plus de 3 fois ou moins du tiers de la médiane du mois
2022-05-15,Bénin,Zou,Zangnanado,Kpedekpo,Igname blanche,KG,155.0,495.5,0.31,Prix à plus de 3 fois ou moins du tiers de la médiane du mois
2022-05-15,Bénin,Zou,Zangnanado,Kpedekpo,Escargots,KG,502.5,1648.4,0.3,Prix à plus de 3 fois ou moins du tiers de la médiane du mois
2022-06-15,Bénin,Alibori,Banikoara,Banikoara,Patate douce,KG,758.25,217.5,3.49,Prix à plus de 3 fois ou moins du tiers de la médiane du mois
2022-06-15,Bénin,Alibori,Karimama,Karimama,Igname,KG,1400.0,433.4,3.23,Prix à plus de 3 fois ou moins du tiers de la médiane du mois
2022-06-15,Bénin,Atlantique,Abomey-Calavi,Zinvié,Citrons,KG,1380.33,441.7,3.13,Prix à plus de 3 fois ou moins du tiers de la médiane du mois
2022-06-15,Bénin,Atlantique,Allada,Sékou,Oranges,KG,62.5,203.2,0.31,Prix à plus de 3 fois ou moins du tiers de la médiane du mois
2022-06-15,Bénin,Atlantique,Sô-Ava,So-Ava,Citrons,KG,1595.33,441.7,3.61,Prix à plus de 3 fois ou moins du tiers de la médiane du mois
2022-06-15,Bénin,Atlantique,Zè,Sèdjè-Dénou,Manioc frais,KG,500.0,162.0,3.09,Prix à plus de 3 fois ou moins du tiers de la médiane du mois
2022-06-15,Bénin,Borgou,Bembèrèkè,Bembèrèkè,Riz paddy,KG,5000.0,275.0,18.18,Prix à plus de 3 fois ou moins du tiers de la médiane du mois
2022-06-15,Bénin,Borgou,Kalalé,Kalalé,Oranges,KG,769.67,203.2,3.79,Prix à plus de 3 fois ou moins du tiers de la médiane du mois
2022-06-15,Bénin,Borgou,Nikki,Nikki,Igname sèche,KG,90.0,600.0,0.15,Prix à plus de 3 fois ou moins du tiers de la médiane du mois
2022-06-15,Bénin,Borgou,Nikki,Nikki,Igname blanche,KG,95.0,540.0,0.18,Prix à plus de 3 fois ou moins du tiers de la médiane du mois
2022-06-15,Bénin,Borgou,Nikki,Nikki,Citrons,KG,90.0,441.7,0.2,Prix à plus de 3 fois ou moins du tiers de la médiane du mois
2022-06-15,Bénin,Borgou,Parakou,Parakou,Igname,KG,92.5,433.4,0.21,Prix à plus de 3 fois ou moins du tiers de la médiane du mois
2022-06-15,Bénin,Borgou,Parakou,Parakou,Igname blanche,KG,135.0,540.0,0.25,Prix à plus de 3 fois ou moins du tiers de la médiane du mois
2022-06-15,Bénin,Collines,Dassa-Zoumè,Dassa-Zoumè,Cossettes de manioc,KG,1033.33,308.0,3.35,Prix à plus de 3 fois ou moins du tiers de la médiane du mois
2022-06-15,Bénin,Collines,Dassa-Zoumè,Dassa-Zoumè,Farine de manioc,KG,2830.19,660.4,4.29,Prix à plus de 3 fois ou moins du tiers de la médiane du mois
2022-06-15,Bénin,Collines,Glazoué,Glazoué,Igname,KG,130.0,433.4,0.3,Prix à plus de 3 fois ou moins du tiers de la médiane du mois
2022-06-15,Bénin,Collines,Glazoué,Glazoué,Igname blanche,KG,170.0,540.0,0.31,Prix à plus de 3 fois ou moins du tiers de la médiane du mois
2022-06-15,Bénin,Collines,Savalou,Savalou,Cossettes de manioc,KG,61.67,308.0,0.2,Prix à plus de 3 fois ou moins du tiers de la médiane du mois
2022-06-15,Bénin,Donga,Bassila,Bassila,Carottes,KG,200.0,647.5,0.31,Prix à plus de 3 fois ou moins du tiers de la médiane du mois
2022-06-15,Bénin,Donga,Djougou,Djougou,Mil,KG,134.26,470.2,0.29,Prix à plus de 3 fois ou moins du tiers de la médiane du mois
2022-06-15,Bénin,Mono,Comé,Comé,Patate douce,KG,61.25,217.5,0.28,Prix à plus de 3 fois ou moins du tiers de la médiane du mois
2022-06-15,Bénin,Mono,Comé,Comé,Banane plantain,KG,123.75,450.0,0.28,Prix à plus de 3 fois ou moins du tiers de la médiane du mois
2022-06-15,Bénin,Ouémé,Bonou,Affamè,Gombo frais,KG,115.0,380.0,0.3,Prix à plus de 3 fois ou moins du tiers de la médiane du mois
2022-06-15,Bénin,Ouémé,Dangbo,Dangbo,Crevettes,KG,3066.67,9236.2,0.33,Prix à plus de 3 fois ou moins du tiers de la médiane du mois
2022-06-15,Bénin,Plateau,Kétou,Kétou,Papaye,KG,806.25,225.0,3.58,Prix à plus de 3 fois ou moins du tiers de la médiane du mois
2022-06-15,Bénin,Plateau,Sakété,Yoko,Citrons,KG,125.33,441.7,0.28,Prix à plus de 3 fois ou moins du tiers de la médiane du mois
2022-06-15,Bénin,Plateau,Sakété,Yoko,Oranges,KG,67.67,203.2,0.33,Prix à plus de 3 fois ou moins du tiers de la médiane du mois
2022-06-15,Bénin,Zou,Covè,Covè,Igname sèche,KG,2400.0,600.0,4.0,Prix à plus de 3 fois ou moins du tiers de la médiane du mois
2022-06-15,Bénin,Zou,Covè,Covè,Igname blanche,KG,2000.0,540.0,3.7,Prix à plus de 3 fois ou moins du tiers de la médiane du mois
2022-06-15,Bénin,Zou,Covè,Covè,Oignons,KG,2400.0,420.0,5.71,Prix à plus de 3 fois ou moins du tiers de la médiane du mois
2022-06-15,Bénin,Zou,Zangnanado,Kpedekpo,Escargots,KG,475.0,1600.0,0.3,Prix à plus de 3 fois ou moins du tiers de la médiane du mois
2022-07-15,Bénin,Atacora,Natitingou,Natitingou,Manioc frais,KG,431.11,140.0,3.08,Prix à plus de 3 fois ou moins du tiers de la médiane du mois
2022-07-15,Bénin,Atlantique,Allada,Sékou,Huile de palmiste,KG,240.0,1352.8,0.18,Prix à plus de 3 fois ou moins du tiers de la médiane du mois
2022-07-15,Bénin,Atlantique,Allada,Sékou,Oranges,KG,50.0,190.1,0.26,Prix à plus de 3 fois ou moins du tiers de la médiane du mois
2022-07-15,Bénin,Atlantique,Zè,Sèdjè-Dénou,Manioc frais,KG,500.0,140.0,3.57,Prix à plus de 3 fois ou moins du tiers de la médiane du mois
2022-07-15,Bénin,Borgou,Bembèrèkè,Bembèrèkè,Riz paddy,KG,5000.0,245.3,20.38,Prix à plus de 3 fois ou moins du tiers de la médiane du mois
2022-07-15,Bénin,Borgou,Nikki,Nikki,Igname sèche,KG,90.0,600.0,0.15,Prix à plus de 3 fois ou moins du tiers de la médiane du mois
2022-07-15,Bénin,Borgou,Nikki,Nikki,Igname blanche,KG,90.0,561.7,0.16,Prix à plus de 3 fois ou moins du tiers de la médiane du mois
2022-07-15,Bénin,Borgou,Nikki,Nikki,Noix de coco sèche,KG,100.0,336.2,0.3,Prix à plus de 3 fois ou moins du tiers de la médiane du mois
2022-07-15,Bénin,Borgou,Nikki,Nikki,Citrons,KG,70.0,352.0,0.2,Prix à plus de 3 fois ou moins du tiers de la médiane du mois
2022-07-15,Bénin,Borgou,Parakou,Parakou,Igname,KG,113.75,463.3,0.25,Prix à plus de 3 fois ou moins du tiers de la médiane du mois
2022-07-15,Bénin,Borgou,Parakou,Parakou,Igname blanche,KG,155.0,561.7,0.28,Prix à plus de 3 fois ou moins du tiers de la médiane du mois
2022-07-15,Bénin,Borgou,Sinendé,Sinendé,Gombo frais,KG,970.0,269.2,3.6,Prix à plus de 3 fois ou moins du tiers de la médiane du mois
2022-07-15,Bénin,Collines,Dassa-Zoumè,Dassa-Zoumè,Cossettes de manioc,KG,1100.0,297.0,3.7,Prix à plus de 3 fois ou moins du tiers de la médiane du mois
2022-07-15,Bénin,Collines,Dassa-Zoumè,Dassa-Zoumè,Farine de manioc,KG,2767.3,660.4,4.19,Prix à plus de 3 fois ou moins du tiers de la médiane du mois
2022-07-15,Bénin,Collines,Dassa-Zoumè,Dassa-Zoumè,Noix de coco sèche,KG,1133.33,336.2,3.37,Prix à plus de 3 fois ou moins du tiers de la médiane du mois
2022-07-15,Bénin,Collines,Glazoué,Glazoué,Igname,KG,130.0,463.3,0.28,Prix à plus de 3 fois ou moins du tiers de la médiane du mois
2022-07-15,Bénin,Collines,Glazoué,Glazoué,Igname blanche,KG,170.0,561.7,0.3,Prix à plus de 3 fois ou moins du tiers de la médiane du mois
2022-07-15,Bénin,Collines,Glazoué,Glazoué,Tilapia,KG,540.0,1683.3,0.32,Prix à plus de 3 fois ou moins du tiers de la médiane du mois
2022-07-15,Bénin,Couffo,Aplahoué,Azovè,"Arachide (petite, en coque)",KG,291.16,903.2,0.32,Prix à plus de 3 fois ou moins du tiers de la médiane du mois
2022-07-15,Bénin,Couffo,Klouékanmè,Klouékanmè,Gombo frais,KG,32.5,269.2,0.12,Prix à plus de 3 fois ou moins du tiers de la médiane du mois
2022-07-15,Bénin,Couffo,Klouékanmè,Klouékanmè,Tomates,KG,138.75,453.8,0.31,Prix à plus de 3 fois ou moins du tiers de la médiane du mois
2022-07-15,Bénin,Donga,Bassila,Bassila,Carottes,KG,200.0,688.2,0.29,Prix à plus de 3 fois ou moins du tiers de la médiane du mois
2022-07-15,Bénin,Donga,Djougou,Djougou,Mil,KG,115.23,462.2,0.25,Prix à plus de 3 fois ou moins du tiers de la médiane du mois
2022-07-15,Bénin,Mono,Comé,Comé,Banane plantain,KG,128.75,441.2,0.29,Prix à plus de 3 fois ou moins du tiers de la médiane du mois
2022-07-15,Bénin,Plateau,Kétou,Kétou,Papaye,KG,818.75,225.0,3.64,Prix à plus de 3 fois ou moins du tiers de la médiane du mois
2022-07-15,Bénin,Plateau,Sakété,Yoko,Légumes-feuilles,KG,67.0,225.2,0.3,Prix à plus de 3 fois ou moins du tiers de la médiane du mois
2022-07-15,Bénin,Plateau,Sakété,Yoko,Citrons,KG,114.0,352.0,0.32,Prix à plus de 3 fois ou moins du tiers de la médiane du mois
2022-07-15,Bénin,Zou,Covè,Covè,Igname sèche,KG,2400.0,600.0,4.0,Prix à plus de 3 fois ou moins du tiers de la médiane du mois
2022-07-15,Bénin,Zou,Covè,Covè,Igname blanche,KG,2000.0,561.7,3.56,Prix à plus de 3 fois ou moins du tiers de la médiane du mois
2022-07-15,Bénin,Zou,Covè,Covè,Oignons,KG,2000.0,418.0,4.78,Prix à plus de 3 fois ou moins du tiers de la médiane du mois
2022-07-15,Bénin,Zou,Ouinhi,Dasso,Carottes,KG,197.0,688.2,0.29,Prix à plus de 3 fois ou moins du tiers de la médiane du mois
2022-07-15,Bénin,Zou,Zangnanado,Kpedekpo,Gombo frais,KG,63.33,269.2,0.24,Prix à plus de 3 fois ou moins du tiers de la médiane du mois
2022-08-15,Bénin,Atlantique,Abomey-Calavi,Zinvié,Papaye,KG,80.0,263.3,0.3,Prix à plus de 3 fois ou moins du tiers de la médiane du mois
2022-08-15,Bénin,Atlantique,Allada,Sékou,Oranges,KG,54.0,200.0,0.27,Prix à plus de 3 fois ou moins du tiers de la médiane du mois
2022-08-15,Bénin,Atlantique,Sô-Ava,So-Ava,Farine de manioc,KG,216.67,660.4,0.33,Prix à plus de 3 fois ou moins du tiers de la médiane du mois
2022-08-15,Bénin,Atlantique,Toffo,Sehoue,Huile de palmiste,KG,3700.0,1166.7,3.17,Prix à plus de 3 fois ou moins du tiers de la médiane du mois
2022-08-15,Bénin,Atlantique,Zè,Sèdjè-Dénou,Manioc frais,KG,675.0,158.8,4.25,Prix à plus de 3 fois ou moins du tiers de la médiane du mois
2022-08-15,Bénin,Borgou,Bembèrèkè,Bembèrèkè,Riz paddy,KG,5000.0,329.2,15.19,Prix à plus de 3 fois ou moins du tiers de la médiane du mois
2022-08-15,Bénin,Borgou,Nikki,Nikki,Igname sèche,KG,90.0,600.0,0.15,Prix à plus de 3 fois ou moins du tiers de la médiane du mois
2022-08-15,Bénin,Borgou,Nikki,Nikki,Igname blanche,KG,97.5,481.2,0.2,Prix à plus de 3 fois ou moins du tiers de la médiane du mois
2022-08-15,Bénin,Borgou,Nikki,Nikki,Noix de coco sèche,KG,92.5,351.7,0.26,Prix à plus de 3 fois ou moins du tiers de la médiane du mois
2022-08-15,Bénin,Borgou,Nikki,Nikki,Citrons,KG,65.0,296.2,0.22,Prix à plus de 3 fois ou moins du tiers de la médiane du mois
2022-08-15,Bénin,Borgou,Parakou,Parakou,Igname,KG,107.67,425.0,0.25,Prix à plus de 3 fois ou moins du tiers de la médiane du mois
2022-08-15,Bénin,Borgou,Parakou,Parakou,Igname blanche,KG,129.33,481.2,0.27,Prix à plus de 3 fois ou moins du tiers de la médiane du mois
2022-08-15,Bénin,Borgou,Sinendé,Sinendé,Gombo frais,KG,975.0,256.5,3.8,Prix à plus de 3 fois ou moins du tiers de la médiane du mois
2022-08-15,Bénin,Collines,Dassa-Zoumè,Dassa-Zoumè,Cossettes de manioc,KG,1166.67,308.0,3.79,Prix à plus de 3 fois ou moins du tiers de la médiane du mois
2022-08-15,Bénin,Collines,Dassa-Zoumè,Dassa-Zoumè,Farine de manioc,KG,2704.4,660.4,4.1,Prix à plus de 3 fois ou moins du tiers de la médiane du mois
2022-08-15,Bénin,Collines,Dassa-Zoumè,Dassa-Zoumè,Tomates,KG,1100.0,300.0,3.67,Prix à plus de 3 fois ou moins du tiers de la médiane du mois
2022-08-15,Bénin,Collines,Glazoué,Glazoué,Igname,KG,129.0,425.0,0.3,Prix à plus de 3 fois ou moins du tiers de la médiane du mois
2022-08-15,Bénin,Collines,Glazoué,Glazoué,Igname blanche,KG,156.6,481.2,0.33,Prix à plus de 3 fois ou moins du tiers de la médiane du mois
2022-08-15,Bénin,Collines,Glazoué,Glazoué,Escargots,KG,422.4,1341.7,0.31,Prix à plus de 3 fois ou moins du tiers de la médiane du mois
2022-08-15,Bénin,Donga,Bassila,Bassila,Carottes,KG,200.0,712.5,0.28,Prix à plus de 3 fois ou moins du tiers de la médiane du mois
2022-08-15,Bénin,Donga,Djougou,Djougou,Mil,KG,111.11,430.0,0.26,Prix à plus de 3 fois ou moins du tiers de la médiane du mois
2022-08-15,Bénin,Donga,Ouaké,Kassoua-Allah,Tomates,KG,926.0,300.0,3.09,Prix à plus de 3 fois ou moins du tiers de la médiane du mois
2022-08-15,Bénin,Mono,Comé,Comé,Banane plantain,KG,123.75,570.0,0.22,Prix à plus de 3 fois ou moins du tiers de la médiane du mois
2022-08-15,Bénin,Ouémé,Adjohoun,Azowlissè,Patate douce,KG,67.5,223.0,0.3,Prix à plus de 3 fois ou moins du tiers de la médiane du mois
2022-08-15,Bénin,Ouémé,Bonou,Affamè,Gombo frais,KG,80.0,256.5,0.31,Prix à plus de 3 fois ou moins du tiers de la médiane du mois
2022-08-15,Bénin,Plateau,Kétou,Kétou,Papaye,KG,812.5,263.3,3.09,Prix à plus de 3 fois ou moins du tiers de la médiane du mois
2022-08-15,Bénin,Plateau,Sakété,Yoko,Légumes-feuilles,KG,77.0,258.9,0.3,Prix à plus de 3 fois ou moins du tiers de la médiane du mois
2022-08-15,Bénin,Zou,Covè,Covè,Igname sèche,KG,2000.0,600.0,3.33,Prix à plus de 3 fois ou moins du tiers de la médiane du mois
2022-08-15,Bénin,Zou,Covè,Covè,Igname blanche,KG,1500.0,481.2,3.12,Prix à plus de 3 fois ou moins du tiers de la médiane du mois
2022-08-15,Bénin,Zou,Zangnanado,Kpedekpo,Carottes,KG,2188.75,712.5,3.07,Prix à plus de 3 fois ou moins du tiers de la médiane du mois
2022-09-15,Bénin,Atacora,Cobly,Cobly,Légumes-feuilles,KG,79.25,239.0,0.33,Prix à plus de 3 fois ou moins du tiers de la médiane du mois
2022-09-15,Bénin,Atlantique,Sô-Ava,So-Ava,Farine de manioc,KG,216.67,660.4,0.33,Prix à plus de 3 fois ou moins du tiers de la médiane du mois
2022-09-15,Bénin,Atlantique,Toffo,Sehoue,Huile de palmiste,KG,3700.0,1150.0,3.22,Prix à plus de 3 fois ou moins du tiers de la médiane du mois
2022-09-15,Bénin,Atlantique,Zè,Sèdjè-Dénou,Manioc frais,KG,533.33,150.0,3.56,Prix à plus de 3 fois ou moins du tiers de la médiane du mois
2022-09-15,Bénin,Borgou,Bembèrèkè,Bembèrèkè,Riz paddy,KG,5000.0,325.0,15.38,Prix à plus de 3 fois ou moins du tiers de la médiane du mois
2022-09-15,Bénin,Borgou,Nikki,Nikki,Igname sèche,KG,90.0,571.2,0.16,Prix à plus de 3 fois ou moins du tiers de la médiane du mois
2022-09-15,Bénin,Borgou,Nikki,Nikki,Igname blanche,KG,83.75,425.0,0.2,Prix à plus de 3 fois ou moins du tiers de la médiane du mois
2022-09-15,Bénin,Borgou,Nikki,Nikki,Noix de coco sèche,KG,78.75,393.5,0.2,Prix à plus de 3 fois ou moins du tiers de la médiane du mois
2022-09-15,Bénin,Borgou,Nikki,Nikki,Citrons,KG,50.0,248.5,0.2,Prix à plus de 3 fois ou moins du tiers de la médiane du mois
2022-09-15,Bénin,Borgou,Parakou,Parakou,Igname,KG,106.5,325.0,0.33,Prix à plus de 3 fois ou moins du tiers de la médiane du mois
2022-09-15,Bénin,Borgou,Parakou,Parakou,Igname blanche,KG,127.5,425.0,0.3,Prix à plus de 3 fois ou moins du tiers de la médiane du mois
2022-09-15,Bénin,Borgou,Sinendé,Sinendé,Tomates,KG,966.67,267.5,3.61,Prix à plus de 3 fois ou moins du tiers de la médiane du mois
2022-09-15,Bénin,Collines,Dassa-Zoumè,Dassa-Zoumè,Tomates,KG,966.67,267.5,3.61,Prix à plus de 3 fois ou moins du tiers de la médiane du mois
2022-09-15,Bénin,Collines,Glazoué,Glazoué,Igname,KG,96.0,325.0,0.3,Prix à plus de 3 fois ou moins du tiers de la médiane du mois
2022-09-15,Bénin,Collines,Glazoué,Glazoué,Igname blanche,KG,120.0,425.0,0.28,Prix à plus de 3 fois ou moins du tiers de la médiane du mois
2022-09-15,Bénin,Collines,Glazoué,Glazoué,Escargots,KG,442.67,1375.0,0.32,Prix à plus de 3 fois ou moins du tiers de la médiane du mois
2022-09-15,Bénin,Collines,Glazoué,Glazoué,Carottes,KG,235.0,775.0,0.3,Prix à plus de 3 fois ou moins du tiers de la médiane du mois
2022-09-15,Bénin,Donga,Bassila,Bassila,Carottes,KG,200.0,775.0,0.26,Prix à plus de 3 fois ou moins du tiers de la médiane du mois
2022-09-15,Bénin,Donga,Djougou,Djougou,Mil,KG,141.98,428.6,0.33,Prix à plus de 3 fois ou moins du tiers de la médiane du mois
2022-09-15,Bénin,Mono,Comé,Comé,Banane plantain,KG,122.5,510.4,0.24,Prix à plus de 3 fois ou moins du tiers de la médiane du mois
2022-09-15,Bénin,Ouémé,Dangbo,Dangbo,Crevettes,KG,2666.67,8593.1,0.31,Prix à plus de 3 fois ou moins du tiers de la médiane du mois
2022-09-15,Bénin,Plateau,Kétou,Kétou,Papaye,KG,825.0,240.6,3.43,Prix à plus de 3 fois ou moins du tiers de la médiane du mois
2022-09-15,Bénin,Plateau,Sakété,Yoko,Noix de coco sèche,KG,100.0,393.5,0.25,Prix à plus de 3 fois ou moins du tiers de la médiane du mois
2022-09-15,Bénin,Plateau,Sakété,Yoko,Oranges,KG,60.0,198.3,0.3,Prix à plus de 3 fois ou moins du tiers de la médiane du mois
2022-09-15,Bénin,Zou,Covè,Covè,Igname sèche,KG,2000.0,571.2,3.5,Prix à plus de 3 fois ou moins du tiers de la médiane du mois
2022-10-15,Bénin,Alibori,Banikoara,Banikoara,Haricots rouges,KG,200.0,749.3,0.27,Prix à plus de 3 fois ou moins du tiers de la médiane du mois
2022-10-15,Bénin,Atacora,Cobly,Cobly,Igname blanche,KG,128.0,385.2,0.33,Prix à plus de 3 fois ou moins du tiers de la médiane du mois
2022-10-15,Bénin,Atlantique,Abomey-Calavi,Zinvié,Légumes-feuilles,KG,57.33,220.8,0.26,Prix à plus de 3 fois ou moins du tiers de la médiane du mois
2022-10-15,Bénin,Atlantique,Abomey-Calavi,Zinvié,Citrons,KG,67.67,269.4,0.25,Prix à plus de 3 fois ou moins du tiers de la médiane du mois
2022-10-15,Bénin,Atlantique,Sô-Ava,So-Ava,Farine de manioc,KG,200.0,632.1,0.32,Prix à plus de 3 fois ou moins du tiers de la médiane du mois
2022-10-15,Bénin,Atlantique,Sô-Ava,So-Ava,Légumes-feuilles,KG,72.0,220.8,0.33,Prix à plus de 3 fois ou moins du tiers de la médiane du mois
2022-10-15,Bénin,Atlantique,Sô-Ava,So-Ava,Citrons,KG,65.33,269.4,0.24,Prix à plus de 3 fois ou moins du tiers de la médiane du mois
2022-10-15,Bénin,Atlantique,Toffo,Sehoue,Huile de palmiste,KG,3700.0,1208.3,3.06,Prix à plus de 3 fois ou moins du tiers de la médiane du mois
2022-10-15,Bénin,Atlantique,Zè,Sèdjè-Dénou,Manioc frais,KG,612.5,137.5,4.45,Prix à plus de 3 fois ou moins du tiers de la médiane du mois
2022-10-15,Bénin,Borgou,Bembèrèkè,Bembèrèkè,Riz paddy,KG,3500.0,260.0,13.46,Prix à plus de 3 fois ou moins du tiers de la médiane du mois
2022-10-15,Bénin,Borgou,Kalalé,Kalalé,Igname sèche,KG,3000.0,570.0,5.26,Prix à plus de 3 fois ou moins du tiers de la médiane du mois
2022-10-15,Bénin,Borgou,Nikki,Nikki,Igname sèche,KG,90.0,570.0,0.16,Prix à plus de 3 fois ou moins du tiers de la médiane du mois
2022-10-15,Bénin,Borgou,Nikki,Nikki,Igname blanche,KG,85.0,385.2,0.22,Prix à plus de 3 fois ou moins du tiers de la médiane du mois
2022-10-15,Bénin,Borgou,Nikki,Nikki,Noix de coco sèche,KG,70.0,400.0,0.18,Prix à plus de 3 fois ou moins du tiers de la médiane du mois
2022-10-15,Bénin,Borgou,Nikki,Nikki,Citrons,KG,42.5,269.4,0.16,Prix à plus de 3 fois ou moins du tiers de la médiane du mois
2022-10-15,Bénin,Borgou,Parakou,Parakou,Igname,KG,100.8,320.0,0.32,Prix à plus de 3 fois ou moins du tiers de la médiane du mois
2022-10-15,Bénin,Borgou,Parakou,Parakou,Igname blanche,KG,117.0,385.2,0.3,Prix à plus de 3 fois ou moins du tiers de la médiane du mois
2022-10-15,Bénin,Borgou,Sinendé,Sinendé,Gombo frais,KG,900.0,285.0,3.16,Prix à plus de 3 fois ou moins du tiers de la médiane du mois
2022-10-15,Bénin,Collines,Glazoué,Glazoué,Igname,KG,87.5,320.0,0.27,Prix à plus de 3 fois ou moins du tiers de la médiane du mois
2022-10-15,Bénin,Collines,Glazoué,Glazoué,Igname blanche,KG,109.0,385.2,0.28,Prix à plus de 3 fois ou moins du tiers de la médiane du mois
2022-10-15,Bénin,Collines,Glazoué,Glazoué,Escargots,KG,437.5,1800.0,0.24,Prix à plus de 3 fois ou moins du tiers de la médiane du mois
2022-10-15,Bénin,Collines,Ouèssè,Ouesse,Igname,KG,100.0,320.0,0.31,Prix à plus de 3 fois ou moins du tiers de la médiane du mois
2022-10-15,Bénin,Collines,Ouèssè,Ouesse,Igname blanche,KG,112.5,385.2,0.29,Prix à plus de 3 fois ou moins du tiers de la médiane du mois
2022-10-15,Bénin,Collines,Savalou,Savalou,Cossettes de manioc,KG,62.5,340.0,0.18,Prix à plus de 3 fois ou moins du tiers de la médiane du mois
2022-10-15,Bénin,Couffo,Dogbo,Dogbo,Tomates,KG,83.33,275.0,0.3,Prix à plus de 3 fois ou moins du tiers de la médiane du mois
2022-10-15,Bénin,Donga,Bassila,Bassila,Carottes,KG,200.0,675.0,0.3,Prix à plus de 3 fois ou moins du tiers de la médiane du mois
2022-10-15,Bénin,Mono,Comé,Comé,Banane plantain,KG,128.75,493.0,0.26,Prix à plus de 3 fois ou moins du tiers de la médiane du mois
2022-10-15,Bénin,Ouémé,Dangbo,Dangbo,Crevettes,KG,2633.33,8532.5,0.31,Prix à plus de 3 fois ou moins du tiers de la médiane du mois
2022-10-15,Bénin,Plateau,Adja-Ouèrè,Tatonnoukon,Gombo frais,KG,90.0,285.0,0.32,Prix à plus de 3 fois ou moins du tiers de la médiane du mois
2022-10-15,Bénin,Plateau,Kétou,Kétou,Papaye,KG,725.0,200.0,3.62,Prix à plus de 3 fois ou moins du tiers de la médiane du mois
2022-10-15,Bénin,Zou,Abomey,Abomey,Carottes,KG,2737.5,675.0,4.06,Prix à plus de 3 fois ou moins du tiers de la médiane du mois
2022-10-15,Bénin,Zou,Abomey,Abomey,Papaye,KG,662.5,200.0,3.31,Prix à plus de 3 fois ou moins du tiers de la médiane du mois
2022-10-15,Bénin,Zou,Covè,Covè,Igname sèche,KG,2000.0,570.0,3.51,Prix à plus de 3 fois ou moins du tiers de la médiane du mois
2022-10-15,Bénin,Zou,Covè,Covè,Oignons,KG,1833.33,565.6,3.24,Prix à plus de 3 fois ou moins du tiers de la médiane du mois
2022-10-15,Bénin,Zou,Zogbodomey,Zogbodomey,Oranges,KG,39.5,175.2,0.23,Prix à plus de 3 fois ou moins du tiers de la médiane du mois
2022-11-15,Bénin,Alibori,Banikoara,Banikoara,Haricots rouges,KG,200.0,610.5,0.33,Prix à plus de 3 fois ou moins du tiers de la médiane du mois
2022-11-15,Bénin,Atlantique,Abomey-Calavi,Zinvié,Légumes-feuilles,KG,55.0,225.0,0.24,Prix à plus de 3 fois ou moins du tiers de la médiane du mois
2022-11-15,Bénin,Atlantique,Abomey-Calavi,Zinvié,Citrons,KG,80.75,300.0,0.27,Prix à plus de 3 fois ou moins du tiers de la médiane du mois
2022-11-15,Bénin,Atlantique,Abomey-Calavi,Zinvié,Oignons,KG,117.0,559.2,0.21,Prix à plus de 3 fois ou moins du tiers de la médiane du mois
2022-11-15,Bénin,Atlantique,Allada,Sékou,Oranges,KG,59.0,186.2,0.32,Prix à plus de 3 fois ou moins du tiers de la médiane du mois
2022-11-15,Bénin,Atlantique,Sô-Ava,So-Ava,Farine de manioc,KG,200.0,707.6,0.28,Prix à plus de 3 fois ou moins du tiers de la médiane du mois
2022-11-15,Bénin,Atlantique,Zè,Sèdjè-Dénou,Manioc frais,KG,600.0,137.5,4.36,Prix à plus de 3 fois ou moins du tiers de la médiane du mois
2022-11-15,Bénin,Borgou,Bembèrèkè,Bembèrèkè,Riz paddy,KG,5000.0,256.2,19.51,Prix à plus de 3 fois ou moins du tiers de la médiane du mois
2022-11-15,Bénin,Borgou,Bembèrèkè,Bembèrèkè,Soja,KG,125.0,456.5,0.27,Prix à plus de 3 fois ou moins du tiers de la médiane du mois
2022-11-15,Bénin,Borgou,Kalalé,Kalalé,Igname sèche,KG,2750.0,575.0,4.78,Prix à plus de 3 fois ou moins du tiers de la médiane du mois
2022-11-15,Bénin,Borgou,Nikki,Nikki,Igname sèche,KG,90.0,575.0,0.16,Prix à plus de 3 fois ou moins du tiers de la médiane du mois
2022-11-15,Bénin,Borgou,Nikki,Nikki,Igname blanche,KG,95.0,376.2,0.25,Prix à plus de 3 fois ou moins du tiers de la médiane du mois
2022-11-15,Bénin,Borgou,Nikki,Nikki,Noix de coco sèche,KG,81.25,379.4,0.21,Prix à plus de 3 fois ou moins du tiers de la médiane du mois
2022-11-15,Bénin,Borgou,Nikki,Nikki,Citrons,KG,47.5,300.0,0.16,Prix à plus de 3 fois ou moins du tiers de la médiane du mois
2022-11-15,Bénin,Borgou,Parakou,Parakou,Igname blanche,KG,115.0,376.2,0.31,Prix à plus de 3 fois ou moins du tiers de la médiane du mois
2022-11-15,Bénin,Borgou,Tchaourou,Tchaourou,Soja,KG,148.51,456.5,0.33,Prix à plus de 3 fois ou moins du tiers de la médiane du mois
2022-11-15,Bénin,Borgou,Tchaourou,Tchaourou,Piment rouge sec,KG,1102.71,3846.2,0.29,Prix à plus de 3 fois ou moins du tiers de la médiane du mois
2022-11-15,Bénin,Collines,Glazoué,Glazoué,Igname,KG,91.75,300.0,0.31,Prix à plus de 3 fois ou moins du tiers de la médiane du mois
2022-11-15,Bénin,Collines,Savalou,Savalou,Cossettes de manioc,KG,62.5,300.0,0.21,Prix à plus de 3 fois ou moins du tiers de la médiane du mois
2022-11-15,Bénin,Couffo,Aplahoué,Azovè,Tomates,KG,78.75,250.0,0.32,Prix à plus de 3 fois ou moins du tiers de la médiane du mois
2022-11-15,Bénin,Couffo,Klouékanmè,Klouékanmè,Oranges,KG,43.33,186.2,0.23,Prix à plus de 3 fois ou moins du tiers de la médiane du mois
2022-11-15,Bénin,Couffo,Klouékanmè,Klouékanmè,Tomates,KG,75.0,250.0,0.3,Prix à plus de 3 fois ou moins du tiers de la médiane du mois
2022-11-15,Bénin,Donga,Bassila,Bassila,Carottes,KG,200.0,700.0,0.29,Prix à plus de 3 fois ou moins du tiers de la médiane du mois
2022-11-15,Bénin,Donga,Bassila,Bassila,Gombo frais,KG,100.0,302.5,0.33,Prix à plus de 3 fois ou moins du tiers de la médiane du mois
2022-11-15,Bénin,Mono,Comé,Comé,Banane plantain,KG,131.25,458.0,0.29,Prix à plus de 3 fois ou moins du tiers de la médiane du mois
2022-11-15,Bénin,Ouémé,Adjohoun,Azowlissè,Papaye,KG,56.5,200.0,0.28,Prix à plus de 3 fois ou moins du tiers de la médiane du mois
2022-11-15,Bénin,Ouémé,Dangbo,Dangbo,Crevettes,KG,2775.0,8509.4,0.33,Prix à plus de 3 fois ou moins du tiers de la médiane du mois
2022-11-15,Bénin,Plateau,Adja-Ouèrè,Tatonnoukon,Gombo frais,KG,90.0,302.5,0.3,Prix à plus de 3 fois ou moins du tiers de la médiane du mois
2022-11-15,Bénin,Plateau,Kétou,Kétou,Papaye,KG,668.75,200.0,3.34,Prix à plus de 3 fois ou moins du tiers de la médiane du mois
2022-11-15,Bénin,Plateau,Kétou,Kétou,Tomates,KG,75.0,250.0,0.3,Prix à plus de 3 fois ou moins du tiers de la médiane du mois
2022-11-15,Bénin,Plateau,Sakété,Yoko,Crevettes,KG,1400.0,8509.4,0.16,Prix à plus de 3 fois ou moins du tiers de la médiane du mois
2022-11-15,Bénin,Zou,Abomey,Abomey,Papaye,KG,700.0,200.0,3.5,Prix à plus de 3 fois ou moins du tiers de la médiane du mois
2022-11-15,Bénin,Zou,Covè,Covè,Igname sèche,KG,2000.0,575.0,3.48,Prix à plus de 3 fois ou moins du tiers de la médiane du mois
2022-11-15,Bénin,Zou,Covè,Covè,Oignons,KG,2100.0,559.2,3.76,Prix à plus de 3 fois ou moins du tiers de la médiane du mois
2022-11-15,Bénin,Zou,Ouinhi,Dasso,Carottes,KG,177.25,700.0,0.25,Prix à plus de 3 fois ou moins du tiers de la médiane du mois
2022-11-15,Bénin,Zou,Zangnanado,Kpedekpo,Oranges,KG,50.0,186.2,0.27,Prix à plus de 3 fois ou moins du tiers de la médiane du mois
2022-11-15,Bénin,Zou,Zangnanado,Kpedekpo,Papaye,KG,40.0,200.0,0.2,Prix à plus de 3 fois ou moins du tiers de la médiane du mois
2022-11-15,Bénin,Zou,Zogbodomey,Zogbodomey,Oranges,KG,60.5,186.2,0.32,Prix à plus de 3 fois ou moins du tiers de la médiane du mois
2022-12-15,Bénin,Atlantique,Abomey-Calavi,Zinvié,Citrons,KG,97.2,331.2,0.29,Prix à plus de 3 fois ou moins du tiers de la médiane du mois
2022-12-15,Bénin,Atlantique,Abomey-Calavi,Zinvié,Oignons,KG,99.2,500.0,0.2,Prix à plus de 3 fois ou moins du tiers de la médiane du mois
2022-12-15,Bénin,Atlantique,Allada,Sékou,Oranges,KG,43.75,192.5,0.23,Prix à plus de 3 fois ou moins du tiers de la médiane du mois
2022-12-15,Bénin,Atlantique,Sô-Ava,So-Ava,Farine de manioc,KG,200.0,707.6,0.28,Prix à plus de 3 fois ou moins du tiers de la médiane du mois
2022-12-15,Bénin,Atlantique,Toffo,Sehoue,Huile de palmiste,KG,3700.0,1166.7,3.17,Prix à plus de 3 fois ou moins du tiers de la médiane du mois
2022-12-15,Bénin,Atlantique,Toffo,Sehoue,Tomates,KG,65.0,321.7,0.2,Prix à plus de 3 fois ou moins du tiers de la médiane du mois
2022-12-15,Bénin,Atlantique,Zè,Sèdjè-Dénou,Manioc frais,KG,500.0,149.3,3.35,Prix à plus de 3 fois ou moins du tiers de la médiane du mois
2022-12-15,Bénin,Borgou,Bembèrèkè,Bembèrèkè,Riz paddy,KG,5000.0,272.9,18.32,Prix à plus de 3 fois ou moins du tiers de la médiane du mois
2022-12-15,Bénin,Borgou,Bembèrèkè,Bembèrèkè,Soja,KG,135.42,407.0,0.33,Prix à plus de 3 fois ou moins du tiers de la médiane du mois
2022-12-15,Bénin,Borgou,Kalalé,Kalalé,Igname sèche,KG,2911.0,580.0,5.02,Prix à plus de 3 fois ou moins du tiers de la médiane du mois
2022-12-15,Bénin,Borgou,Nikki,Nikki,Mil,KG,142.72,428.6,0.33,Prix à plus de 3 fois ou moins du tiers de la médiane du mois
2022-12-15,Bénin,Borgou,Nikki,Nikki,Igname sèche,KG,90.0,580.0,0.16,Prix à plus de 3 fois ou moins du tiers de la médiane du mois
2022-12-15,Bénin,Borgou,Nikki,Nikki,Igname blanche,KG,95.0,371.5,0.26,Prix à plus de 3 fois ou moins du tiers de la médiane du mois
2022-12-15,Bénin,Borgou,Nikki,Nikki,Noix de coco sèche,KG,81.25,344.3,0.24,Prix à plus de 3 fois ou moins du tiers de la médiane du mois
2022-12-15,Bénin,Borgou,Nikki,Nikki,Citrons,KG,50.0,331.2,0.15,Prix à plus de 3 fois ou moins du tiers de la médiane du mois
2022-12-15,Bénin,Borgou,Parakou,Parakou,Igname,KG,87.0,324.2,0.27,Prix à plus de 3 fois ou moins du tiers de la médiane du mois
2022-12-15,Bénin,Borgou,Parakou,Parakou,Igname blanche,KG,106.33,371.5,0.29,Prix à plus de 3 fois ou moins du tiers de la médiane du mois
2022-12-15,Bénin,Borgou,Tchaourou,Tchaourou,Crevettes,KG,1000.0,7747.3,0.13,Prix à plus de 3 fois ou moins du tiers de la médiane du mois
2022-12-15,Bénin,Borgou,Tchaourou,Tchaourou,Haricots rouges,KG,180.98,574.1,0.32,Prix à plus de 3 fois ou moins du tiers de la médiane du mois
2022-12-15,Bénin,Borgou,Tchaourou,Tchaourou,Soja,KG,99.01,407.0,0.24,Prix à plus de 3 fois ou moins du tiers de la médiane du mois
2022-12-15,Bénin,Borgou,Tchaourou,Tchaourou,Citrons,KG,109.5,331.2,0.33,Prix à plus de 3 fois ou moins du tiers de la médiane du mois
2022-12-15,Bénin,Collines,Glazoué,Glazoué,Igname,KG,94.33,324.2,0.29,Prix à plus de 3 fois ou moins du tiers de la médiane du mois
2022-12-15,Bénin,Collines,Ouèssè,Ouesse,Soja,KG,114.19,407.0,0.28,Prix à plus de 3 fois ou moins du tiers de la médiane du mois
2022-12-15,Bénin,Collines,Savalou,Savalou,Escargots,KG,5500.0,1800.0,3.06,Prix à plus de 3 fois ou moins du tiers de la médiane du mois
2022-12-15,Bénin,Couffo,Klouékanmè,Klouékanmè,Oranges,KG,35.0,192.5,0.18,Prix à plus de 3 fois ou moins du tiers de la médiane du mois
2022-12-15,Bénin,Donga,Bassila,Bassila,Carottes,KG,200.0,692.5,0.29,Prix à plus de 3 fois ou moins du tiers de la médiane du mois
2022-12-15,Bénin,Donga,Bassila,Bassila,Citrons,KG,100.0,331.2,0.3,Prix à plus de 3 fois ou moins du tiers de la médiane du mois
2022-12-15,Bénin,Donga,Bassila,Bassila,Gombo frais,KG,100.0,306.2,0.33,Prix à plus de 3 fois ou moins du tiers de la médiane du mois
2022-12-15,Bénin,Donga,Djougou,Djougou,Mil,KG,141.98,428.6,0.33,Prix à plus de 3 fois ou moins du tiers de la médiane du mois
2022-12-15,Bénin,Ouémé,Adjohoun,Azowlissè,Papaye,KG,61.75,200.0,0.31,Prix à plus de 3 fois ou moins du tiers de la médiane du mois
2022-12-15,Bénin,Ouémé,Bonou,Affamè,Gombo frais,KG,80.0,306.2,0.26,Prix à plus de 3 fois ou moins du tiers de la médiane du mois
2022-12-15,Bénin,Ouémé,Dangbo,Dangbo,Crevettes,KG,2430.0,7747.3,0.31,Prix à plus de 3 fois ou moins du tiers de la médiane du mois
2022-12-15,Bénin,Plateau,Adja-Ouèrè,Tatonnoukon,Gombo frais,KG,90.0,306.2,0.29,Prix à plus de 3 fois ou moins du tiers de la médiane du mois
2022-12-15,Bénin,Plateau,Kétou,Kétou,Papaye,KG,893.75,200.0,4.47,Prix à plus de 3 fois ou moins du tiers de la médiane du mois
2022-12-15,Bénin,Plateau,Sakété,Yoko,Crevettes,KG,1100.0,7747.3,0.14,Prix à plus de 3 fois ou moins du tiers de la médiane du mois
2022-12-15,Bénin,Zou,Covè,Covè,Oignons,KG,2005.33,500.0,4.01,Prix à plus de 3 fois ou moins du tiers de la médiane du mois
2022-12-15,Bénin,Zou,Zangnanado,Kpedekpo,Igname,KG,102.5,324.2,0.32,Prix à plus de 3 fois ou moins du tiers de la médiane du mois
2022-12-15,Bénin,Zou,Zangnanado,Kpedekpo,Gombo frais,KG,53.75,306.2,0.18,Prix à plus de 3 fois ou moins du tiers de la médiane du mois
2022-12-15,Bénin,Zou,Zangnanado,Kpedekpo,Oranges,KG,57.5,192.5,0.3,Prix à plus de 3 fois ou moins du tiers de la médiane du mois
2022-12-15,Bénin,Zou,Zangnanado,Kpedekpo,Papaye,KG,30.0,200.0,0.15,Prix à plus de 3 fois ou moins du tiers de la médiane du mois
2022-12-15,Bénin,Zou,Zangnanado,Kpedekpo,Tomates,KG,80.0,321.7,0.25,Prix à plus de 3 fois ou moins du tiers de la médiane du mois
2023-01-15,Bénin,Atlantique,Sô-Ava,So-Ava,Patate douce,KG,60.0,208.1,0.29,Prix à plus de 3 fois ou moins du tiers de la médiane du mois
2023-01-15,Bénin,Atlantique,Sô-Ava,So-Ava,Noix de coco sèche,KG,15.0,367.0,0.04,Prix à plus de 3 fois ou moins du tiers de la médiane du mois
2023-01-15,Bénin,Atlantique,Sô-Ava,So-Ava,Légumes-feuilles,KG,88.5,269.0,0.33,Prix à plus de 3 fois ou moins du tiers de la médiane du mois
2023-01-15,Bénin,Atlantique,Toffo,Sehoue,Huile de palmiste,KG,3700.0,1200.0,3.08,Prix à plus de 3 fois ou moins du tiers de la médiane du mois
2023-01-15,Bénin,Atlantique,Zè,Sèdjè-Dénou,Manioc frais,KG,500.0,150.0,3.33,Prix à plus de 3 fois ou moins du tiers de la médiane du mois
2023-01-15,Bénin,Borgou,Bembèrèkè,Bembèrèkè,Riz paddy,KG,5000.0,275.0,18.18,Prix à plus de 3 fois ou moins du tiers de la médiane du mois
2023-01-15,Bénin,Borgou,Kalalé,Kalalé,Igname sèche,KG,4050.0,612.1,6.62,Prix à plus de 3 fois ou moins du tiers de la médiane du mois
2023-01-15,Bénin,Borgou,Kalalé,Kalalé,Crevettes,KG,140.0,8797.5,0.02,Prix à plus de 3 fois ou moins du tiers de la médiane du mois
2023-01-15,Bénin,Borgou,Nikki,Nikki,Mil,KG,118.11,444.2,0.27,Prix à plus de 3 fois ou moins du tiers de la médiane du mois
2023-01-15,Bénin,Borgou,Nikki,Nikki,Igname sèche,KG,85.0,612.1,0.14,Prix à plus de 3 fois ou moins du tiers de la médiane du mois
2023-01-15,Bénin,Borgou,Nikki,Nikki,Igname blanche,KG,95.0,411.0,0.23,Prix à plus de 3 fois ou moins du tiers de la médiane du mois
2023-01-15,Bénin,Borgou,Nikki,Nikki,Noix de coco sèche,KG,80.0,367.0,0.22,Prix à plus de 3 fois ou moins du tiers de la médiane du mois
2023-01-15,Bénin,Borgou,Nikki,Nikki,Citrons,KG,60.0,350.0,0.17,Prix à plus de 3 fois ou moins du tiers de la médiane du mois
2023-01-15,Bénin,Borgou,Parakou,Parakou,Igname,KG,85.33,350.0,0.24,Prix à plus de 3 fois ou moins du tiers de la médiane du mois
2023-01-15,Bénin,Borgou,Parakou,Parakou,Igname blanche,KG,106.0,411.0,0.26,Prix à plus de 3 fois ou moins du tiers de la médiane du mois
2023-01-15,Bénin,Borgou,Tchaourou,Tchaourou,Haricots rouges,KG,182.33,555.6,0.33,Prix à plus de 3 fois ou moins du tiers de la médiane du mois
2023-01-15,Bénin,Borgou,Tchaourou,Tchaourou,Citrons,KG,109.0,350.0,0.31,Prix à plus de 3 fois ou moins du tiers de la médiane du mois
2023-01-15,Bénin,Collines,Dassa-Zoumè,Dassa-Zoumè,Gari fin,KG,1293.1,416.7,3.1,Prix à plus de 3 fois ou moins du tiers de la médiane du mois
2023-01-15,Bénin,Collines,Dassa-Zoumè,Dassa-Zoumè,Farine d'igname,KG,2985.07,947.8,3.15,Prix à plus de 3 fois ou moins du tiers de la médiane du mois
2023-01-15,Bénin,Collines,Dassa-Zoumè,Dassa-Zoumè,Oranges,KG,700.0,177.5,3.94,Prix à plus de 3 fois ou moins du tiers de la médiane du mois
2023-01-15,Bénin,Collines,Glazoué,Glazoué,Igname,KG,100.0,350.0,0.29,Prix à plus de 3 fois ou moins du tiers de la médiane du mois
2023-01-15,Bénin,Collines,Ouèssè,Ouesse,Soja,KG,112.46,382.5,0.29,Prix à plus de 3 fois ou moins du tiers de la médiane du mois
2023-01-15,Bénin,Couffo,Aplahoué,Azovè,"Arachide (petite, en coque)",KG,287.82,946.0,0.3,Prix à plus de 3 fois ou moins du tiers de la médiane du mois
2023-01-15,Bénin,Couffo,Klouékanmè,Klouékanmè,Oranges,KG,40.0,177.5,0.23,Prix à plus de 3 fois ou moins du tiers de la médiane du mois
2023-01-15,Bénin,Donga,Bassila,Bassila,Carottes,KG,200.0,648.7,0.31,Prix à plus de 3 fois ou moins du tiers de la médiane du mois
2023-01-15,Bénin,Donga,Bassila,Bassila,Citrons,KG,100.0,350.0,0.29,Prix à plus de 3 fois ou moins du tiers de la médiane du mois
2023-01-15,Bénin,Donga,Bassila,Bassila,Gombo frais,KG,100.0,317.7,0.31,Prix à plus de 3 fois ou moins du tiers de la médiane du mois
2023-01-15,Bénin,Donga,Djougou,Djougou,Mil,KG,141.98,444.2,0.32,Prix à plus de 3 fois ou moins du tiers de la médiane du mois
2023-01-15,Bénin,Donga,Ouaké,Kassoua-Allah,Chou,KG,154.0,500.0,0.31,Prix à plus de 3 fois ou moins du tiers de la médiane du mois
2023-01-15,Bénin,Mono,Comé,Comé,Banane plantain,KG,123.75,455.0,0.27,Prix à plus de 3 fois ou moins du tiers de la médiane du mois
2023-01-15,Bénin,Ouémé,Adjohoun,Azowlissè,Papaye,KG,62.5,200.0,0.31,Prix à plus de 3 fois ou moins du tiers de la médiane du mois
2023-01-15,Bénin,Plateau,Adja-Ouèrè,Tatonnoukon,Gombo frais,KG,90.0,317.7,0.28,Prix à plus de 3 fois ou moins du tiers de la médiane du mois
2023-01-15,Bénin,Plateau,Kétou,Kétou,Papaye,KG,893.75,200.0,4.47,Prix à plus de 3 fois ou moins du tiers de la médiane du mois
2023-01-15,Bénin,Plateau,Sakété,Yoko,Carottes,KG,174.5,648.7,0.27,Prix à plus de 3 fois ou moins du tiers de la médiane du mois
2023-01-15,Bénin,Plateau,Sakété,Yoko,Oranges,KG,58.0,177.5,0.33,Prix à plus de 3 fois ou moins du tiers de la médiane du mois
2023-01-15,Bénin,Zou,Covè,Covè,Igname sèche,KG,2500.0,612.1,4.08,Prix à plus de 3 fois ou moins du tiers de la médiane du mois
2023-01-15,Bénin,Zou,Covè,Covè,Oignons,KG,1500.0,460.1,3.26,Prix à plus de 3 fois ou moins du tiers de la médiane du mois
2023-01-15,Bénin,Zou,Zangnanado,Kpedekpo,Papaye,KG,46.25,200.0,0.23,Prix à plus de 3 fois ou moins du tiers de la médiane du mois
2023-02-15,Bénin,Atlantique,Abomey-Calavi,Zinvié,Légumes-feuilles,KG,82.5,286.2,0.29,Prix à plus de 3 fois ou moins du tiers de la médiane du mois
2023-02-15,Bénin,Atlantique,Sô-Ava,So-Ava,Farine de manioc,KG,200.0,603.1,0.33,Prix à plus de 3 fois ou moins du tiers de la médiane du mois
2023-02-15,Bénin,Atlantique,Sô-Ava,So-Ava,Gombo frais,KG,91.5,405.0,0.23,Prix à plus de 3 fois ou moins du tiers de la médiane du mois
2023-02-15,Bénin,Atlantique,Toffo,Ouègbo,Farine de manioc,KG,125.0,603.1,0.21,Prix à plus de 3 fois ou moins du tiers de la médiane du mois
2023-02-15,Bénin,Atlantique,Toffo,Sehoue,Huile de palmiste,KG,3700.0,1200.0,3.08,Prix à plus de 3 fois ou moins du tiers de la médiane du mois
2023-02-15,Bénin,Borgou,Bembèrèkè,Bembèrèkè,Riz paddy,KG,5000.0,279.2,17.91,Prix à plus de 3 fois ou moins du tiers de la médiane du mois
2023-02-15,Bénin,Borgou,Kalalé,Kalalé,Igname sèche,KG,3875.0,475.0,8.16,Prix à plus de 3 fois ou moins du tiers de la médiane du mois
2023-02-15,Bénin,Borgou,Nikki,Nikki,Igname sèche,KG,90.0,475.0,0.19,Prix à plus de 3 fois ou moins du tiers de la médiane du mois
2023-02-15,Bénin,Borgou,Nikki,Nikki,Igname blanche,KG,95.0,382.8,0.25,Prix à plus de 3 fois ou moins du tiers de la médiane du mois
2023-02-15,Bénin,Borgou,Nikki,Nikki,Noix de coco sèche,KG,78.33,433.3,0.18,Prix à plus de 3 fois ou moins du tiers de la médiane du mois
2023-02-15,Bénin,Borgou,Nikki,Nikki,Citrons,KG,60.0,344.3,0.17,Prix à plus de 3 fois ou moins du tiers de la médiane du mois
2023-02-15,Bénin,Borgou,Parakou,Parakou,Igname,KG,94.67,300.0,0.32,Prix à plus de 3 fois ou moins du tiers de la médiane du mois
2023-02-15,Bénin,Borgou,Tchaourou,Tchaourou,Soja,KG,74.81,373.0,0.2,Prix à plus de 3 fois ou moins du tiers de la médiane du mois
2023-02-15,Bénin,Borgou,Tchaourou,Tchaourou,Citrons,KG,111.33,344.3,0.32,Prix à plus de 3 fois ou moins du tiers de la médiane du mois
2023-02-15,Bénin,Collines,Dassa-Zoumè,Dassa-Zoumè,Gari fin,KG,1293.1,416.7,3.1,Prix à plus de 3 fois ou moins du tiers de la médiane du mois
2023-02-15,Bénin,Collines,Dassa-Zoumè,Dassa-Zoumè,Igname sèche,KG,1633.33,475.0,3.44,Prix à plus de 3 fois ou moins du tiers de la médiane du mois
2023-02-15,Bénin,Collines,Dassa-Zoumè,Dassa-Zoumè,Oranges,KG,566.67,187.2,3.03,Prix à plus de 3 fois ou moins du tiers de la médiane du mois
2023-02-15,Bénin,Collines,Ouèssè,Ouesse,Soja,KG,116.78,373.0,0.31,Prix à plus de 3 fois ou moins du tiers de la médiane du mois
2023-02-15,Bénin,Couffo,Klouékanmè,Klouékanmè,Crevettes,KG,400.0,7806.2,0.05,Prix à plus de 3 fois ou moins du tiers de la médiane du mois
2023-02-15,Bénin,Couffo,Klouékanmè,Klouékanmè,Papaye,KG,750.0,216.7,3.46,Prix à plus de 3 fois ou moins du tiers de la médiane du mois
2023-02-15,Bénin,Donga,Bassila,Bassila,Carottes,KG,200.0,612.5,0.33,Prix à plus de 3 fois ou moins du tiers de la médiane du mois
2023-02-15,Bénin,Donga,Bassila,Bassila,Citrons,KG,100.0,344.3,0.29,Prix à plus de 3 fois ou moins du tiers de la médiane du mois
2023-02-15,Bénin,Donga,Bassila,Bassila,Gombo frais,KG,100.0,405.0,0.25,Prix à plus de 3 fois ou moins du tiers de la médiane du mois
2023-02-15,Bénin,Mono,Comé,Comé,Banane plantain,KG,145.0,456.3,0.32,Prix à plus de 3 fois ou moins du tiers de la médiane du mois
2023-02-15,Bénin,Plateau,Adja-Ouèrè,Tatonnoukon,Gombo frais,KG,90.0,405.0,0.22,Prix à plus de 3 fois ou moins du tiers de la médiane du mois
2023-02-15,Bénin,Plateau,Adja-Ouèrè,Tatonnoukon,Oranges,KG,580.0,187.2,3.1,Prix à plus de 3 fois ou moins du tiers de la médiane du mois
2023-02-15,Bénin,Plateau,Kétou,Kétou,Crevettes,KG,400.0,7806.2,0.05,Prix à plus de 3 fois ou moins du tiers de la médiane du mois
2023-02-15,Bénin,Plateau,Sakété,Yoko,Crevettes,KG,1424.0,7806.2,0.18,Prix à plus de 3 fois ou moins du tiers de la médiane du mois
2023-02-15,Bénin,Plateau,Sakété,Yoko,Carottes,KG,133.0,612.5,0.22,Prix à plus de 3 fois ou moins du tiers de la médiane du mois
2023-02-15,Bénin,Zou,Abomey,Abomey,Igname sèche,KG,1525.0,475.0,3.21,Prix à plus de 3 fois ou moins du tiers de la médiane du mois
2023-02-15,Bénin,Zou,Abomey,Abomey,Papaye,KG,812.5,216.7,3.75,Prix à plus de 3 fois ou moins du tiers de la médiane du mois
2023-02-15,Bénin,Zou,Ouinhi,Dasso,Taro,KG,92.67,307.5,0.3,Prix à plus de 3 fois ou moins du tiers de la médiane du mois
2023-02-15,Bénin,Zou,Ouinhi,Dasso,Noix de coco sèche,KG,127.33,433.3,0.29,Prix à plus de 3 fois ou moins du tiers de la médiane du mois
2023-02-15,Bénin,Zou,Ouinhi,Dasso,Gombo frais,KG,65.0,405.0,0.16,Prix à plus de 3 fois ou moins du tiers de la médiane du mois
2023-02-15,Bénin,Zou,Zangnanado,Kpedekpo,Igname sèche,KG,1460.0,475.0,3.07,Prix à plus de 3 fois ou moins du tiers de la médiane du mois
2023-02-15,Bénin,Zou,Zangnanado,Kpedekpo,Papaye,KG,53.75,216.7,0.25,Prix à plus de 3 fois ou moins du tiers de la médiane du mois
2023-02-15,Bénin,Zou,Zogbodomey,Zogbodomey,Oignons,KG,106.67,390.0,0.27,Prix à plus de 3 fois ou moins du tiers de la médiane du mois
2023-03-15,Bénin,Atacora,Cobly,Cobly,Noix de coco sèche,KG,1393.25,400.0,3.48,Prix à plus de 3 fois ou moins du tiers de la médiane du mois
2023-03-15,Bénin,Atlantique,Allada,Sékou,Oranges,KG,60.0,189.2,0.32,Prix à plus de 3 fois ou moins du tiers de la médiane du mois
2023-03-15,Bénin,Atlantique,Toffo,Sehoue,Huile de palmiste,KG,3700.0,1200.0,3.08,Prix à plus de 3 fois ou moins du tiers de la médiane du mois
2023-03-15,Bénin,Borgou,Bembèrèkè,Bembèrèkè,Riz paddy,KG,5000.0,278.1,17.98,Prix à plus de 3 fois ou moins du tiers de la médiane du mois
2023-03-15,Bénin,Borgou,Kalalé,Kalalé,Igname sèche,KG,3900.0,537.5,7.26,Prix à plus de 3 fois ou moins du tiers de la médiane du mois
2023-03-15,Bénin,Borgou,Nikki,Nikki,Mil,KG,127.95,420.0,0.3,Prix à plus de 3 fois ou moins du tiers de la médiane du mois
2023-03-15,Bénin,Borgou,Nikki,Nikki,Igname sèche,KG,90.0,537.5,0.17,Prix à plus de 3 fois ou moins du tiers de la médiane du mois
2023-03-15,Bénin,Borgou,Nikki,Nikki,Igname blanche,KG,95.0,422.5,0.22,Prix à plus de 3 fois ou moins du tiers de la médiane du mois
2023-03-15,Bénin,Borgou,Nikki,Nikki,Noix de coco sèche,KG,72.5,400.0,0.18,Prix à plus de 3 fois ou moins du tiers de la médiane du mois
2023-03-15,Bénin,Borgou,Nikki,Nikki,Citrons,KG,62.5,380.6,0.16,Prix à plus de 3 fois ou moins du tiers de la médiane du mois
2023-03-15,Bénin,Borgou,Parakou,Parakou,Igname,KG,104.5,317.5,0.33,Prix à plus de 3 fois ou moins du tiers de la médiane du mois
2023-03-15,Bénin,Borgou,Parakou,Parakou,Igname blanche,KG,122.5,422.5,0.29,Prix à plus de 3 fois ou moins du tiers de la médiane du mois
2023-03-15,Bénin,Borgou,Tchaourou,Tchaourou,Soja,KG,72.61,357.3,0.2,Prix à plus de 3 fois ou moins du tiers de la médiane du mois
2023-03-15,Bénin,Borgou,Tchaourou,Tchaourou,Citrons,KG,111.0,380.6,0.29,Prix à plus de 3 fois ou moins du tiers de la médiane du mois
2023-03-15,Bénin,Collines,Dassa-Zoumè,Dassa-Zoumè,Manioc frais,KG,533.33,162.5,3.28,Prix à plus de 3 fois ou moins du tiers de la médiane du mois
2023-03-15,Bénin,Collines,Dassa-Zoumè,Dassa-Zoumè,Gari fin,KG,1293.1,416.7,3.1,Prix à plus de 3 fois ou moins du tiers de la médiane du mois
2023-03-15,Bénin,Donga,Bassila,Bassila,Citrons,KG,100.0,380.6,0.26,Prix à plus de 3 fois ou moins du tiers de la médiane du mois
2023-03-15,Bénin,Plateau,Adja-Ouèrè,Tatonnoukon,Gombo frais,KG,90.0,418.8,0.21,Prix à plus de 3 fois ou moins du tiers de la médiane du mois
2023-03-15,Bénin,Plateau,Adja-Ouèrè,Tatonnoukon,Oranges,KG,580.0,189.2,3.07,Prix à plus de 3 fois ou moins du tiers de la médiane du mois
2023-03-15,Bénin,Plateau,Kétou,Kétou,Crevettes,KG,425.0,9602.5,0.04,Prix à plus de 3 fois ou moins du tiers de la médiane du mois
2023-03-15,Bénin,Plateau,Kétou,Kétou,Papaye,KG,722.0,225.0,3.21,Prix à plus de 3 fois ou moins du tiers de la médiane du mois
2023-03-15,Bénin,Plateau,Sakété,Yoko,Crevettes,KG,1370.0,9602.5,0.14,Prix à plus de 3 fois ou moins du tiers de la médiane du mois
2023-03-15,Bénin,Plateau,Sakété,Yoko,Légumes-feuilles,KG,65.67,291.7,0.23,Prix à plus de 3 fois ou moins du tiers de la médiane du mois
2023-03-15,Bénin,Plateau,Sakété,Yoko,Citrons,KG,120.67,380.6,0.32,Prix à plus de 3 fois ou moins du tiers de la médiane du mois
2023-03-15,Bénin,Plateau,Sakété,Yoko,Gombo frais,KG,130.5,418.8,0.31,Prix à plus de 3 fois ou moins du tiers de la médiane du mois
2023-03-15,Bénin,Zou,Bohicon,Bohicon,Chou,KG,1275.0,396.9,3.21,Prix à plus de 3 fois ou moins du tiers de la médiane du mois
2023-03-15,Bénin,Zou,Covè,Covè,Chou,KG,1200.0,396.9,3.02,Prix à plus de 3 fois ou moins du tiers de la médiane du mois
2023-03-15,Bénin,Zou,Ouinhi,Dasso,Taro,KG,73.0,245.0,0.3,Prix à plus de 3 fois ou moins du tiers de la médiane du mois
2023-03-15,Bénin,Zou,Ouinhi,Dasso,Carottes,KG,120.67,583.2,0.21,Prix à plus de 3 fois ou moins du tiers de la médiane du mois
2023-03-15,Bénin,Zou,Ouinhi,Dasso,Noix de coco sèche,KG,111.33,400.0,0.28,Prix à plus de 3 fois ou moins du tiers de la médiane du mois
2023-03-15,Bénin,Zou,Zangnanado,Kpedekpo,Papaye,KG,55.0,225.0,0.24,Prix à plus de 3 fois ou moins du tiers de la médiane du mois
2023-03-15,Bénin,Zou,Zogbodomey,Zogbodomey,Carottes,KG,168.4,583.2,0.29,Prix à plus de 3 fois ou moins du tiers de la médiane du mois
2023-04-15,Bénin,Alibori,Karimama,Karimama,Maïs jaune,KG,1000.0,221.0,4.52,Prix à plus de 3 fois ou moins du tiers de la médiane du mois
2023-04-15,Bénin,Alibori,Karimama,Karimama,Igname,KG,1166.0,353.1,3.3,Prix à plus de 3 fois ou moins du tiers de la médiane du mois
2023-04-15,Bénin,Alibori,Karimama,Karimama,Citrons,KG,1674.0,474.0,3.53,Prix à plus de 3 fois ou moins du tiers de la médiane du mois
2023-04-15,Bénin,Atacora,Cobly,Cobly,Tapioca,KG,3055.56,720.5,4.24,Prix à plus de 3 fois ou moins du tiers de la médiane du mois
2023-04-15,Bénin,Atacora,Cobly,Cobly,Crevettes,KG,476.0,7785.0,0.06,Prix à plus de 3 fois ou moins du tiers de la médiane du mois
2023-04-15,Bénin,Atlantique,Zè,Zè,Escargots,KG,444.0,1775.0,0.25,Prix à plus de 3 fois ou moins du tiers de la médiane du mois
2023-04-15,Bénin,Borgou,Bembèrèkè,Bembèrèkè,Riz paddy,KG,5000.0,325.0,15.38,Prix à plus de 3 fois ou moins du tiers de la médiane du mois
2023-04-15,Bénin,Borgou,Kalalé,Kalalé,Igname sèche,KG,4625.0,631.2,7.33,Prix à plus de 3 fois ou moins du tiers de la médiane du mois
2023-04-15,Bénin,Borgou,Kalalé,Kalalé,Farine d'igname,KG,4477.61,1000.0,4.48,Prix à plus de 3 fois ou moins du tiers de la médiane du mois
2023-04-15,Bénin,Borgou,Kalalé,Kalalé,Haricots rouges,KG,1744.19,559.6,3.12,Prix à plus de 3 fois ou moins du tiers de la médiane du mois
2023-04-15,Bénin,Borgou,Nikki,Nikki,Mil,KG,137.8,415.4,0.33,Prix à plus de 3 fois ou moins du tiers de la médiane du mois
2023-04-15,Bénin,Borgou,Nikki,Nikki,Igname sèche,KG,90.0,631.2,0.14,Prix à plus de 3 fois ou moins du tiers de la médiane du mois
2023-04-15,Bénin,Borgou,Nikki,Nikki,Igname blanche,KG,95.0,425.0,0.22,Prix à plus de 3 fois ou moins du tiers de la médiane du mois
2023-04-15,Bénin,Borgou,Nikki,Nikki,Noix de coco sèche,KG,78.75,396.7,0.2,Prix à plus de 3 fois ou moins du tiers de la médiane du mois
2023-04-15,Bénin,Borgou,Nikki,Nikki,Citrons,KG,70.0,474.0,0.15,Prix à plus de 3 fois ou moins du tiers de la médiane du mois
2023-04-15,Bénin,Borgou,Parakou,Parakou,Igname,KG,102.2,353.1,0.29,Prix à plus de 3 fois ou moins du tiers de la médiane du mois
2023-04-15,Bénin,Borgou,Parakou,Parakou,Igname blanche,KG,119.0,425.0,0.28,Prix à plus de 3 fois ou moins du tiers de la médiane du mois
2023-04-15,Bénin,Borgou,Sinendé,Sinendé,Carottes,KG,150.0,595.8,0.25,Prix à plus de 3 fois ou moins du tiers de la médiane du mois
2023-04-15,Bénin,Borgou,Sinendé,Sinendé,Tomates,KG,137.5,608.8,0.23,Prix à plus de 3 fois ou moins du tiers de la médiane du mois
2023-04-15,Bénin,Borgou,Tchaourou,Tchaourou,Igname,KG,2000.0,353.1,5.66,Prix à plus de 3 fois ou moins du tiers de la médiane du mois
2023-04-15,Bénin,Borgou,Tchaourou,Tchaourou,Gombo frais,KG,90.0,444.0,0.2,Prix à plus de 3 fois ou moins du tiers de la médiane du mois
2023-04-15,Bénin,Collines,Dassa-Zoumè,Dassa-Zoumè,Oignons,KG,1150.0,354.5,3.24,Prix à plus de 3 fois ou moins du tiers de la médiane du mois
2023-04-15,Bénin,Collines,Glazoué,Glazoué,Riz paddy,KG,101.49,325.0,0.31,Prix à plus de 3 fois ou moins du tiers de la médiane du mois
2023-04-15,Bénin,Collines,Savalou,Savalou,Cossettes de manioc,KG,97.5,300.0,0.32,Prix à plus de 3 fois ou moins du tiers de la médiane du mois
2023-04-15,Bénin,Collines,Savalou,Savalou,Farine de manioc,KG,1748.59,501.9,3.48,Prix à plus de 3 fois ou moins du tiers de la médiane du mois
2023-04-15,Bénin,Donga,Bassila,Bassila,Citrons,KG,100.0,474.0,0.21,Prix à plus de 3 fois ou moins du tiers de la médiane du mois
2023-04-15,Bénin,Donga,Bassila,Bassila,Tomates,KG,190.0,608.8,0.31,Prix à plus de 3 fois ou moins du tiers de la médiane du mois
2023-04-15,Bénin,Donga,Djougou,Djougou,Gombo frais,KG,1375.0,444.0,3.1,Prix à plus de 3 fois ou moins du tiers de la médiane du mois
2023-04-15,Bénin,Ouémé,Adjohoun,Azowlissè,Légumes-feuilles,KG,67.25,256.2,0.26,Prix à plus de 3 fois ou moins du tiers de la médiane du mois
2023-04-15,Bénin,Ouémé,Porto-Novo,Ahidahomè (Porto-Novo),Piment rouge sec,KG,17211.54,3846.2,4.48,Prix à plus de 3 fois ou moins du tiers de la médiane du mois
2023-04-15,Bénin,Plateau,Adja-Ouèrè,Tatonnoukon,Igname,KG,2000.0,353.1,5.66,Prix à plus de 3 fois ou moins du tiers de la médiane du mois
2023-04-15,Bénin,Plateau,Adja-Ouèrè,Tatonnoukon,Gombo frais,KG,90.0,444.0,0.2,Prix à plus de 3 fois ou moins du tiers de la médiane du mois
2023-04-15,Bénin,Plateau,Kétou,Kétou,Crevettes,KG,625.0,7785.0,0.08,Prix à plus de 3 fois ou moins du tiers de la médiane du mois
2023-04-15,Bénin,Plateau,Kétou,Kétou,Papaye,KG,850.0,250.0,3.4,Prix à plus de 3 fois ou moins du tiers de la médiane du mois
2023-04-15,Bénin,Zou,Ouinhi,Dasso,Carottes,KG,129.5,595.8,0.22,Prix à plus de 3 fois ou moins du tiers de la médiane du mois
2023-04-15,Bénin,Zou,Ouinhi,Dasso,Gombo frais,KG,111.0,444.0,0.25,Prix à plus de 3 fois ou moins du tiers de la médiane du mois
2023-04-15,Bénin,Zou,Zangnanado,Kpedekpo,Oranges,KG,63.75,225.0,0.28,Prix à plus de 3 fois ou moins du tiers de la médiane du mois
2023-04-15,Bénin,Zou,Zangnanado,Kpedekpo,Papaye,KG,55.0,250.0,0.22,Prix à plus de 3 fois ou moins du tiers de la médiane du mois
2023-04-15,Bénin,Zou,Zogbodomey,Zogbodomey,Carottes,KG,144.0,595.8,0.24,Prix à plus de 3 fois ou moins du tiers de la médiane du mois
2023-05-15,Bénin,Alibori,Karimama,Karimama,Maïs jaune,KG,1000.0,214.3,4.67,Prix à plus de 3 fois ou moins du tiers de la médiane du mois
2023-05-15,Bénin,Alibori,Karimama,Karimama,Patate douce,KG,935.5,281.5,3.32,Prix à plus de 3 fois ou moins du tiers de la médiane du mois
2023-05-15,Bénin,Alibori,Karimama,Karimama,Citrons,KG,1515.0,467.2,3.24,Prix à plus de 3 fois ou moins du tiers de la médiane du mois
2023-05-15,Bénin,Atacora,Cobly,Cobly,Tapioca,KG,3055.56,740.7,4.13,Prix à plus de 3 fois ou moins du tiers de la médiane du mois
2023-05-15,Bénin,Atlantique,Abomey-Calavi,Zinvié,Patate douce,KG,90.25,281.5,0.32,Prix à plus de 3 fois ou moins du tiers de la médiane du mois
2023-05-15,Bénin,Atlantique,Sô-Ava,So-Ava,Farine de manioc,KG,200.0,660.4,0.3,Prix à plus de 3 fois ou moins du tiers de la médiane du mois
2023-05-15,Bénin,Atlantique,Toffo,Sehoue,Légumes-feuilles,KG,75.0,236.2,0.32,Prix à plus de 3 fois ou moins du tiers de la médiane du mois
2023-05-15,Bénin,Borgou,Bembèrèkè,Bembèrèkè,Riz paddy,KG,4000.0,316.7,12.63,Prix à plus de 3 fois ou moins du tiers de la médiane du mois
2023-05-15,Bénin,Borgou,Kalalé,Kalalé,Igname sèche,KG,5000.0,538.3,9.29,Prix à plus de 3 fois ou moins du tiers de la médiane du mois
2023-05-15,Bénin,Borgou,Kalalé,Kalalé,Haricots rouges,KG,1744.19,579.2,3.01,Prix à plus de 3 fois ou moins du tiers de la médiane du mois
2023-05-15,Bénin,Borgou,Nikki,Nikki,Igname sèche,KG,95.0,538.3,0.18,Prix à plus de 3 fois ou moins du tiers de la médiane du mois
2023-05-15,Bénin,Borgou,Nikki,Nikki,Igname blanche,KG,95.0,450.0,0.21,Prix à plus de 3 fois ou moins du tiers de la médiane du mois
2023-05-15,Bénin,Borgou,Nikki,Nikki,Noix de coco sèche,KG,75.0,343.8,0.22,Prix à plus de 3 fois ou moins du tiers de la médiane du mois
2023-05-15,Bénin,Borgou,Nikki,Nikki,Citrons,KG,70.0,467.2,0.15,Prix à plus de 3 fois ou moins du tiers de la médiane du mois
2023-05-15,Bénin,Borgou,Parakou,Parakou,Igname,KG,92.0,343.8,0.27,Prix à plus de 3 fois ou moins du tiers de la médiane du mois
2023-05-15,Bénin,Borgou,Parakou,Parakou,Igname blanche,KG,113.33,450.0,0.25,Prix à plus de 3 fois ou moins du tiers de la médiane du mois
2023-05-15,Bénin,Borgou,Tchaourou,Tchaourou,Citrons,KG,112.0,467.2,0.24,Prix à plus de 3 fois ou moins du tiers de la médiane du mois
2023-05-15,Bénin,Borgou,Tchaourou,Tchaourou,Tomates,KG,197.0,665.8,0.3,Prix à plus de 3 fois ou moins du tiers de la médiane du mois
2023-05-15,Bénin,Collines,Dassa-Zoumè,Dassa-Zoumè,Igname sèche,KG,1633.33,538.3,3.03,Prix à plus de 3 fois ou moins du tiers de la médiane du mois
2023-05-15,Bénin,Collines,Savalou,Savalou,Cossettes de manioc,KG,63.33,300.0,0.21,Prix à plus de 3 fois ou moins du tiers de la médiane du mois
2023-05-15,Bénin,Couffo,Aplahoué,Azovè,"Arachide (petite, en coque)",KG,301.2,946.0,0.32,Prix à plus de 3 fois ou moins du tiers de la médiane du mois
2023-05-15,Bénin,Couffo,Klouékanmè,Klouékanmè,Oranges,KG,60.0,200.0,0.3,Prix à plus de 3 fois ou moins du tiers de la médiane du mois
2023-05-15,Bénin,Donga,Bassila,Bassila,Carottes,KG,200.0,657.9,0.3,Prix à plus de 3 fois ou moins du tiers de la médiane du mois
2023-05-15,Bénin,Donga,Bassila,Bassila,Citrons,KG,100.0,467.2,0.21,Prix à plus de 3 fois ou moins du tiers de la médiane du mois
2023-05-15,Bénin,Donga,Bassila,Bassila,Tomates,KG,190.0,665.8,0.29,Prix à plus de 3 fois ou moins du tiers de la médiane du mois
2023-05-15,Bénin,Donga,Djougou,Djougou,Mil,KG,138.89,428.6,0.32,Prix à plus de 3 fois ou moins du tiers de la médiane du mois
2023-05-15,Bénin,Donga,Djougou,Djougou,Gombo frais,KG,1466.67,425.0,3.45,Prix à plus de 3 fois ou moins du tiers de la médiane du mois
2023-05-15,Bénin,Mono,Comé,Comé,Manioc frais,KG,58.75,186.0,0.32,Prix à plus de 3 fois ou moins du tiers de la médiane du mois
2023-05-15,Bénin,Ouémé,Adjohoun,Azowlissè,Légumes-feuilles,KG,69.75,236.2,0.3,Prix à plus de 3 fois ou moins du tiers de la médiane du mois
2023-05-15,Bénin,Ouémé,Bonou,Affamè,Carottes,KG,100.0,657.9,0.15,Prix à plus de 3 fois ou moins du tiers de la médiane du mois
2023-05-15,Bénin,Plateau,Adja-Ouèrè,Tatonnoukon,Gombo frais,KG,90.0,425.0,0.21,Prix à plus de 3 fois ou moins du tiers de la médiane du mois
2023-05-15,Bénin,Plateau,Kétou,Kétou,Crevettes,KG,875.0,10250.0,0.09,Prix à plus de 3 fois ou moins du tiers de la médiane du mois
2023-05-15,Bénin,Plateau,Kétou,Kétou,Papaye,KG,806.25,219.5,3.67,Prix à plus de 3 fois ou moins du tiers de la médiane du mois
2023-05-15,Bénin,Zou,Ouinhi,Dasso,Chou,KG,141.67,449.2,0.32,Prix à plus de 3 fois ou moins du tiers de la médiane du mois
2023-05-15,Bénin,Zou,Ouinhi,Dasso,Carottes,KG,210.0,657.9,0.32,Prix à plus de 3 fois ou moins du tiers de la médiane du mois
2023-05-15,Bénin,Zou,Ouinhi,Dasso,Papaye,KG,71.5,219.5,0.33,Prix à plus de 3 fois ou moins du tiers de la médiane du mois
2023-05-15,Bénin,Zou,Zangnanado,Kpedekpo,Igname sèche,KG,1626.67,538.3,3.02,Prix à plus de 3 fois ou moins du tiers de la médiane du mois
2023-05-15,Bénin,Zou,Zangnanado,Kpedekpo,Huile de palme,L,3600.0,1000.0,3.6,Prix à plus de 3 fois ou moins du tiers de la médiane du mois
2023-05-15,Bénin,Zou,Zangnanado,Kpedekpo,Papaye,KG,58.33,219.5,0.27,Prix à plus de 3 fois ou moins du tiers de la médiane du mois
2023-05-15,Bénin,Zou,Zogbodomey,Zogbodomey,Carottes,KG,128.0,657.9,0.19,Prix à plus de 3 fois ou moins du tiers de la médiane du mois
2023-06-15,Bénin,Alibori,Karimama,Karimama,Manioc frais,KG,892.0,165.0,5.41,Prix à plus de 3 fois ou moins du tiers de la médiane du mois
2023-06-15,Bénin,Alibori,Karimama,Karimama,Maïs jaune,KG,1000.0,226.7,4.41,Prix à plus de 3 fois ou moins du tiers de la médiane du mois
2023-06-15,Bénin,Alibori,Karimama,Karimama,Patate douce,KG,909.67,235.0,3.87,Prix à plus de 3 fois ou moins du tiers de la médiane du mois
2023-06-15,Bénin,Alibori,Karimama,Karimama,Igname,KG,1093.0,359.8,3.04,Prix à plus de 3 fois ou moins du tiers de la médiane du mois
2023-06-15,Bénin,Atacora,Cobly,Cobly,Tapioca,KG,3055.56,694.4,4.4,Prix à plus de 3 fois ou moins du tiers de la médiane du mois
2023-06-15,Bénin,Atlantique,Abomey-Calavi,Zinvié,Patate douce,KG,78.0,235.0,0.33,Prix à plus de 3 fois ou moins du tiers de la médiane du mois
2023-06-15,Bénin,Atlantique,Toffo,Sehoue,Légumes-feuilles,KG,64.5,258.3,0.25,Prix à plus de 3 fois ou moins du tiers de la médiane du mois
2023-06-15,Bénin,Borgou,Bembèrèkè,Bembèrèkè,Riz paddy,KG,4000.0,329.2,12.15,Prix à plus de 3 fois ou moins du tiers de la médiane du mois
2023-06-15,Bénin,Borgou,Kalalé,Kalalé,Igname sèche,KG,5125.0,556.2,9.21,Prix à plus de 3 fois ou moins du tiers de la médiane du mois
2023-06-15,Bénin,Borgou,Kalalé,Kalalé,Haricots rouges,KG,1744.19,537.8,3.24,Prix à plus de 3 fois ou moins du tiers de la médiane du mois
2023-06-15,Bénin,Borgou,Nikki,Nikki,Igname sèche,KG,95.0,556.2,0.17,Prix à plus de 3 fois ou moins du tiers de la médiane du mois
2023-06-15,Bénin,Borgou,Nikki,Nikki,Igname blanche,KG,95.0,467.0,0.2,Prix à plus de 3 fois ou moins du tiers de la médiane du mois
2023-06-15,Bénin,Borgou,Nikki,Nikki,Noix de coco sèche,KG,80.0,350.0,0.23,Prix à plus de 3 fois ou moins du tiers de la médiane du mois
2023-06-15,Bénin,Borgou,Nikki,Nikki,Citrons,KG,60.0,471.1,0.13,Prix à plus de 3 fois ou moins du tiers de la médiane du mois
2023-06-15,Bénin,Borgou,Parakou,Parakou,Igname,KG,101.33,359.8,0.28,Prix à plus de 3 fois ou moins du tiers de la médiane du mois
2023-06-15,Bénin,Borgou,Sinendé,Sinendé,Tomates,KG,175.0,616.5,0.28,Prix à plus de 3 fois ou moins du tiers de la médiane du mois
2023-06-15,Bénin,Borgou,Tchaourou,Tchaourou,Carottes,KG,193.0,800.0,0.24,Prix à plus de 3 fois ou moins du tiers de la médiane du mois
2023-06-15,Bénin,Borgou,Tchaourou,Tchaourou,Citrons,KG,127.33,471.1,0.27,Prix à plus de 3 fois ou moins du tiers de la médiane du mois
2023-06-15,Bénin,Collines,Dassa-Zoumè,Dassa-Zoumè,Igname sèche,KG,1700.0,556.2,3.06,Prix à plus de 3 fois ou moins du tiers de la médiane du mois
2023-06-15,Bénin,Collines,Glazoué,Glazoué,Carottes,KG,261.5,800.0,0.33,Prix à plus de 3 fois ou moins du tiers de la médiane du mois
2023-06-15,Bénin,Couffo,Klouékanmè,Klouékanmè,Citrons,KG,133.33,471.1,0.28,Prix à plus de 3 fois ou moins du tiers de la médiane du mois
2023-06-15,Bénin,Couffo,Klouékanmè,Klouékanmè,Oranges,KG,48.33,185.8,0.26,Prix à plus de 3 fois ou moins du tiers de la médiane du mois
2023-06-15,Bénin,Donga,Bassila,Bassila,Carottes,KG,200.0,800.0,0.25,Prix à plus de 3 fois ou moins du tiers de la médiane du mois
2023-06-15,Bénin,Donga,Bassila,Bassila,Citrons,KG,100.0,471.1,0.21,Prix à plus de 3 fois ou moins du tiers de la médiane du mois
2023-06-15,Bénin,Donga,Bassila,Bassila,Tomates,KG,195.0,616.5,0.32,Prix à plus de 3 fois ou moins du tiers de la médiane du mois
2023-06-15,Bénin,Littoral,Cotonou,Dantokpa,Taro,KG,227.5,810.0,0.28,Prix à plus de 3 fois ou moins du tiers de la médiane du mois
2023-06-15,Bénin,Ouémé,Bonou,Affamè,Blé,KG,5.0,606.2,0.01,Prix à plus de 3 fois ou moins du tiers de la médiane du mois
2023-06-15,Bénin,Plateau,Adja-Ouèrè,Tatonnoukon,Gombo frais,KG,90.0,384.7,0.23,Prix à plus de 3 fois ou moins du tiers de la médiane du mois
2023-06-15,Bénin,Plateau,Kétou,Kétou,Crevettes,KG,1025.0,9740.8,0.11,Prix à plus de 3 fois ou moins du tiers de la médiane du mois
2023-06-15,Bénin,Plateau,Kétou,Kétou,Papaye,KG,906.25,266.2,3.4,Prix à plus de 3 fois ou moins du tiers de la médiane du mois
2023-06-15,Bénin,Plateau,Sakété,Yoko,Crevettes,KG,1470.0,9740.8,0.15,Prix à plus de 3 fois ou moins du tiers de la médiane du mois
2023-06-15,Bénin,Plateau,Sakété,Yoko,Légumes-feuilles,KG,81.0,258.3,0.31,Prix à plus de 3 fois ou moins du tiers de la médiane du mois
2023-06-15,Bénin,Zou,Covè,Covè,Oignons,KG,1350.0,406.7,3.32,Prix à plus de 3 fois ou moins du tiers de la médiane du mois
2023-06-15,Bénin,Zou,Ouinhi,Dasso,Carottes,KG,239.0,800.0,0.3,Prix à plus de 3 fois ou moins du tiers de la médiane du mois
2023-06-15,Bénin,Zou,Zangnanado,Kpedekpo,Gombo frais,KG,107.5,384.7,0.28,Prix à plus de 3 fois ou moins du tiers de la médiane du mois
2023-06-15,Bénin,Zou,Zangnanado,Kpedekpo,Oranges,KG,61.25,185.8,0.33,Prix à plus de 3 fois ou moins du tiers de la médiane du mois
2023-06-15,Bénin,Zou,Zangnanado,Kpedekpo,Papaye,KG,60.0,266.2,0.23,Prix à plus de 3 fois ou moins du tiers de la médiane du mois
2023-06-15,Bénin,Zou,Zogbodomey,Zogbodomey,Citrons,KG,150.5,471.1,0.32,Prix à plus de 3 fois ou moins du tiers de la médiane du mois
2023-07-15,Bénin,Alibori,Karimama,Karimama,Manioc frais,KG,855.33,161.8,5.29,Prix à plus de 3 fois ou moins du tiers de la médiane du mois
2023-07-15,Bénin,Alibori,Karimama,Karimama,Maïs jaune,KG,1000.0,252.5,3.96,Prix à plus de 3 fois ou moins du tiers de la médiane du mois
2023-07-15,Bénin,Alibori,Karimama,Karimama,Tilapia,KG,409.67,1717.5,0.24,Prix à plus de 3 fois ou moins du tiers de la médiane du mois
2023-07-15,Bénin,Atacora,Cobly,Cobly,Tapioca,KG,3107.64,722.2,4.3,Prix à plus de 3 fois ou moins du tiers de la médiane du mois
2023-07-15,Bénin,Atacora,Natitingou,Natitingou,Crevettes,KG,2386.5,7537.1,0.32,Prix à plus de 3 fois ou moins du tiers de la médiane du mois
2023-07-15,Bénin,Atlantique,Toffo,Sehoue,Légumes-feuilles,KG,68.0,255.6,0.27,Prix à plus de 3 fois ou moins du tiers de la médiane du mois
2023-07-15,Bénin,Borgou,Bembèrèkè,Bembèrèkè,Riz paddy,KG,5000.0,255.0,19.61,Prix à plus de 3 fois ou moins du tiers de la médiane du mois
2023-07-15,Bénin,Borgou,Bembèrèkè,Bembèrèkè,Tomates,KG,140.0,460.0,0.3,Prix à plus de 3 fois ou moins du tiers de la médiane du mois
2023-07-15,Bénin,Borgou,Kalalé,Kalalé,Igname sèche,KG,5500.0,625.0,8.8,Prix à plus de 3 fois ou moins du tiers de la médiane du mois
2023-07-15,Bénin,Borgou,Nikki,Nikki,Igname sèche,KG,95.0,625.0,0.15,Prix à plus de 3 fois ou moins du tiers de la médiane du mois
2023-07-15,Bénin,Borgou,Nikki,Nikki,Igname blanche,KG,95.0,522.7,0.18,Prix à plus de 3 fois ou moins du tiers de la médiane du mois
2023-07-15,Bénin,Borgou,Nikki,Nikki,Noix de coco sèche,KG,80.0,363.3,0.22,Prix à plus de 3 fois ou moins du tiers de la médiane du mois
2023-07-15,Bénin,Borgou,Nikki,Nikki,Citrons,KG,50.0,353.5,0.14,Prix à plus de 3 fois ou moins du tiers de la médiane du mois
2023-07-15,Bénin,Borgou,Parakou,Parakou,Igname,KG,96.33,382.5,0.25,Prix à plus de 3 fois ou moins du tiers de la médiane du mois
2023-07-15,Bénin,Borgou,Parakou,Parakou,Igname blanche,KG,119.5,522.7,0.23,Prix à plus de 3 fois ou moins du tiers de la médiane du mois
2023-07-15,Bénin,Borgou,Tchaourou,Tchaourou,Carottes,KG,176.0,799.4,0.22,Prix à plus de 3 fois ou moins du tiers de la médiane du mois
2023-07-15,Bénin,Collines,Dassa-Zoumè,Dassa-Zoumè,Tomates,KG,1433.33,460.0,3.12,Prix à plus de 3 fois ou moins du tiers de la médiane du mois
2023-07-15,Bénin,Collines,Glazoué,Glazoué,Escargots,KG,458.33,1550.0,0.3,Prix à plus de 3 fois ou moins du tiers de la médiane du mois
2023-07-15,Bénin,Collines,Glazoué,Glazoué,Carottes,KG,260.0,799.4,0.33,Prix à plus de 3 fois ou moins du tiers de la médiane du mois
2023-07-15,Bénin,Couffo,Dogbo,Dogbo,Farine d'igname,KG,194.81,1022.4,0.19,Prix à plus de 3 fois ou moins du tiers de la médiane du mois
2023-07-15,Bénin,Couffo,Klouékanmè,Klouékanmè,Oranges,KG,60.0,184.4,0.33,Prix à plus de 3 fois ou moins du tiers de la médiane du mois
2023-07-15,Bénin,Donga,Bassila,Bassila,Carottes,KG,200.0,799.4,0.25,Prix à plus de 3 fois ou moins du tiers de la médiane du mois
2023-07-15,Bénin,Donga,Bassila,Bassila,Citrons,KG,100.0,353.5,0.28,Prix à plus de 3 fois ou moins du tiers de la médiane du mois
2023-07-15,Bénin,Mono,Comé,Comé,Banane plantain,KG,186.25,605.4,0.31,Prix à plus de 3 fois ou moins du tiers de la médiane du mois
2023-07-15,Bénin,Plateau,Adja-Ouèrè,Tatonnoukon,Gombo frais,KG,90.0,350.0,0.26,Prix à plus de 3 fois ou moins du tiers de la médiane du mois
2023-07-15,Bénin,Plateau,Kétou,Kétou,Crevettes,KG,1025.0,7537.1,0.14,Prix à plus de 3 fois ou moins du tiers de la médiane du mois
2023-07-15,Bénin,Plateau,Kétou,Kétou,Papaye,KG,962.5,262.5,3.67,Prix à plus de 3 fois ou moins du tiers de la médiane du mois
2023-07-15,Bénin,Plateau,Sakété,Yoko,Crevettes,KG,1626.0,7537.1,0.22,Prix à plus de 3 fois ou moins du tiers de la médiane du mois
2023-07-15,Bénin,Zou,Covè,Covè,Oignons,KG,1500.0,434.0,3.46,Prix à plus de 3 fois ou moins du tiers de la médiane du mois
2023-07-15,Bénin,Zou,Covè,Covè,Tomates,KG,1800.0,460.0,3.91,Prix à plus de 3 fois ou moins du tiers de la médiane du mois
2023-08-15,Bénin,Alibori,Karimama,Karimama,Maïs jaune,KG,1000.0,252.5,3.96,Prix à plus de 3 fois ou moins du tiers de la médiane du mois
2023-08-15,Bénin,Alibori,Karimama,Karimama,Patate douce,KG,700.0,200.0,3.5,Prix à plus de 3 fois ou moins du tiers de la médiane du mois
2023-08-15,Bénin,Alibori,Karimama,Karimama,Tilapia,KG,303.0,1777.5,0.17,Prix à plus de 3 fois ou moins du tiers de la médiane du mois
2023-08-15,Bénin,Atacora,Kérou,Kérou,Crevettes,KG,350.0,7461.9,0.05,Prix à plus de 3 fois ou moins du tiers de la médiane du mois
2023-08-15,Bénin,Atacora,Cobly,Cobly,Tapioca,KG,3090.28,694.4,4.45,Prix à plus de 3 fois ou moins du tiers de la médiane du mois
2023-08-15,Bénin,Atlantique,Abomey-Calavi,Zinvié,Gombo frais,KG,94.0,355.5,0.26,Prix à plus de 3 fois ou moins du tiers de la médiane du mois
2023-08-15,Bénin,Atlantique,Toffo,Sehoue,Légumes-feuilles,KG,73.0,255.6,0.29,Prix à plus de 3 fois ou moins du tiers de la médiane du mois
2023-08-15,Bénin,Atlantique,Zè,Sèdjè-Dénou,Manioc frais,KG,425.0,132.5,3.21,Prix à plus de 3 fois ou moins du tiers de la médiane du mois
2023-08-15,Bénin,Borgou,Bembèrèkè,Bembèrèkè,Riz paddy,KG,5000.0,262.5,19.05,Prix à plus de 3 fois ou moins du tiers de la médiane du mois
2023-08-15,Bénin,Borgou,Kalalé,Kalalé,Igname sèche,KG,6200.0,675.0,9.19,Prix à plus de 3 fois ou moins du tiers de la médiane du mois
2023-08-15,Bénin,Borgou,Nikki,Nikki,Mil,KG,162.4,517.2,0.31,Prix à plus de 3 fois ou moins du tiers de la médiane du mois
2023-08-15,Bénin,Borgou,Nikki,Nikki,Igname sèche,KG,95.0,675.0,0.14,Prix à plus de 3 fois ou moins du tiers de la médiane du mois
2023-08-15,Bénin,Borgou,Nikki,Nikki,Igname blanche,KG,95.0,430.0,0.22,Prix à plus de 3 fois ou moins du tiers de la médiane du mois
2023-08-15,Bénin,Borgou,Nikki,Nikki,Noix de coco sèche,KG,82.5,362.8,0.23,Prix à plus de 3 fois ou moins du tiers de la médiane du mois
2023-08-15,Bénin,Borgou,Nikki,Nikki,Citrons,KG,50.0,280.1,0.18,Prix à plus de 3 fois ou moins du tiers de la médiane du mois
2023-08-15,Bénin,Borgou,Nikki,Nikki,Oignons,KG,167.5,504.0,0.33,Prix à plus de 3 fois ou moins du tiers de la médiane du mois
2023-08-15,Bénin,Borgou,Parakou,Parakou,Igname,KG,105.0,339.9,0.31,Prix à plus de 3 fois ou moins du tiers de la médiane du mois
2023-08-15,Bénin,Borgou,Parakou,Parakou,Igname blanche,KG,140.33,430.0,0.33,Prix à plus de 3 fois ou moins du tiers de la médiane du mois
2023-08-15,Bénin,Collines,Glazoué,Glazoué,Escargots,KG,400.0,1375.0,0.29,Prix à plus de 3 fois ou moins du tiers de la médiane du mois
2023-08-15,Bénin,Couffo,Aplahoué,Azovè,"Arachide (petite, en coque)",KG,281.12,844.6,0.33,Prix à plus de 3 fois ou moins du tiers de la médiane du mois
2023-08-15,Bénin,Donga,Bassila,Bassila,Carottes,KG,200.0,878.8,0.23,Prix à plus de 3 fois ou moins du tiers de la médiane du mois
2023-08-15,Bénin,Donga,Bassila,Bassila,Gombo frais,KG,100.0,355.5,0.28,Prix à plus de 3 fois ou moins du tiers de la médiane du mois
2023-08-15,Bénin,Donga,Djougou,Djougou,Mil,KG,163.58,517.2,0.32,Prix à plus de 3 fois ou moins du tiers de la médiane du mois
2023-08-15,Bénin,Mono,Comé,Comé,Banane plantain,KG,155.0,564.8,0.27,Prix à plus de 3 fois ou moins du tiers de la médiane du mois
2023-08-15,Bénin,Plateau,Adja-Ouèrè,Tatonnoukon,Gombo frais,KG,90.0,355.5,0.25,Prix à plus de 3 fois ou moins du tiers de la médiane du mois
2023-08-15,Bénin,Plateau,Kétou,Kétou,Crevettes,KG,1025.0,7461.9,0.14,Prix à plus de 3 fois ou moins du tiers de la médiane du mois
2023-08-15,Bénin,Plateau,Kétou,Kétou,Papaye,KG,912.5,222.5,4.1,Prix à plus de 3 fois ou moins du tiers de la médiane du mois
2023-08-15,Bénin,Plateau,Sakété,Yoko,Crevettes,KG,1234.0,7461.9,0.17,Prix à plus de 3 fois ou moins du tiers de la médiane du mois
2023-08-15,Bénin,Zou,Covè,Covè,Oignons,KG,1725.0,504.0,3.42,Prix à plus de 3 fois ou moins du tiers de la médiane du mois
2023-08-15,Bénin,Zou,Covè,Covè,Tomates,KG,1325.0,350.0,3.79,Prix à plus de 3 fois ou moins du tiers de la médiane du mois
2023-08-15,Bénin,Zou,Zangnanado,Kpedekpo,Crevettes,KG,2107.5,7461.9,0.28,Prix à plus de 3 fois ou moins du tiers de la médiane du mois
2023-08-15,Bénin,Zou,Zogbodomey,Zogbodomey,Carottes,KG,3639.67,878.8,4.14,Prix à plus de 3 fois ou moins du tiers de la médiane du mois
2023-09-15,Bénin,Alibori,Karimama,Karimama,Manioc frais,KG,481.0,136.5,3.52,Prix à plus de 3 fois ou moins du tiers de la médiane du mois
2023-09-15,Bénin,Alibori,Karimama,Karimama,Maïs jaune,KG,980.0,246.0,3.98,Prix à plus de 3 fois ou moins du tiers de la médiane du mois
2023-09-15,Bénin,Alibori,Karimama,Karimama,Patate douce,KG,650.0,200.0,3.25,Prix à plus de 3 fois ou moins du tiers de la médiane du mois
2023-09-15,Bénin,Alibori,Karimama,Karimama,Tilapia,KG,300.0,1712.5,0.18,Prix à plus de 3 fois ou moins du tiers de la médiane du mois
2023-09-15,Bénin,Atacora,Cobly,Cobly,Tapioca,KG,3125.0,694.4,4.5,Prix à plus de 3 fois ou moins du tiers de la médiane du mois
2023-09-15,Bénin,Atacora,Natitingou,Natitingou,Crevettes,KG,2547.14,8224.2,0.31,Prix à plus de 3 fois ou moins du tiers de la médiane du mois
2023-09-15,Bénin,Atacora,Natitingou,Natitingou,Piment rouge sec,KG,14560.44,3846.2,3.79,Prix à plus de 3 fois ou moins du tiers de la médiane du mois
2023-09-15,Bénin,Atlantique,Toffo,Sehoue,Légumes-feuilles,KG,67.0,234.8,0.29,Prix à plus de 3 fois ou moins du tiers de la médiane du mois
2023-09-15,Bénin,Atlantique,Zè,Sèdjè-Dénou,Manioc frais,KG,412.5,136.5,3.02,Prix à plus de 3 fois ou moins du tiers de la médiane du mois
2023-09-15,Bénin,Borgou,Bembèrèkè,Bembèrèkè,Riz paddy,KG,4000.0,275.0,14.55,Prix à plus de 3 fois ou moins du tiers de la médiane du mois
2023-09-15,Bénin,Borgou,Kalalé,Kalalé,Igname sèche,KG,4833.33,612.5,7.89,Prix à plus de 3 fois ou moins du tiers de la médiane du mois
2023-09-15,Bénin,Borgou,Nikki,Nikki,Mil,KG,157.48,517.2,0.3,Prix à plus de 3 fois ou moins du tiers de la médiane du mois
2023-09-15,Bénin,Borgou,Nikki,Nikki,Igname sèche,KG,95.0,612.5,0.16,Prix à plus de 3 fois ou moins du tiers de la médiane du mois
2023-09-15,Bénin,Borgou,Nikki,Nikki,Igname blanche,KG,91.67,400.0,0.23,Prix à plus de 3 fois ou moins du tiers de la médiane du mois
2023-09-15,Bénin,Borgou,Nikki,Nikki,Noix de coco sèche,KG,80.0,375.2,0.21,Prix à plus de 3 fois ou moins du tiers de la médiane du mois
2023-09-15,Bénin,Borgou,Nikki,Nikki,Citrons,KG,50.0,250.0,0.2,Prix à plus de 3 fois ou moins du tiers de la médiane du mois
2023-09-15,Bénin,Borgou,Nikki,Nikki,Oignons,KG,153.33,528.2,0.29,Prix à plus de 3 fois ou moins du tiers de la médiane du mois
2023-09-15,Bénin,Borgou,Parakou,Parakou,Igname,KG,87.67,290.8,0.3,Prix à plus de 3 fois ou moins du tiers de la médiane du mois
2023-09-15,Bénin,Borgou,Parakou,Parakou,Igname blanche,KG,121.5,400.0,0.3,Prix à plus de 3 fois ou moins du tiers de la médiane du mois
2023-09-15,Bénin,Collines,Dassa-Zoumè,Dassa-Zoumè,"Arachide (petite, en coque)",KG,138.89,837.8,0.17,Prix à plus de 3 fois ou moins du tiers de la médiane du mois
2023-09-15,Bénin,Collines,Glazoué,Glazoué,Carottes,KG,207.33,800.0,0.26,Prix à plus de 3 fois ou moins du tiers de la médiane du mois
2023-09-15,Bénin,Donga,Bassila,Bassila,Crevettes,KG,200.0,8224.2,0.02,Prix à plus de 3 fois ou moins du tiers de la médiane du mois
2023-09-15,Bénin,Donga,Bassila,Bassila,Carottes,KG,200.0,800.0,0.25,Prix à plus de 3 fois ou moins du tiers de la médiane du mois
2023-09-15,Bénin,Donga,Bassila,Bassila,Gombo frais,KG,100.0,320.0,0.31,Prix à plus de 3 fois ou moins du tiers de la médiane du mois
2023-09-15,Bénin,Donga,Djougou,Djougou,Mil,KG,163.58,517.2,0.32,Prix à plus de 3 fois ou moins du tiers de la médiane du mois
2023-09-15,Bénin,Mono,Comé,Comé,Banane plantain,KG,155.0,495.5,0.31,Prix à plus de 3 fois ou moins du tiers de la médiane du mois
2023-09-15,Bénin,Plateau,Adja-Ouèrè,Tatonnoukon,Gombo frais,KG,90.0,320.0,0.28,Prix à plus de 3 fois ou moins du tiers de la médiane du mois
2023-09-15,Bénin,Plateau,Adja-Ouèrè,Tatonnoukon,Oranges,KG,560.0,175.0,3.2,Prix à plus de 3 fois ou moins du tiers de la médiane du mois
2023-09-15,Bénin,Plateau,Kétou,Kétou,Crevettes,KG,1100.0,8224.2,0.13,Prix à plus de 3 fois ou moins du tiers de la médiane du mois
2023-09-15,Bénin,Plateau,Kétou,Kétou,Papaye,KG,768.75,243.8,3.15,Prix à plus de 3 fois ou moins du tiers de la médiane du mois
2023-09-15,Bénin,Zou,Covè,Covè,Oignons,KG,1675.0,528.2,3.17,Prix à plus de 3 fois ou moins du tiers de la médiane du mois
2023-09-15,Bénin,Zou,Zangnanado,Kpedekpo,Igname blanche,KG,121.67,400.0,0.3,Prix à plus de 3 fois ou moins du tiers de la médiane du mois
2023-09-15,Bénin,Zou,Zangnanado,Kpedekpo,Oranges,KG,55.0,175.0,0.31,Prix à plus de 3 fois ou moins du tiers de la médiane du mois
2023-09-15,Bénin,Zou,Zogbodomey,Zogbodomey,Carottes,KG,4063.0,800.0,5.08,Prix à plus de 3 fois ou moins du tiers de la médiane du mois
2023-10-15,Bénin,Alibori,Karimama,Karimama,Manioc frais,KG,459.5,130.0,3.53,Prix à plus de 3 fois ou moins du tiers de la médiane du mois
2023-10-15,Bénin,Alibori,Karimama,Karimama,Maïs jaune,KG,800.0,220.0,3.64,Prix à plus de 3 fois ou moins du tiers de la médiane du mois
2023-10-15,Bénin,Alibori,Karimama,Karimama,Patate douce,KG,700.0,200.0,3.5,Prix à plus de 3 fois ou moins du tiers de la médiane du mois
2023-10-15,Bénin,Alibori,Karimama,Karimama,Igname,KG,1160.0,307.0,3.78,Prix à plus de 3 fois ou moins du tiers de la médiane du mois
2023-10-15,Bénin,Atacora,Cobly,Cobly,Tapioca,KG,3107.75,694.0,4.48,Prix à plus de 3 fois ou moins du tiers de la médiane du mois
2023-10-15,Bénin,Atacora,Péhunco,Péhunco,Oranges,KG,560.0,156.2,3.58,Prix à plus de 3 fois ou moins du tiers de la médiane du mois
2023-10-15,Bénin,Atlantique,Allada,Sékou,Crevettes,KG,270.0,7303.1,0.04,Prix à plus de 3 fois ou moins du tiers de la médiane du mois
2023-10-15,Bénin,Atlantique,Toffo,Sehoue,Légumes-feuilles,KG,56.5,240.0,0.24,Prix à plus de 3 fois ou moins du tiers de la médiane du mois
2023-10-15,Bénin,Atlantique,Zè,Sèdjè-Dénou,Manioc frais,KG,416.67,130.0,3.21,Prix à plus de 3 fois ou moins du tiers de la médiane du mois
2023-10-15,Bénin,Borgou,Bembèrèkè,Bembèrèkè,Riz paddy,KG,4000.0,250.0,16.0,Prix à plus de 3 fois ou moins du tiers de la médiane du mois
2023-10-15,Bénin,Borgou,Bembèrèkè,Bembèrèkè,Igname,KG,100.0,307.0,0.33,Prix à plus de 3 fois ou moins du tiers de la médiane du mois
2023-10-15,Bénin,Borgou,Kalalé,Kalalé,Igname sèche,KG,3500.0,628.1,5.57,Prix à plus de 3 fois ou moins du tiers de la médiane du mois
2023-10-15,Bénin,Borgou,Nikki,Nikki,Mil,KG,128.0,485.0,0.26,Prix à plus de 3 fois ou moins du tiers de la médiane du mois
2023-10-15,Bénin,Borgou,Nikki,Nikki,Igname sèche,KG,95.0,628.1,0.15,Prix à plus de 3 fois ou moins du tiers de la médiane du mois
2023-10-15,Bénin,Borgou,Nikki,Nikki,Igname blanche,KG,90.0,374.8,0.24,Prix à plus de 3 fois ou moins du tiers de la médiane du mois
2023-10-15,Bénin,Borgou,Nikki,Nikki,Noix de coco sèche,KG,75.0,362.5,0.21,Prix à plus de 3 fois ou moins du tiers de la médiane du mois
2023-10-15,Bénin,Borgou,Nikki,Nikki,Citrons,KG,45.0,280.0,0.16,Prix à plus de 3 fois ou moins du tiers de la médiane du mois
2023-10-15,Bénin,Borgou,Nikki,Nikki,Oignons,KG,145.0,550.7,0.26,Prix à plus de 3 fois ou moins du tiers de la médiane du mois
2023-10-15,Bénin,Borgou,Parakou,Parakou,Igname,KG,87.5,307.0,0.29,Prix à plus de 3 fois ou moins du tiers de la médiane du mois
2023-10-15,Bénin,Borgou,Parakou,Parakou,Igname blanche,KG,116.33,374.8,0.31,Prix à plus de 3 fois ou moins du tiers de la médiane du mois
2023-10-15,Bénin,Borgou,Sinendé,Sinendé,Citrons,KG,50.0,280.0,0.18,Prix à plus de 3 fois ou moins du tiers de la médiane du mois
2023-10-15,Bénin,Collines,Glazoué,Glazoué,Escargots,KG,400.0,1375.0,0.29,Prix à plus de 3 fois ou moins du tiers de la médiane du mois
2023-10-15,Bénin,Collines,Glazoué,Glazoué,Carottes,KG,227.0,781.2,0.29,Prix à plus de 3 fois ou moins du tiers de la médiane du mois
2023-10-15,Bénin,Couffo,Aplahoué,Azovè,"Arachide (petite, en coque)",KG,241.0,819.2,0.29,Prix à plus de 3 fois ou moins du tiers de la médiane du mois
2023-10-15,Bénin,Couffo,Klouékanmè,Klouékanmè,Oranges,KG,43.33,156.2,0.28,Prix à plus de 3 fois ou moins du tiers de la médiane du mois
2023-10-15,Bénin,Donga,Bassila,Bassila,Carottes,KG,200.0,781.2,0.26,Prix à plus de 3 fois ou moins du tiers de la médiane du mois
2023-10-15,Bénin,Donga,Djougou,Djougou,Mil,KG,154.25,485.0,0.32,Prix à plus de 3 fois ou moins du tiers de la médiane du mois
2023-10-15,Bénin,Plateau,Adja-Ouèrè,Tatonnoukon,Gombo frais,KG,90.0,300.0,0.3,Prix à plus de 3 fois ou moins du tiers de la médiane du mois
2023-10-15,Bénin,Plateau,Adja-Ouèrè,Tatonnoukon,Oranges,KG,560.0,156.2,3.58,Prix à plus de 3 fois ou moins du tiers de la médiane du mois
2023-10-15,Bénin,Plateau,Kétou,Kétou,Crevettes,KG,1050.0,7303.1,0.14,Prix à plus de 3 fois ou moins du tiers de la médiane du mois
2023-10-15,Bénin,Zou,Covè,Covè,Oignons,KG,2100.0,550.7,3.81,Prix à plus de 3 fois ou moins du tiers de la médiane du mois
2023-10-15,Bénin,Zou,Ouinhi,Dasso,Carottes,KG,147.0,781.2,0.19,Prix à plus de 3 fois ou moins du tiers de la médiane du mois
2023-10-15,Bénin,Zou,Ouinhi,Dasso,Citrons,KG,49.0,280.0,0.18,Prix à plus de 3 fois ou moins du tiers de la médiane du mois
2023-10-15,Bénin,Zou,Ouinhi,Dasso,Oignons,KG,148.0,550.7,0.27,Prix à plus de 3 fois ou moins du tiers de la médiane du mois
2023-10-15,Bénin,Zou,Ouinhi,Dasso,Tomates,KG,115.0,361.0,0.32,Prix à plus de 3 fois ou moins du tiers de la médiane du mois
2023-10-15,Bénin,Zou,Zangnanado,Kpedekpo,Igname,KG,90.0,307.0,0.29,Prix à plus de 3 fois ou moins du tiers de la médiane du mois
2023-10-15,Bénin,Zou,Zangnanado,Kpedekpo,Igname blanche,KG,115.0,374.8,0.31,Prix à plus de 3 fois ou moins du tiers de la médiane du mois
2023-10-15,Bénin,Zou,Zogbodomey,Zogbodomey,Oignons,KG,1657.75,550.7,3.01,Prix à plus de 3 fois ou moins du tiers de la médiane du mois
2023-11-15,Bénin,Alibori,Karimama,Karimama,Manioc frais,KG,461.0,131.7,3.5,Prix à plus de 3 fois ou moins du tiers de la médiane du mois
2023-11-15,Bénin,Alibori,Karimama,Karimama,Patate douce,KG,600.0,193.8,3.1,Prix à plus de 3 fois ou moins du tiers de la médiane du mois
2023-11-15,Bénin,Atacora,Natitingou,Natitingou,Crevettes,KG,2568.75,8215.0,0.31,Prix à plus de 3 fois ou moins du tiers de la médiane du mois
2023-11-15,Bénin,Atacora,Natitingou,Natitingou,Piment rouge sec,KG,12181.0,3846.0,3.17,Prix à plus de 3 fois ou moins du tiers de la médiane du mois
2023-11-15,Bénin,Borgou,Bembèrèkè,Bembèrèkè,Riz paddy,KG,3666.67,250.0,14.67,Prix à plus de 3 fois ou moins du tiers de la médiane du mois
2023-11-15,Bénin,Borgou,Bembèrèkè,Bembèrèkè,Igname,KG,100.0,320.0,0.31,Prix à plus de 3 fois ou moins du tiers de la médiane du mois
2023-11-15,Bénin,Borgou,Kalalé,Kalalé,Igname sèche,KG,3200.0,600.0,5.33,Prix à plus de 3 fois ou moins du tiers de la médiane du mois
2023-11-15,Bénin,Borgou,Kalalé,Kalalé,Haricots rouges,KG,1744.0,573.8,3.04,Prix à plus de 3 fois ou moins du tiers de la médiane du mois
2023-11-15,Bénin,Borgou,Nikki,Nikki,Mil,KG,118.0,460.0,0.26,Prix à plus de 3 fois ou moins du tiers de la médiane du mois
2023-11-15,Bénin,Borgou,Nikki,Nikki,Igname sèche,KG,95.0,600.0,0.16,Prix à plus de 3 fois ou moins du tiers de la médiane du mois
2023-11-15,Bénin,Borgou,Nikki,Nikki,Igname blanche,KG,90.0,367.5,0.24,Prix à plus de 3 fois ou moins du tiers de la médiane du mois
2023-11-15,Bénin,Borgou,Nikki,Nikki,Noix de coco sèche,KG,80.0,350.0,0.23,Prix à plus de 3 fois ou moins du tiers de la médiane du mois
2023-11-15,Bénin,Borgou,Nikki,Nikki,Citrons,KG,55.0,282.5,0.19,Prix à plus de 3 fois ou moins du tiers de la médiane du mois
2023-11-15,Bénin,Borgou,Nikki,Nikki,Oignons,KG,150.0,642.0,0.23,Prix à plus de 3 fois ou moins du tiers de la médiane du mois
2023-11-15,Bénin,Borgou,Parakou,Parakou,Igname,KG,82.5,320.0,0.26,Prix à plus de 3 fois ou moins du tiers de la médiane du mois
2023-11-15,Bénin,Borgou,Parakou,Parakou,Igname blanche,KG,105.5,367.5,0.29,Prix à plus de 3 fois ou moins du tiers de la médiane du mois
2023-11-15,Bénin,Borgou,Parakou,Parakou,Oignons,KG,210.0,642.0,0.33,Prix à plus de 3 fois ou moins du tiers de la médiane du mois
2023-11-15,Bénin,Borgou,Sinendé,Sinendé,Citrons,KG,87.5,282.5,0.31,Prix à plus de 3 fois ou moins du tiers de la médiane du mois
2023-11-15,Bénin,Collines,Glazoué,Glazoué,Carottes,KG,230.0,800.0,0.29,Prix à plus de 3 fois ou moins du tiers de la médiane du mois
2023-11-15,Bénin,Collines,Ouèssè,Ouesse,Igname,KG,55.0,320.0,0.17,Prix à plus de 3 fois ou moins du tiers de la médiane du mois
2023-11-15,Bénin,Collines,Savalou,Savalou,Escargots,KG,3000.0,840.5,3.57,Prix à plus de 3 fois ou moins du tiers de la médiane du mois
2023-11-15,Bénin,Couffo,Aplahoué,Azovè,"Arachide (petite, en coque)",KG,241.0,771.3,0.31,Prix à plus de 3 fois ou moins du tiers de la médiane du mois
2023-11-15,Bénin,Couffo,Klouékanmè,Klouékanmè,Oranges,KG,40.0,157.5,0.25,Prix à plus de 3 fois ou moins du tiers de la médiane du mois
2023-11-15,Bénin,Donga,Bassila,Bassila,Carottes,KG,200.0,800.0,0.25,Prix à plus de 3 fois ou moins du tiers de la médiane du mois
2023-11-15,Bénin,Littoral,Cotonou,Dantokpa,Escargots,KG,2590.0,840.5,3.08,Prix à plus de 3 fois ou moins du tiers de la médiane du mois
2023-11-15,Bénin,Mono,Comé,Comé,Banane plantain,KG,125.0,433.3,0.29,Prix à plus de 3 fois ou moins du tiers de la médiane du mois
2023-11-15,Bénin,Plateau,Adja-Ouèrè,Tatonnoukon,Gombo frais,KG,90.0,308.3,0.29,Prix à plus de 3 fois ou moins du tiers de la médiane du mois
2023-11-15,Bénin,Plateau,Adja-Ouèrè,Tatonnoukon,Oranges,KG,560.0,157.5,3.56,Prix à plus de 3 fois ou moins du tiers de la médiane du mois
2023-11-15,Bénin,Plateau,Kétou,Kétou,Crevettes,KG,1027.5,8215.0,0.13,Prix à plus de 3 fois ou moins du tiers de la médiane du mois
2023-11-15,Bénin,Zou,Abomey,Abomey,Cossettes de manioc,KG,800.0,262.5,3.05,Prix à plus de 3 fois ou moins du tiers de la médiane du mois
2023-11-15,Bénin,Zou,Covè,Covè,Oignons,KG,2450.0,642.0,3.82,Prix à plus de 3 fois ou moins du tiers de la médiane du mois
2023-11-15,Bénin,Zou,Ouinhi,Dasso,Noix de coco sèche,KG,110.5,350.0,0.32,Prix à plus de 3 fois ou moins du tiers de la médiane du mois
2023-11-15,Bénin,Zou,Zangnanado,Kpedekpo,Igname,KG,86.25,320.0,0.27,Prix à plus de 3 fois ou moins du tiers de la médiane du mois
2023-11-15,Bénin,Zou,Zangnanado,Kpedekpo,Igname blanche,KG,102.5,367.5,0.28,Prix à plus de 3 fois ou moins du tiers de la médiane du mois
2023-11-15,Bénin,Zou,Zogbodomey,Zogbodomey,Oranges,KG,34.67,157.5,0.22,Prix à plus de 3 fois ou moins du tiers de la médiane du mois
2023-12-15,Bénin,Atacora,Natitingou,Natitingou,Crevettes,KG,2500.0,9603.8,0.26,Prix à plus de 3 fois ou moins du tiers de la médiane du mois
2023-12-15,Bénin,Atacora,Péhunco,Péhunco,Riz paddy,KG,3500.0,250.0,14.0,Prix à plus de 3 fois ou moins du tiers de la médiane du mois
2023-12-15,Bénin,Atacora,Tanguiéta,Tanguiéta,Igname,KG,87.5,300.0,0.29,Prix à plus de 3 fois ou moins du tiers de la médiane du mois
2023-12-15,Bénin,Atlantique,Toffo,Sehoue,Légumes-feuilles,KG,65.5,275.5,0.24,Prix à plus de 3 fois ou moins du tiers de la médiane du mois
2023-12-15,Bénin,Borgou,Bembèrèkè,Bembèrèkè,Riz paddy,KG,3500.0,250.0,14.0,Prix à plus de 3 fois ou moins du tiers de la médiane du mois
2023-12-15,Bénin,Borgou,Kalalé,Kalalé,Igname sèche,KG,3000.0,500.0,6.0,Prix à plus de 3 fois ou moins du tiers de la médiane du mois
2023-12-15,Bénin,Borgou,Kalalé,Kalalé,Haricots rouges,KG,1744.0,556.0,3.14,Prix à plus de 3 fois ou moins du tiers de la médiane du mois
2023-12-15,Bénin,Borgou,Nikki,Nikki,Mil,KG,118.0,431.0,0.27,Prix à plus de 3 fois ou moins du tiers de la médiane du mois
2023-12-15,Bénin,Borgou,Nikki,Nikki,Igname sèche,KG,95.0,500.0,0.19,Prix à plus de 3 fois ou moins du tiers de la médiane du mois
2023-12-15,Bénin,Borgou,Nikki,Nikki,Igname blanche,KG,90.0,369.6,0.24,Prix à plus de 3 fois ou moins du tiers de la médiane du mois
2023-12-15,Bénin,Borgou,Nikki,Nikki,Noix de coco sèche,KG,80.0,367.9,0.22,Prix à plus de 3 fois ou moins du tiers de la médiane du mois
2023-12-15,Bénin,Borgou,Nikki,Nikki,Citrons,KG,60.0,298.3,0.2,Prix à plus de 3 fois ou moins du tiers de la médiane du mois
2023-12-15,Bénin,Borgou,Nikki,Nikki,Oignons,KG,150.0,567.9,0.26,Prix à plus de 3 fois ou moins du tiers de la médiane du mois
2023-12-15,Bénin,Borgou,Parakou,Parakou,Igname,KG,84.0,300.0,0.28,Prix à plus de 3 fois ou moins du tiers de la médiane du mois
2023-12-15,Bénin,Borgou,Parakou,Parakou,Igname blanche,KG,105.0,369.6,0.28,Prix à plus de 3 fois ou moins du tiers de la médiane du mois
2023-12-15,Bénin,Borgou,Sinendé,Sinendé,Oignons,KG,175.0,567.9,0.31,Prix à plus de 3 fois ou moins du tiers de la médiane du mois
2023-12-15,Bénin,Borgou,Tchaourou,Tchaourou,Piment rouge sec,KG,1276.0,3846.0,0.33,Prix à plus de 3 fois ou moins du tiers de la médiane du mois
2023-12-15,Bénin,Collines,Glazoué,Glazoué,Escargots,KG,450.0,1389.6,0.32,Prix à plus de 3 fois ou moins du tiers de la médiane du mois
2023-12-15,Bénin,Collines,Ouèssè,Ouesse,Igname,KG,75.0,300.0,0.25,Prix à plus de 3 fois ou moins du tiers de la médiane du mois
2023-12-15,Bénin,Couffo,Aplahoué,Azovè,Oranges,KG,48.33,150.0,0.32,Prix à plus de 3 fois ou moins du tiers de la médiane du mois
2023-12-15,Bénin,Couffo,Klouékanmè,Klouékanmè,Oranges,KG,43.75,150.0,0.29,Prix à plus de 3 fois ou moins du tiers de la médiane du mois
2023-12-15,Bénin,Donga,Bassila,Bassila,Carottes,KG,200.0,719.5,0.28,Prix à plus de 3 fois ou moins du tiers de la médiane du mois
2023-12-15,Bénin,Plateau,Adja-Ouèrè,Tatonnoukon,Gombo frais,KG,90.0,375.0,0.24,Prix à plus de 3 fois ou moins du tiers de la médiane du mois
2023-12-15,Bénin,Plateau,Adja-Ouèrè,Tatonnoukon,Oranges,KG,520.0,150.0,3.47,Prix à plus de 3 fois ou moins du tiers de la médiane du mois
2023-12-15,Bénin,Plateau,Kétou,Kétou,Crevettes,KG,1015.0,9603.8,0.11,Prix à plus de 3 fois ou moins du tiers de la médiane du mois
2023-12-15,Bénin,Zou,Abomey,Abomey,Cossettes de manioc,KG,800.0,237.8,3.36,Prix à plus de 3 fois ou moins du tiers de la médiane du mois
2023-12-15,Bénin,Zou,Bohicon,Bohicon,Chou,KG,1850.0,461.2,4.01,Prix à plus de 3 fois ou moins du tiers de la médiane du mois
2023-12-15,Bénin,Zou,Covè,Covè,Oignons,KG,2812.5,567.9,4.95,Prix à plus de 3 fois ou moins du tiers de la médiane du mois
2023-12-15,Bénin,Zou,Ouinhi,Dasso,Carottes,KG,179.0,719.5,0.25,Prix à plus de 3 fois ou moins du tiers de la médiane du mois
2023-12-15,Bénin,Zou,Ouinhi,Dasso,Noix de coco sèche,KG,99.0,367.9,0.27,Prix à plus de 3 fois ou moins du tiers de la médiane du mois
2023-12-15,Bénin,Zou,Ouinhi,Dasso,Légumes-feuilles,KG,89.0,275.5,0.32,Prix à plus de 3 fois ou moins du tiers de la médiane du mois
2023-12-15,Bénin,Zou,Ouinhi,Dasso,Oignons,KG,136.0,567.9,0.24,Prix à plus de 3 fois ou moins du tiers de la médiane du mois
2023-12-15,Bénin,Zou,Zangnanado,Kpedekpo,Igname,KG,80.0,300.0,0.27,Prix à plus de 3 fois ou moins du tiers de la médiane du mois
2023-12-15,Bénin,Zou,Zangnanado,Kpedekpo,Igname blanche,KG,100.0,369.6,0.27,Prix à plus de 3 fois ou moins du tiers de la médiane du mois
2024-01-15,Bénin,Alibori,Karimama,Karimama,Patate douce,KG,633.33,200.0,3.17,Prix à plus de 3 fois ou moins du tiers de la médiane du mois
2024-01-15,Bénin,Atacora,Cobly,Cobly,Tapioca,KG,2083.0,694.0,3.0,Prix à plus de 3 fois ou moins du tiers de la médiane du mois
2024-01-15,Bénin,Atacora,Natitingou,Natitingou,Crevettes,KG,2458.13,8211.2,0.3,Prix à plus de 3 fois ou moins du tiers de la médiane du mois
2024-01-15,Bénin,Atlantique,Abomey-Calavi,Zinvié,Igname,KG,1220.0,292.5,4.17,Prix à plus de 3 fois ou moins du tiers de la médiane du mois
2024-01-15,Bénin,Atlantique,Abomey-Calavi,Zinvié,Crevettes,KG,2275.0,8211.2,0.28,Prix à plus de 3 fois ou moins du tiers de la médiane du mois
2024-01-15,Bénin,Atlantique,Toffo,Ouègbo,Farine de manioc,KG,125.0,526.0,0.24,Prix à plus de 3 fois ou moins du tiers de la médiane du mois
2024-01-15,Bénin,Atlantique,Toffo,Sehoue,Légumes-feuilles,KG,75.0,261.2,0.29,Prix à plus de 3 fois ou moins du tiers de la médiane du mois
2024-01-15,Bénin,Atlantique,Zè,Sèdjè-Dénou,Manioc frais,KG,425.0,131.0,3.24,Prix à plus de 3 fois ou moins du tiers de la médiane du mois
2024-01-15,Bénin,Borgou,Bembèrèkè,Bembèrèkè,Riz paddy,KG,3500.0,250.0,14.0,Prix à plus de 3 fois ou moins du tiers de la médiane du mois
2024-01-15,Bénin,Borgou,Kalalé,Kalalé,Igname sèche,KG,3125.0,506.2,6.17,Prix à plus de 3 fois ou moins du tiers de la médiane du mois
2024-01-15,Bénin,Borgou,Kalalé,Kalalé,Haricots rouges,KG,1744.0,581.0,3.0,Prix à plus de 3 fois ou moins du tiers de la médiane du mois
2024-01-15,Bénin,Borgou,Nikki,Nikki,Mil,KG,118.0,477.9,0.25,Prix à plus de 3 fois ou moins du tiers de la médiane du mois
2024-01-15,Bénin,Borgou,Nikki,Nikki,Igname sèche,KG,95.0,506.2,0.19,Prix à plus de 3 fois ou moins du tiers de la médiane du mois
2024-01-15,Bénin,Borgou,Nikki,Nikki,Igname blanche,KG,90.0,381.7,0.24,Prix à plus de 3 fois ou moins du tiers de la médiane du mois
2024-01-15,Bénin,Borgou,Nikki,Nikki,Noix de coco sèche,KG,80.0,390.0,0.21,Prix à plus de 3 fois ou moins du tiers de la médiane du mois
2024-01-15,Bénin,Borgou,Nikki,Nikki,Citrons,KG,60.0,335.0,0.18,Prix à plus de 3 fois ou moins du tiers de la médiane du mois
2024-01-15,Bénin,Borgou,Parakou,Parakou,Igname,KG,82.0,292.5,0.28,Prix à plus de 3 fois ou moins du tiers de la médiane du mois
2024-01-15,Bénin,Borgou,Parakou,Parakou,Igname blanche,KG,105.0,381.7,0.28,Prix à plus de 3 fois ou moins du tiers de la médiane du mois
2024-01-15,Bénin,Borgou,Tchaourou,Tchaourou,Mil,KG,152.0,477.9,0.32,Prix à plus de 3 fois ou moins du tiers de la médiane du mois
2024-01-15,Bénin,Collines,Ouèssè,Ouesse,Igname,KG,75.0,292.5,0.26,Prix à plus de 3 fois ou moins du tiers de la médiane du mois
2024-01-15,Bénin,Collines,Savalou,Savalou,Escargots,KG,3125.0,944.2,3.31,Prix à plus de 3 fois ou moins du tiers de la médiane du mois
2024-01-15,Bénin,Donga,Bassila,Bassila,Carottes,KG,200.0,664.0,0.3,Prix à plus de 3 fois ou moins du tiers de la médiane du mois
2024-01-15,Bénin,Donga,Bassila,Bassila,Citrons,KG,100.0,335.0,0.3,Prix à plus de 3 fois ou moins du tiers de la médiane du mois
2024-01-15,Bénin,Plateau,Adja-Ouèrè,Tatonnoukon,Gombo frais,KG,90.0,429.8,0.21,Prix à plus de 3 fois ou moins du tiers de la médiane du mois
2024-01-15,Bénin,Plateau,Adja-Ouèrè,Tatonnoukon,Oranges,KG,560.0,156.7,3.57,Prix à plus de 3 fois ou moins du tiers de la médiane du mois
2024-01-15,Bénin,Plateau,Kétou,Kétou,Crevettes,KG,1003.0,8211.2,0.12,Prix à plus de 3 fois ou moins du tiers de la médiane du mois
2024-01-15,Bénin,Zou,Bohicon,Bohicon,Chou,KG,2100.0,584.0,3.6,Prix à plus de 3 fois ou moins du tiers de la médiane du mois
2024-01-15,Bénin,Zou,Covè,Covè,Oignons,KG,2100.0,470.2,4.47,Prix à plus de 3 fois ou moins du tiers de la médiane du mois
2024-01-15,Bénin,Zou,Ouinhi,Dasso,Carottes,KG,105.0,664.0,0.16,Prix à plus de 3 fois ou moins du tiers de la médiane du mois
2024-01-15,Bénin,Zou,Ouinhi,Dasso,Légumes-feuilles,KG,63.0,261.2,0.24,Prix à plus de 3 fois ou moins du tiers de la médiane du mois
2024-01-15,Bénin,Zou,Zangnanado,Kpedekpo,Igname,KG,85.0,292.5,0.29,Prix à plus de 3 fois ou moins du tiers de la médiane du mois
2024-01-15,Bénin,Zou,Zangnanado,Kpedekpo,Igname blanche,KG,102.5,381.7,0.27,Prix à plus de 3 fois ou moins du tiers de la médiane du mois
2024-02-15,Bénin,Alibori,Karimama,Karimama,Tilapia,KG,568.75,1725.0,0.33,Prix à plus de 3 fois ou moins du tiers de la médiane du mois
2024-02-15,Bénin,Atacora,Natitingou,Natitingou,Piment rouge sec,KG,13154.0,4019.1,3.27,Prix à plus de 3 fois ou moins du tiers de la médiane du mois
2024-02-15,Bénin,Atacora,Péhunco,Péhunco,Chou,KG,133.75,520.0,0.26,Prix à plus de 3 fois ou moins du tiers de la médiane du mois
2024-02-15,Bénin,Atlantique,Zè,Sèdjè-Dénou,Manioc frais,KG,400.0,130.0,3.08,Prix à plus de 3 fois ou moins du tiers de la médiane du mois
2024-02-15,Bénin,Borgou,Bembèrèkè,Bembèrèkè,Riz paddy,KG,4000.0,318.8,12.55,Prix à plus de 3 fois ou moins du tiers de la médiane du mois
2024-02-15,Bénin,Borgou,Kalalé,Kalalé,Igname sèche,KG,3500.0,481.5,7.27,Prix à plus de 3 fois ou moins du tiers de la médiane du mois
2024-02-15,Bénin,Borgou,Nikki,Nikki,Mil,KG,118.0,460.0,0.26,Prix à plus de 3 fois ou moins du tiers de la médiane du mois
2024-02-15,Bénin,Borgou,Nikki,Nikki,Igname sèche,KG,95.0,481.5,0.2,Prix à plus de 3 fois ou moins du tiers de la médiane du mois
2024-02-15,Bénin,Borgou,Nikki,Nikki,Igname blanche,KG,90.0,387.5,0.23,Prix à plus de 3 fois ou moins du tiers de la médiane du mois
2024-02-15,Bénin,Borgou,Nikki,Nikki,Noix de coco sèche,KG,80.0,375.0,0.21,Prix à plus de 3 fois ou moins du tiers de la médiane du mois
2024-02-15,Bénin,Borgou,Nikki,Nikki,Citrons,KG,60.0,396.9,0.15,Prix à plus de 3 fois ou moins du tiers de la médiane du mois
2024-02-15,Bénin,Borgou,Tchaourou,Tchaourou,Citrons,KG,118.0,396.9,0.3,Prix à plus de 3 fois ou moins du tiers de la médiane du mois
2024-02-15,Bénin,Borgou,Tchaourou,Tchaourou,Piment rouge sec,KG,1323.0,4019.1,0.33,Prix à plus de 3 fois ou moins du tiers de la médiane du mois
2024-02-15,Bénin,Collines,Ouèssè,Ouesse,Igname,KG,85.0,312.5,0.27,Prix à plus de 3 fois ou moins du tiers de la médiane du mois
2024-02-15,Bénin,Donga,Bassila,Bassila,Igname jaune,KG,100.0,331.2,0.3,Prix à plus de 3 fois ou moins du tiers de la médiane du mois
2024-02-15,Bénin,Donga,Bassila,Bassila,Crevettes,KG,500.0,5500.8,0.09,Prix à plus de 3 fois ou moins du tiers de la médiane du mois
2024-02-15,Bénin,Donga,Bassila,Bassila,Carottes,KG,125.0,600.0,0.21,Prix à plus de 3 fois ou moins du tiers de la médiane du mois
2024-02-15,Bénin,Donga,Bassila,Bassila,Gombo frais,KG,100.0,459.0,0.22,Prix à plus de 3 fois ou moins du tiers de la médiane du mois
2024-02-15,Bénin,Donga,Djougou,Djougou,Mil,KG,105.0,460.0,0.23,Prix à plus de 3 fois ou moins du tiers de la médiane du mois
2024-02-15,Bénin,Donga,Ouaké,Kassoua-Allah,Légumes-feuilles,KG,978.0,269.2,3.63,Prix à plus de 3 fois ou moins du tiers de la médiane du mois
2024-02-15,Bénin,Mono,Comé,Comé,Banane plantain,KG,147.0,462.5,0.32,Prix à plus de 3 fois ou moins du tiers de la médiane du mois
2024-02-15,Bénin,Ouémé,Porto-Novo,Ahidahomè (Porto-Novo),Piment rouge sec,KG,15646.0,4019.1,3.89,Prix à plus de 3 fois ou moins du tiers de la médiane du mois
2024-02-15,Bénin,Plateau,Adja-Ouèrè,Tatonnoukon,Gombo frais,KG,90.0,459.0,0.2,Prix à plus de 3 fois ou moins du tiers de la médiane du mois
2024-02-15,Bénin,Plateau,Adja-Ouèrè,Tatonnoukon,Oranges,KG,560.0,173.8,3.22,Prix à plus de 3 fois ou moins du tiers de la médiane du mois
2024-02-15,Bénin,Plateau,Kétou,Kétou,Crevettes,KG,997.0,5500.8,0.18,Prix à plus de 3 fois ou moins du tiers de la médiane du mois
2024-02-15,Bénin,Zou,Bohicon,Bohicon,Chou,KG,1685.0,520.0,3.24,Prix à plus de 3 fois ou moins du tiers de la médiane du mois
2024-02-15,Bénin,Zou,Ouinhi,Dasso,Carottes,KG,100.0,600.0,0.17,Prix à plus de 3 fois ou moins du tiers de la médiane du mois
2024-02-15,Bénin,Zou,Zangnanado,Kpedekpo,Igname,KG,102.5,312.5,0.33,Prix à plus de 3 fois ou moins du tiers de la médiane du mois
2024-02-15,Bénin,Zou,Zangnanado,Kpedekpo,Igname blanche,KG,118.75,387.5,0.31,Prix à plus de 3 fois ou moins du tiers de la médiane du mois
2024-03-15,Bénin,Alibori,Karimama,Karimama,Patate douce,KG,1000.0,306.2,3.27,Prix à plus de 3 fois ou moins du tiers de la médiane du mois
2024-03-15,Bénin,Alibori,Karimama,Karimama,Gombo frais,KG,144.5,440.0,0.33,Prix à plus de 3 fois ou moins du tiers de la médiane du mois
2024-03-15,Bénin,Atacora,Natitingou,Natitingou,Piment rouge sec,KG,14110.33,3846.0,3.67,Prix à plus de 3 fois ou moins du tiers de la médiane du mois
2024-03-15,Bénin,Atlantique,Allada,Sékou,Patate douce,KG,98.75,306.2,0.32,Prix à plus de 3 fois ou moins du tiers de la médiane du mois
2024-03-15,Bénin,Atlantique,Zè,Sèdjè-Dénou,Manioc frais,KG,433.33,125.0,3.47,Prix à plus de 3 fois ou moins du tiers de la médiane du mois
2024-03-15,Bénin,Borgou,Bembèrèkè,Bembèrèkè,Riz paddy,KG,4000.0,242.5,16.49,Prix à plus de 3 fois ou moins du tiers de la médiane du mois
2024-03-15,Bénin,Borgou,Kalalé,Kalalé,Igname sèche,KG,3500.0,512.5,6.83,Prix à plus de 3 fois ou moins du tiers de la médiane du mois
2024-03-15,Bénin,Borgou,Nikki,Nikki,Mil,KG,118.0,460.0,0.26,Prix à plus de 3 fois ou moins du tiers de la médiane du mois
2024-03-15,Bénin,Borgou,Nikki,Nikki,Igname sèche,KG,95.0,512.5,0.19,Prix à plus de 3 fois ou moins du tiers de la médiane du mois
2024-03-15,Bénin,Borgou,Nikki,Nikki,Igname blanche,KG,90.0,428.8,0.21,Prix à plus de 3 fois ou moins du tiers de la médiane du mois
2024-03-15,Bénin,Borgou,Nikki,Nikki,Noix de coco sèche,KG,82.5,382.5,0.22,Prix à plus de 3 fois ou moins du tiers de la médiane du mois
2024-03-15,Bénin,Borgou,Nikki,Nikki,Citrons,KG,60.0,444.4,0.14,Prix à plus de 3 fois ou moins du tiers de la médiane du mois
2024-03-15,Bénin,Borgou,Parakou,Parakou,Igname,KG,107.0,333.3,0.32,Prix à plus de 3 fois ou moins du tiers de la médiane du mois
2024-03-15,Bénin,Borgou,Parakou,Parakou,Igname blanche,KG,117.0,428.8,0.27,Prix à plus de 3 fois ou moins du tiers de la médiane du mois
2024-03-15,Bénin,Borgou,Tchaourou,Tchaourou,Citrons,KG,123.0,444.4,0.28,Prix à plus de 3 fois ou moins du tiers de la médiane du mois
2024-03-15,Bénin,Collines,Dassa-Zoumè,Dassa-Zoumè,Igname sèche,KG,1666.67,512.5,3.25,Prix à plus de 3 fois ou moins du tiers de la médiane du mois
2024-03-15,Bénin,Collines,Ouèssè,Ouesse,Igname,KG,100.0,333.3,0.3,Prix à plus de 3 fois ou moins du tiers de la médiane du mois
2024-03-15,Bénin,Donga,Bassila,Bassila,Igname jaune,KG,100.0,356.2,0.28,Prix à plus de 3 fois ou moins du tiers de la médiane du mois
2024-03-15,Bénin,Donga,Bassila,Bassila,Crevettes,KG,600.0,7175.6,0.08,Prix à plus de 3 fois ou moins du tiers de la médiane du mois
2024-03-15,Bénin,Donga,Bassila,Bassila,Carottes,KG,125.0,638.5,0.2,Prix à plus de 3 fois ou moins du tiers de la médiane du mois
2024-03-15,Bénin,Donga,Djougou,Djougou,Mil,KG,113.25,460.0,0.25,Prix à plus de 3 fois ou moins du tiers de la médiane du mois
2024-03-15,Bénin,Donga,Ouaké,Kassoua-Allah,Papaye,KG,900.0,254.2,3.54,Prix à plus de 3 fois ou moins du tiers de la médiane du mois
2024-03-15,Bénin,Littoral,Cotonou,Dantokpa,Patate douce,KG,82.5,306.2,0.27,Prix à plus de 3 fois ou moins du tiers de la médiane du mois
2024-03-15,Bénin,Mono,Comé,Comé,Banane plantain,KG,160.0,600.0,0.27,Prix à plus de 3 fois ou moins du tiers de la médiane du mois
2024-03-15,Bénin,Ouémé,Adjohoun,Azowlissè,Légumes-feuilles,KG,90.0,270.8,0.33,Prix à plus de 3 fois ou moins du tiers de la médiane du mois
2024-03-15,Bénin,Ouémé,Adjohoun,Azowlissè,Papaye,KG,61.5,254.2,0.24,Prix à plus de 3 fois ou moins du tiers de la médiane du mois
2024-03-15,Bénin,Plateau,Adja-Ouèrè,Tatonnoukon,Gombo frais,KG,90.0,440.0,0.2,Prix à plus de 3 fois ou moins du tiers de la médiane du mois
2024-03-15,Bénin,Plateau,Kétou,Kétou,Crevettes,KG,996.0,7175.6,0.14,Prix à plus de 3 fois ou moins du tiers de la médiane du mois
2024-03-15,Bénin,Zou,Abomey,Abomey,Cossettes de manioc,KG,850.0,240.5,3.53,Prix à plus de 3 fois ou moins du tiers de la médiane du mois
2024-03-15,Bénin,Zou,Abomey,Abomey,Igname sèche,KG,1550.0,512.5,3.02,Prix à plus de 3 fois ou moins du tiers de la médiane du mois
2024-03-15,Bénin,Zou,Bohicon,Bohicon,Chou,KG,1825.0,519.5,3.51,Prix à plus de 3 fois ou moins du tiers de la médiane du mois
2024-03-15,Bénin,Zou,Zangnanado,Kpedekpo,Igname blanche,KG,133.75,428.8,0.31,Prix à plus de 3 fois ou moins du tiers de la médiane du mois
2024-03-15,Bénin,Zou,Zangnanado,Kpedekpo,Oranges,KG,71.25,217.0,0.33,Prix à plus de 3 fois ou moins du tiers de la médiane du mois
2024-03-15,Bénin,Zou,Zangnanado,Kpedekpo,Papaye,KG,67.5,254.2,0.27,Prix à plus de 3 fois ou moins du tiers de la médiane du mois
2024-04-15,Bénin,Alibori,Karimama,Karimama,Patate douce,KG,1000.0,292.8,3.42,Prix à plus de 3 fois ou moins du tiers de la médiane du mois
2024-04-15,Bénin,Alibori,Karimama,Karimama,Tilapia,KG,485.5,1725.0,0.28,Prix à plus de 3 fois ou moins du tiers de la médiane du mois
2024-04-15,Bénin,Atacora,Natitingou,Natitingou,Crevettes,KG,2975.0,9340.6,0.32,Prix à plus de 3 fois ou moins du tiers de la médiane du mois
2024-04-15,Bénin,Atacora,Natitingou,Natitingou,Piment rouge sec,KG,15453.0,4615.0,3.35,Prix à plus de 3 fois ou moins du tiers de la médiane du mois
2024-04-15,Bénin,Atacora,Péhunco,Péhunco,Crevettes,KG,2500.0,9340.6,0.27,Prix à plus de 3 fois ou moins du tiers de la médiane du mois
2024-04-15,Bénin,Atlantique,Allada,Sékou,Patate douce,KG,80.0,292.8,0.27,Prix à plus de 3 fois ou moins du tiers de la médiane du mois
2024-04-15,Bénin,Atlantique,Toffo,Ouègbo,Igname sèche,KG,1325.0,428.2,3.09,Prix à plus de 3 fois ou moins du tiers de la médiane du mois
2024-04-15,Bénin,Atlantique,Zè,Sèdjè-Dénou,Manioc frais,KG,483.33,150.0,3.22,Prix à plus de 3 fois ou moins du tiers de la médiane du mois
2024-04-15,Bénin,Borgou,Bembèrèkè,Bembèrèkè,Riz paddy,KG,4000.0,258.3,15.48,Prix à plus de 3 fois ou moins du tiers de la médiane du mois
2024-04-15,Bénin,Borgou,Kalalé,Kalalé,Igname sèche,KG,3800.0,428.2,8.87,Prix à plus de 3 fois ou moins du tiers de la médiane du mois
2024-04-15,Bénin,Borgou,Nikki,Nikki,Mil,KG,133.0,460.0,0.29,Prix à plus de 3 fois ou moins du tiers de la médiane du mois
2024-04-15,Bénin,Borgou,Nikki,Nikki,Igname sèche,KG,95.0,428.2,0.22,Prix à plus de 3 fois ou moins du tiers de la médiane du mois
2024-04-15,Bénin,Borgou,Nikki,Nikki,Igname blanche,KG,90.0,450.0,0.2,Prix à plus de 3 fois ou moins du tiers de la médiane du mois
2024-04-15,Bénin,Borgou,Nikki,Nikki,Noix de coco sèche,KG,88.75,374.7,0.24,Prix à plus de 3 fois ou moins du tiers de la médiane du mois
2024-04-15,Bénin,Borgou,Nikki,Nikki,Citrons,KG,60.0,481.2,0.12,Prix à plus de 3 fois ou moins du tiers de la médiane du mois
2024-04-15,Bénin,Borgou,Parakou,Parakou,Igname,KG,112.0,362.5,0.31,Prix à plus de 3 fois ou moins du tiers de la médiane du mois
2024-04-15,Bénin,Borgou,Parakou,Parakou,Igname blanche,KG,117.0,450.0,0.26,Prix à plus de 3 fois ou moins du tiers de la médiane du mois
2024-04-15,Bénin,Borgou,Tchaourou,Tchaourou,Citrons,KG,113.5,481.2,0.24,Prix à plus de 3 fois ou moins du tiers de la médiane du mois
2024-04-15,Bénin,Borgou,Tchaourou,Tchaourou,Piment rouge sec,KG,1417.5,4615.0,0.31,Prix à plus de 3 fois ou moins du tiers de la médiane du mois
2024-04-15,Bénin,Collines,Dassa-Zoumè,Dassa-Zoumè,Igname sèche,KG,1633.33,428.2,3.81,Prix à plus de 3 fois ou moins du tiers de la médiane du mois
2024-04-15,Bénin,Couffo,Klouékanmè,Klouékanmè,Gombo frais,KG,1400.0,459.2,3.05,Prix à plus de 3 fois ou moins du tiers de la médiane du mois
2024-04-15,Bénin,Donga,Bassila,Bassila,Igname jaune,KG,100.0,362.5,0.28,Prix à plus de 3 fois ou moins du tiers de la médiane du mois
2024-04-15,Bénin,Donga,Bassila,Bassila,Crevettes,KG,600.0,9340.6,0.06,Prix à plus de 3 fois ou moins du tiers de la médiane du mois
2024-04-15,Bénin,Donga,Bassila,Bassila,Carottes,KG,141.67,682.0,0.21,Prix à plus de 3 fois ou moins du tiers de la médiane du mois
2024-04-15,Bénin,Donga,Djougou,Djougou,Mil,KG,126.5,460.0,0.28,Prix à plus de 3 fois ou moins du tiers de la médiane du mois
2024-04-15,Bénin,Littoral,Cotonou,Dantokpa,Patate douce,KG,88.75,292.8,0.3,Prix à plus de 3 fois ou moins du tiers de la médiane du mois
2024-04-15,Bénin,Mono,Comé,Comé,Banane plantain,KG,176.25,625.0,0.28,Prix à plus de 3 fois ou moins du tiers de la médiane du mois
2024-04-15,Bénin,Ouémé,Adjohoun,Azowlissè,Légumes-feuilles,KG,66.0,267.8,0.25,Prix à plus de 3 fois ou moins du tiers de la médiane du mois
2024-04-15,Bénin,Ouémé,Adjohoun,Azowlissè,Papaye,KG,74.0,230.0,0.32,Prix à plus de 3 fois ou moins du tiers de la médiane du mois
2024-04-15,Bénin,Plateau,Adja-Ouèrè,Tatonnoukon,Gombo frais,KG,90.0,459.2,0.2,Prix à plus de 3 fois ou moins du tiers de la médiane du mois
2024-04-15,Bénin,Plateau,Kétou,Kétou,Crevettes,KG,996.0,9340.6,0.11,Prix à plus de 3 fois ou moins du tiers de la médiane du mois
2024-04-15,Bénin,Zou,Abomey,Abomey,Igname sèche,KG,1512.5,428.2,3.53,Prix à plus de 3 fois ou moins du tiers de la médiane du mois
2024-04-15,Bénin,Zou,Bohicon,Bohicon,Chou,KG,1925.0,500.0,3.85,Prix à plus de 3 fois ou moins du tiers de la médiane du mois
2024-04-15,Bénin,Zou,Ouinhi,Dasso,Gari fin,KG,162.0,486.1,0.33,Prix à plus de 3 fois ou moins du tiers de la médiane du mois
2024-04-15,Bénin,Zou,Zangnanado,Kpedekpo,Igname sèche,KG,1491.67,428.2,3.48,Prix à plus de 3 fois ou moins du tiers de la médiane du mois
2024-04-15,Bénin,Zou,Zangnanado,Kpedekpo,Papaye,KG,62.5,230.0,0.27,Prix à plus de 3 fois ou moins du tiers de la médiane du mois
2024-05-15,Bénin,Alibori,Karimama,Karimama,Patate douce,KG,1166.67,255.0,4.58,Prix à plus de 3 fois ou moins du tiers de la médiane du mois
2024-05-15,Bénin,Alibori,Karimama,Karimama,Tilapia,KG,481.75,1743.8,0.28,Prix à plus de 3 fois ou moins du tiers de la médiane du mois
2024-05-15,Bénin,Atacora,Natitingou,Natitingou,Piment rouge sec,KG,16033.33,5190.8,3.09,Prix à plus de 3 fois ou moins du tiers de la médiane du mois
2024-05-15,Bénin,Atlantique,Toffo,Sehoue,Escargots,KG,331.0,1220.6,0.27,Prix à plus de 3 fois ou moins du tiers de la médiane du mois
2024-05-15,Bénin,Borgou,Bembèrèkè,Bembèrèkè,Riz paddy,KG,4000.0,300.0,13.33,Prix à plus de 3 fois ou moins du tiers de la médiane du mois
2024-05-15,Bénin,Borgou,Kalalé,Kalalé,Igname sèche,KG,4200.0,505.8,8.3,Prix à plus de 3 fois ou moins du tiers de la médiane du mois
2024-05-15,Bénin,Borgou,Nikki,Nikki,Igname sèche,KG,95.0,505.8,0.19,Prix à plus de 3 fois ou moins du tiers de la médiane du mois
2024-05-15,Bénin,Borgou,Nikki,Nikki,Igname blanche,KG,90.0,481.2,0.19,Prix à plus de 3 fois ou moins du tiers de la médiane du mois
2024-05-15,Bénin,Borgou,Nikki,Nikki,Noix de coco sèche,KG,90.0,396.8,0.23,Prix à plus de 3 fois ou moins du tiers de la médiane du mois
2024-05-15,Bénin,Borgou,Nikki,Nikki,Citrons,KG,60.0,531.2,0.11,Prix à plus de 3 fois ou moins du tiers de la médiane du mois
2024-05-15,Bénin,Borgou,Parakou,Parakou,Igname blanche,KG,118.0,481.2,0.25,Prix à plus de 3 fois ou moins du tiers de la médiane du mois
2024-05-15,Bénin,Borgou,Tchaourou,Tchaourou,Citrons,KG,113.0,531.2,0.21,Prix à plus de 3 fois ou moins du tiers de la médiane du mois
2024-05-15,Bénin,Borgou,Tchaourou,Tchaourou,Piment rouge sec,KG,1418.0,5190.8,0.27,Prix à plus de 3 fois ou moins du tiers de la médiane du mois
2024-05-15,Bénin,Collines,Dassa-Zoumè,Dassa-Zoumè,Igname sèche,KG,1566.67,505.8,3.1,Prix à plus de 3 fois ou moins du tiers de la médiane du mois
2024-05-15,Bénin,Couffo,Aplahoué,Azovè,"Arachide (petite, en coque)",KG,281.0,863.2,0.33,Prix à plus de 3 fois ou moins du tiers de la médiane du mois
2024-05-15,Bénin,Couffo,Aplahoué,Azovè,Oranges,KG,61.67,203.9,0.3,Prix à plus de 3 fois ou moins du tiers de la médiane du mois
2024-05-15,Bénin,Donga,Bassila,Bassila,Crevettes,KG,600.0,7150.6,0.08,Prix à plus de 3 fois ou moins du tiers de la médiane du mois
2024-05-15,Bénin,Donga,Bassila,Bassila,Carottes,KG,150.0,718.0,0.21,Prix à plus de 3 fois ou moins du tiers de la médiane du mois
2024-05-15,Bénin,Donga,Bassila,Bassila,Citrons,KG,175.0,531.2,0.33,Prix à plus de 3 fois ou moins du tiers de la médiane du mois
2024-05-15,Bénin,Donga,Bassila,Bassila,Tomates,KG,200.0,685.0,0.29,Prix à plus de 3 fois ou moins du tiers de la médiane du mois
2024-05-15,Bénin,Donga,Djougou,Djougou,Mil,KG,131.0,470.7,0.28,Prix à plus de 3 fois ou moins du tiers de la médiane du mois
2024-05-15,Bénin,Littoral,Cotonou,Dantokpa,Citrons,KG,1800.0,531.2,3.39,Prix à plus de 3 fois ou moins du tiers de la médiane du mois
2024-05-15,Bénin,Mono,Comé,Comé,Banane plantain,KG,167.5,600.0,0.28,Prix à plus de 3 fois ou moins du tiers de la médiane du mois
2024-05-15,Bénin,Ouémé,Adjohoun,Azowlissè,Papaye,KG,52.0,250.0,0.21,Prix à plus de 3 fois ou moins du tiers de la médiane du mois
2024-05-15,Bénin,Plateau,Adja-Ouèrè,Tatonnoukon,Gombo frais,KG,90.0,448.4,0.2,Prix à plus de 3 fois ou moins du tiers de la médiane du mois
2024-05-15,Bénin,Plateau,Kétou,Kétou,Crevettes,KG,983.0,7150.6,0.14,Prix à plus de 3 fois ou moins du tiers de la médiane du mois
2024-05-15,Bénin,Zou,Abomey,Abomey,Cossettes de manioc,KG,1262.5,271.2,4.65,Prix à plus de 3 fois ou moins du tiers de la médiane du mois
2024-05-15,Bénin,Zou,Abomey,Abomey,Igname sèche,KG,1600.0,505.8,3.16,Prix à plus de 3 fois ou moins du tiers de la médiane du mois
2024-05-15,Bénin,Zou,Bohicon,Bohicon,Chou,KG,1950.0,500.0,3.9,Prix à plus de 3 fois ou moins du tiers de la médiane du mois
2024-05-15,Bénin,Zou,Ouinhi,Dasso,Gari fin,KG,163.75,523.5,0.31,Prix à plus de 3 fois ou moins du tiers de la médiane du mois
2024-05-15,Bénin,Zou,Ouinhi,Dasso,Noix de coco sèche,KG,87.5,396.8,0.22,Prix à plus de 3 fois ou moins du tiers de la médiane du mois
2024-05-15,Bénin,Zou,Ouinhi,Dasso,Tomates,KG,218.25,685.0,0.32,Prix à plus de 3 fois ou moins du tiers de la médiane du mois
2024-05-15,Bénin,Zou,Zangnanado,Kpedekpo,Igname sèche,KG,1602.5,505.8,3.17,Prix à plus de 3 fois ou moins du tiers de la médiane du mois
2024-06-15,Bénin,Alibori,Karimama,Karimama,Maïs jaune,KG,1000.0,323.1,3.09,Prix à plus de 3 fois ou moins du tiers de la médiane du mois
2024-06-15,Bénin,Alibori,Karimama,Karimama,Tilapia,KG,515.67,1762.5,0.29,Prix à plus de 3 fois ou moins du tiers de la médiane du mois
2024-06-15,Bénin,Atacora,Natitingou,Natitingou,Piment rouge sec,KG,18250.13,5769.5,3.16,Prix à plus de 3 fois ou moins du tiers de la médiane du mois
2024-06-15,Bénin,Atlantique,Allada,Sékou,Papaye,KG,95.0,300.0,0.32,Prix à plus de 3 fois ou moins du tiers de la médiane du mois
2024-06-15,Bénin,Atlantique,Toffo,Ouègbo,Farine de manioc,KG,150.0,546.0,0.27,Prix à plus de 3 fois ou moins du tiers de la médiane du mois
2024-06-15,Bénin,Borgou,Bembèrèkè,Bembèrèkè,Riz paddy,KG,4000.0,300.0,13.33,Prix à plus de 3 fois ou moins du tiers de la médiane du mois
2024-06-15,Bénin,Borgou,Kalalé,Kalalé,Igname sèche,KG,4750.0,544.0,8.73,Prix à plus de 3 fois ou moins du tiers de la médiane du mois
2024-06-15,Bénin,Borgou,Nikki,Nikki,Igname sèche,KG,95.0,544.0,0.17,Prix à plus de 3 fois ou moins du tiers de la médiane du mois
2024-06-15,Bénin,Borgou,Nikki,Nikki,Igname blanche,KG,90.0,461.5,0.2,Prix à plus de 3 fois ou moins du tiers de la médiane du mois
2024-06-15,Bénin,Borgou,Nikki,Nikki,Noix de coco sèche,KG,90.0,381.7,0.24,Prix à plus de 3 fois ou moins du tiers de la médiane du mois
2024-06-15,Bénin,Borgou,Nikki,Nikki,Citrons,KG,60.0,462.9,0.13,Prix à plus de 3 fois ou moins du tiers de la médiane du mois
2024-06-15,Bénin,Borgou,Parakou,Parakou,Igname blanche,KG,118.0,461.5,0.26,Prix à plus de 3 fois ou moins du tiers de la médiane du mois
2024-06-15,Bénin,Borgou,Sinendé,Sinendé,Citrons,KG,100.0,462.9,0.22,Prix à plus de 3 fois ou moins du tiers de la médiane du mois
2024-06-15,Bénin,Borgou,Sinendé,Sinendé,Piment rouge sec,KG,1733.0,5769.5,0.3,Prix à plus de 3 fois ou moins du tiers de la médiane du mois
2024-06-15,Bénin,Borgou,Sinendé,Sinendé,Tomates,KG,125.0,833.7,0.15,Prix à plus de 3 fois ou moins du tiers de la médiane du mois
2024-06-15,Bénin,Borgou,Tchaourou,Tchaourou,Citrons,KG,121.0,462.9,0.26,Prix à plus de 3 fois ou moins du tiers de la médiane du mois
2024-06-15,Bénin,Borgou,Tchaourou,Tchaourou,Piment rouge sec,KG,1418.0,5769.5,0.25,Prix à plus de 3 fois ou moins du tiers de la médiane du mois
2024-06-15,Bénin,Couffo,Aplahoué,Azovè,Oranges,KG,70.0,214.2,0.33,Prix à plus de 3 fois ou moins du tiers de la médiane du mois
2024-06-15,Bénin,Donga,Bassila,Bassila,Crevettes,KG,600.0,7119.4,0.08,Prix à plus de 3 fois ou moins du tiers de la médiane du mois
2024-06-15,Bénin,Donga,Bassila,Bassila,Chou,KG,200.0,626.9,0.32,Prix à plus de 3 fois ou moins du tiers de la médiane du mois
2024-06-15,Bénin,Donga,Bassila,Bassila,Carottes,KG,200.0,837.5,0.24,Prix à plus de 3 fois ou moins du tiers de la médiane du mois
2024-06-15,Bénin,Donga,Bassila,Bassila,Tomates,KG,200.0,833.7,0.24,Prix à plus de 3 fois ou moins du tiers de la médiane du mois
2024-06-15,Bénin,Donga,Djougou,Djougou,Mil,KG,131.0,462.5,0.28,Prix à plus de 3 fois ou moins du tiers de la médiane du mois
2024-06-15,Bénin,Donga,Djougou,Djougou,Tomates,KG,3300.0,833.7,3.96,Prix à plus de 3 fois ou moins du tiers de la médiane du mois
2024-06-15,Bénin,Littoral,Cotonou,Dantokpa,Igname jaune,KG,933.33,262.5,3.56,Prix à plus de 3 fois ou moins du tiers de la médiane du mois
2024-06-15,Bénin,Mono,Comé,Comé,Banane plantain,KG,202.5,676.2,0.3,Prix à plus de 3 fois ou moins du tiers de la médiane du mois
2024-06-15,Bénin,Ouémé,Adjohoun,Azowlissè,Papaye,KG,62.0,300.0,0.21,Prix à plus de 3 fois ou moins du tiers de la médiane du mois
2024-06-15,Bénin,Ouémé,Bonou,Affamè,Patate douce,KG,780.0,257.0,3.04,Prix à plus de 3 fois ou moins du tiers de la médiane du mois
2024-06-15,Bénin,Ouémé,Dangbo,Dangbo,Igname blanche,KG,1400.0,461.5,3.03,Prix à plus de 3 fois ou moins du tiers de la médiane du mois
2024-06-15,Bénin,Plateau,Adja-Ouèrè,Tatonnoukon,Gombo frais,KG,90.0,430.0,0.21,Prix à plus de 3 fois ou moins du tiers de la médiane du mois
2024-06-15,Bénin,Plateau,Kétou,Kétou,Crevettes,KG,999.0,7119.4,0.14,Prix à plus de 3 fois ou moins du tiers de la médiane du mois
2024-06-15,Bénin,Zou,Abomey,Abomey,Cossettes de manioc,KG,1200.0,284.2,4.22,Prix à plus de 3 fois ou moins du tiers de la médiane du mois
2024-06-15,Bénin,Zou,Abomey,Abomey,Igname sèche,KG,1712.5,544.0,3.15,Prix à plus de 3 fois ou moins du tiers de la médiane du mois
2024-06-15,Bénin,Zou,Ouinhi,Dasso,Gari fin,KG,152.67,552.2,0.28,Prix à plus de 3 fois ou moins du tiers de la médiane du mois
2024-06-15,Bénin,Zou,Ouinhi,Dasso,Gombo frais,KG,83.0,430.0,0.19,Prix à plus de 3 fois ou moins du tiers de la médiane du mois
2024-06-15,Bénin,Zou,Ouinhi,Dasso,Tomates,KG,182.33,833.7,0.22,Prix à plus de 3 fois ou moins du tiers de la médiane du mois
2024-06-15,Bénin,Zou,Zangnanado,Kpedekpo,Igname sèche,KG,1648.75,544.0,3.03,Prix à plus de 3 fois ou moins du tiers de la médiane du mois
2024-07-15,Bénin,Alibori,Karimama,Karimama,Tilapia,KG,482.25,1740.0,0.28,Prix à plus de 3 fois ou moins du tiers de la médiane du mois
2024-07-15,Bénin,Alibori,Karimama,Karimama,Oranges,KG,766.67,202.0,3.8,Prix à plus de 3 fois ou moins du tiers de la médiane du mois
2024-07-15,Bénin,Atlantique,Abomey-Calavi,Zinvié,Carottes,KG,2500.0,766.1,3.26,Prix à plus de 3 fois ou moins du tiers de la médiane du mois
2024-07-15,Bénin,Atlantique,Toffo,Sehoue,Citrons,KG,92.0,324.2,0.28,Prix à plus de 3 fois ou moins du tiers de la médiane du mois
2024-07-15,Bénin,Atlantique,Zè,Sèdjè-Dénou,Manioc frais,KG,475.0,157.5,3.02,Prix à plus de 3 fois ou moins du tiers de la médiane du mois
2024-07-15,Bénin,Borgou,Bembèrèkè,Bembèrèkè,Riz paddy,KG,4500.0,400.0,11.25,Prix à plus de 3 fois ou moins du tiers de la médiane du mois
2024-07-15,Bénin,Borgou,Kalalé,Kalalé,Igname sèche,KG,5250.0,630.0,8.33,Prix à plus de 3 fois ou moins du tiers de la médiane du mois
2024-07-15,Bénin,Borgou,Nikki,Nikki,Igname sèche,KG,95.0,630.0,0.15,Prix à plus de 3 fois ou moins du tiers de la médiane du mois
2024-07-15,Bénin,Borgou,Nikki,Nikki,Igname blanche,KG,90.0,559.4,0.16,Prix à plus de 3 fois ou moins du tiers de la médiane du mois
2024-07-15,Bénin,Borgou,Nikki,Nikki,Noix de coco sèche,KG,90.0,358.5,0.25,Prix à plus de 3 fois ou moins du tiers de la médiane du mois
2024-07-15,Bénin,Borgou,Nikki,Nikki,Citrons,KG,60.0,324.2,0.19,Prix à plus de 3 fois ou moins du tiers de la médiane du mois
2024-07-15,Bénin,Borgou,Parakou,Parakou,Igname,KG,122.33,388.5,0.31,Prix à plus de 3 fois ou moins du tiers de la médiane du mois
2024-07-15,Bénin,Borgou,Sinendé,Sinendé,Carottes,KG,150.0,766.1,0.2,Prix à plus de 3 fois ou moins du tiers de la médiane du mois
2024-07-15,Bénin,Borgou,Sinendé,Sinendé,Citrons,KG,100.0,324.2,0.31,Prix à plus de 3 fois ou moins du tiers de la médiane du mois
2024-07-15,Bénin,Borgou,Sinendé,Sinendé,Piment rouge sec,KG,1777.67,6634.2,0.27,Prix à plus de 3 fois ou moins du tiers de la médiane du mois
2024-07-15,Bénin,Borgou,Sinendé,Sinendé,Tomates,KG,100.0,592.0,0.17,Prix à plus de 3 fois ou moins du tiers de la médiane du mois
2024-07-15,Bénin,Borgou,Tchaourou,Tchaourou,Piment rouge sec,KG,1417.5,6634.2,0.21,Prix à plus de 3 fois ou moins du tiers de la médiane du mois
2024-07-15,Bénin,Collines,Dassa-Zoumè,Dassa-Zoumè,Citrons,KG,1033.33,324.2,3.19,Prix à plus de 3 fois ou moins du tiers de la médiane du mois
2024-07-15,Bénin,Couffo,Aplahoué,Azovè,"Arachide (petite, en coque)",KG,261.0,811.0,0.32,Prix à plus de 3 fois ou moins du tiers de la médiane du mois
2024-07-15,Bénin,Donga,Bassila,Bassila,Crevettes,KG,600.0,6325.0,0.09,Prix à plus de 3 fois ou moins du tiers de la médiane du mois
2024-07-15,Bénin,Donga,Bassila,Bassila,Chou,KG,200.0,615.4,0.32,Prix à plus de 3 fois ou moins du tiers de la médiane du mois
2024-07-15,Bénin,Donga,Bassila,Bassila,Carottes,KG,200.0,766.1,0.26,Prix à plus de 3 fois ou moins du tiers de la médiane du mois
2024-07-15,Bénin,Donga,Djougou,Djougou,Mil,KG,131.0,465.0,0.28,Prix à plus de 3 fois ou moins du tiers de la médiane du mois
2024-07-15,Bénin,Littoral,Cotonou,Dantokpa,Igname jaune,KG,1000.0,262.5,3.81,Prix à plus de 3 fois ou moins du tiers de la médiane du mois
2024-07-15,Bénin,Ouémé,Bonou,Affamè,Igname,KG,1200.0,388.5,3.09,Prix à plus de 3 fois ou moins du tiers de la médiane du mois
2024-07-15,Bénin,Plateau,Adja-Ouèrè,Tatonnoukon,Gombo frais,KG,90.0,358.0,0.25,Prix à plus de 3 fois ou moins du tiers de la médiane du mois
2024-07-15,Bénin,Plateau,Kétou,Kétou,Crevettes,KG,1009.0,6325.0,0.16,Prix à plus de 3 fois ou moins du tiers de la médiane du mois
2024-07-15,Bénin,Zou,Abomey,Abomey,Cossettes de manioc,KG,1100.0,300.0,3.67,Prix à plus de 3 fois ou moins du tiers de la médiane du mois
2024-07-15,Bénin,Zou,Abomey,Abomey,Farine de manioc,KG,1580.0,526.0,3.0,Prix à plus de 3 fois ou moins du tiers de la médiane du mois
2024-07-15,Bénin,Zou,Covè,Covè,Huile de palmiste,KG,3200.0,1012.5,3.16,Prix à plus de 3 fois ou moins du tiers de la médiane du mois
2024-07-15,Bénin,Zou,Ouinhi,Dasso,Gari fin,KG,148.0,556.0,0.27,Prix à plus de 3 fois ou moins du tiers de la médiane du mois
2024-07-15,Bénin,Zou,Ouinhi,Dasso,Chou,KG,134.0,615.4,0.22,Prix à plus de 3 fois ou moins du tiers de la médiane du mois
2024-07-15,Bénin,Zou,Ouinhi,Dasso,Carottes,KG,126.5,766.1,0.17,Prix à plus de 3 fois ou moins du tiers de la médiane du mois
2024-07-15,Bénin,Zou,Ouinhi,Dasso,Noix de coco sèche,KG,100.5,358.5,0.28,Prix à plus de 3 fois ou moins du tiers de la médiane du mois
2024-07-15,Bénin,Zou,Ouinhi,Dasso,Oignons,KG,140.75,463.4,0.3,Prix à plus de 3 fois ou moins du tiers de la médiane du mois
2024-07-15,Bénin,Zou,Ouinhi,Dasso,Tomates,KG,147.0,592.0,0.25,Prix à plus de 3 fois ou moins du tiers de la médiane du mois
2024-07-15,Bénin,Zou,Zogbodomey,Zogbodomey,Carottes,KG,240.5,766.1,0.31,Prix à plus de 3 fois ou moins du tiers de la médiane du mois
2024-08-15,Bénin,Atlantique,Toffo,Sehoue,Citrons,KG,91.0,275.4,0.33,Prix à plus de 3 fois ou moins du tiers de la médiane du mois
2024-08-15,Bénin,Atlantique,Toffo,Sehoue,Gombo frais,KG,96.0,308.3,0.31,Prix à plus de 3 fois ou moins du tiers de la médiane du mois
2024-08-15,Bénin,Atlantique,Zè,Sèdjè-Dénou,Manioc frais,KG,550.0,147.5,3.73,Prix à plus de 3 fois ou moins du tiers de la médiane du mois
2024-08-15,Bénin,Borgou,Bembèrèkè,Bembèrèkè,Riz paddy,KG,5000.0,333.3,15.0,Prix à plus de 3 fois ou moins du tiers de la médiane du mois
2024-08-15,Bénin,Borgou,Kalalé,Kalalé,Igname sèche,KG,5840.0,662.5,8.82,Prix à plus de 3 fois ou moins du tiers de la médiane du mois
2024-08-15,Bénin,Borgou,Nikki,Nikki,Igname sèche,KG,95.0,662.5,0.14,Prix à plus de 3 fois ou moins du tiers de la médiane du mois
2024-08-15,Bénin,Borgou,Nikki,Nikki,Igname blanche,KG,91.25,495.8,0.18,Prix à plus de 3 fois ou moins du tiers de la médiane du mois
2024-08-15,Bénin,Borgou,Nikki,Nikki,Noix de coco sèche,KG,90.0,371.7,0.24,Prix à plus de 3 fois ou moins du tiers de la médiane du mois
2024-08-15,Bénin,Borgou,Nikki,Nikki,Citrons,KG,65.0,275.4,0.24,Prix à plus de 3 fois ou moins du tiers de la médiane du mois
2024-08-15,Bénin,Borgou,Parakou,Parakou,Igname,KG,113.0,381.7,0.3,Prix à plus de 3 fois ou moins du tiers de la médiane du mois
2024-08-15,Bénin,Borgou,Sinendé,Sinendé,Piment rouge sec,KG,1955.67,6538.0,0.3,Prix à plus de 3 fois ou moins du tiers de la médiane du mois
2024-08-15,Bénin,Borgou,Tchaourou,Tchaourou,Piment rouge sec,KG,1512.0,6538.0,0.23,Prix à plus de 3 fois ou moins du tiers de la médiane du mois
2024-08-15,Bénin,Donga,Bassila,Bassila,Crevettes,KG,600.0,6233.3,0.1,Prix à plus de 3 fois ou moins du tiers de la médiane du mois
2024-08-15,Bénin,Donga,Bassila,Bassila,Chou,KG,200.0,610.5,0.33,Prix à plus de 3 fois ou moins du tiers de la médiane du mois
2024-08-15,Bénin,Donga,Bassila,Bassila,Carottes,KG,200.0,808.3,0.25,Prix à plus de 3 fois ou moins du tiers de la médiane du mois
2024-08-15,Bénin,Donga,Djougou,Djougou,Mil,KG,131.0,464.5,0.28,Prix à plus de 3 fois ou moins du tiers de la médiane du mois
2024-08-15,Bénin,Plateau,Adja-Ouèrè,Tatonnoukon,Gombo frais,KG,90.0,308.3,0.29,Prix à plus de 3 fois ou moins du tiers de la médiane du mois
2024-08-15,Bénin,Plateau,Kétou,Kétou,Crevettes,KG,1002.0,6233.3,0.16,Prix à plus de 3 fois ou moins du tiers de la médiane du mois
2024-08-15,Bénin,Plateau,Sakété,Yoko,Patate douce,KG,83.33,263.8,0.32,Prix à plus de 3 fois ou moins du tiers de la médiane du mois
2024-08-15,Bénin,Zou,Abomey,Abomey,Cossettes de manioc,KG,1212.5,303.1,4.0,Prix à plus de 3 fois ou moins du tiers de la médiane du mois
2024-08-15,Bénin,Zou,Covè,Covè,Huile de palmiste,KG,3200.0,1066.7,3.0,Prix à plus de 3 fois ou moins du tiers de la médiane du mois
2024-08-15,Bénin,Zou,Ouinhi,Dasso,Gari fin,KG,148.0,542.0,0.27,Prix à plus de 3 fois ou moins du tiers de la médiane du mois
2024-08-15,Bénin,Zou,Ouinhi,Dasso,Carottes,KG,137.0,808.3,0.17,Prix à plus de 3 fois ou moins du tiers de la médiane du mois
2024-08-15,Bénin,Zou,Ouinhi,Dasso,Gombo frais,KG,76.0,308.3,0.25,Prix à plus de 3 fois ou moins du tiers de la médiane du mois
2024-08-15,Bénin,Zou,Ouinhi,Dasso,Oignons,KG,114.25,500.0,0.23,Prix à plus de 3 fois ou moins du tiers de la médiane du mois
2024-08-15,Bénin,Zou,Ouinhi,Dasso,Tomates,KG,128.75,400.0,0.32,Prix à plus de 3 fois ou moins du tiers de la médiane du mois
2024-09-15,Bénin,Alibori,Karimama,Karimama,Igname,KG,1700.0,337.5,5.04,Prix à plus de 3 fois ou moins du tiers de la médiane du mois
2024-09-15,Bénin,Atacora,Cobly,Cobly,Tapioca,KG,2656.0,838.8,3.17,Prix à plus de 3 fois ou moins du tiers de la médiane du mois
2024-09-15,Bénin,Atlantique,Allada,Sékou,Patate douce,KG,81.25,250.0,0.32,Prix à plus de 3 fois ou moins du tiers de la médiane du mois
2024-09-15,Bénin,Atlantique,Allada,Sékou,Papaye,KG,95.0,293.3,0.32,Prix à plus de 3 fois ou moins du tiers de la médiane du mois
2024-09-15,Bénin,Atlantique,Zè,Sèdjè-Dénou,Manioc frais,KG,550.0,150.0,3.67,Prix à plus de 3 fois ou moins du tiers de la médiane du mois
2024-09-15,Bénin,Borgou,Bembèrèkè,Bembèrèkè,Riz paddy,KG,5000.0,283.3,17.65,Prix à plus de 3 fois ou moins du tiers de la médiane du mois
2024-09-15,Bénin,Borgou,Nikki,Nikki,Mil,KG,157.0,489.3,0.32,Prix à plus de 3 fois ou moins du tiers de la médiane du mois
2024-09-15,Bénin,Borgou,Nikki,Nikki,Igname sèche,KG,95.0,575.2,0.17,Prix à plus de 3 fois ou moins du tiers de la médiane du mois
2024-09-15,Bénin,Borgou,Nikki,Nikki,Igname blanche,KG,95.0,368.8,0.26,Prix à plus de 3 fois ou moins du tiers de la médiane du mois
2024-09-15,Bénin,Borgou,Nikki,Nikki,Noix de coco sèche,KG,90.0,380.0,0.24,Prix à plus de 3 fois ou moins du tiers de la médiane du mois
2024-09-15,Bénin,Borgou,Nikki,Nikki,Citrons,KG,65.0,241.0,0.27,Prix à plus de 3 fois ou moins du tiers de la médiane du mois
2024-09-15,Bénin,Borgou,Nikki,Nikki,Oignons,KG,170.0,512.5,0.33,Prix à plus de 3 fois ou moins du tiers de la médiane du mois
2024-09-15,Bénin,Borgou,Parakou,Parakou,Igname,KG,106.0,337.5,0.31,Prix à plus de 3 fois ou moins du tiers de la médiane du mois
2024-09-15,Bénin,Borgou,Sinendé,Sinendé,Piment rouge sec,KG,1911.0,6434.2,0.3,Prix à plus de 3 fois ou moins du tiers de la médiane du mois
2024-09-15,Bénin,Borgou,Tchaourou,Tchaourou,Piment rouge sec,KG,1465.0,6434.2,0.23,Prix à plus de 3 fois ou moins du tiers de la médiane du mois
2024-09-15,Bénin,Collines,Dassa-Zoumè,Dassa-Zoumè,Igname blanche,KG,1366.67,368.8,3.71,Prix à plus de 3 fois ou moins du tiers de la médiane du mois
2024-09-15,Bénin,Collines,Glazoué,Glazoué,Igname,KG,110.0,337.5,0.33,Prix à plus de 3 fois ou moins du tiers de la médiane du mois
2024-09-15,Bénin,Collines,Savalou,Savalou,Escargots,KG,3166.67,945.8,3.35,Prix à plus de 3 fois ou moins du tiers de la médiane du mois
2024-09-15,Bénin,Couffo,Klouékanmè,Klouékanmè,Oranges,KG,65.0,221.7,0.29,Prix à plus de 3 fois ou moins du tiers de la médiane du mois
2024-09-15,Bénin,Donga,Bassila,Bassila,Igname jaune,KG,100.0,302.5,0.33,Prix à plus de 3 fois ou moins du tiers de la médiane du mois
2024-09-15,Bénin,Donga,Bassila,Bassila,Crevettes,KG,600.0,6927.5,0.09,Prix à plus de 3 fois ou moins du tiers de la médiane du mois
2024-09-15,Bénin,Donga,Bassila,Bassila,Carottes,KG,200.0,758.8,0.26,Prix à plus de 3 fois ou moins du tiers de la médiane du mois
2024-09-15,Bénin,Donga,Djougou,Djougou,Mil,KG,132.25,489.3,0.27,Prix à plus de 3 fois ou moins du tiers de la médiane du mois
2024-09-15,Bénin,Donga,Ouaké,Kassoua-Allah,Riz paddy,KG,875.0,283.3,3.09,Prix à plus de 3 fois ou moins du tiers de la médiane du mois
2024-09-15,Bénin,Plateau,Adja-Ouèrè,Tatonnoukon,Gombo frais,KG,90.0,306.2,0.29,Prix à plus de 3 fois ou moins du tiers de la médiane du mois
2024-09-15,Bénin,Plateau,Kétou,Kétou,Crevettes,KG,995.0,6927.5,0.14,Prix à plus de 3 fois ou moins du tiers de la médiane du mois
2024-09-15,Bénin,Zou,Abomey,Abomey,Cossettes de manioc,KG,1012.5,300.0,3.38,Prix à plus de 3 fois ou moins du tiers de la médiane du mois
2024-09-15,Bénin,Zou,Bohicon,Bohicon,Chou,KG,1600.0,480.1,3.33,Prix à plus de 3 fois ou moins du tiers de la médiane du mois
2024-09-15,Bénin,Zou,Covè,Covè,Huile de palmiste,KG,3200.0,1000.0,3.2,Prix à plus de 3 fois ou moins du tiers de la médiane du mois
2024-09-15,Bénin,Zou,Ouinhi,Dasso,Gari fin,KG,151.5,527.6,0.29,Prix à plus de 3 fois ou moins du tiers de la médiane du mois
2024-09-15,Bénin,Zou,Ouinhi,Dasso,Carottes,KG,145.0,758.8,0.19,Prix à plus de 3 fois ou moins du tiers de la médiane du mois
2024-09-15,Bénin,Zou,Ouinhi,Dasso,Gombo frais,KG,96.67,306.2,0.32,Prix à plus de 3 fois ou moins du tiers de la médiane du mois
2024-09-15,Bénin,Zou,Ouinhi,Dasso,Oignons,KG,131.33,512.5,0.26,Prix à plus de 3 fois ou moins du tiers de la médiane du mois
2024-10-15,Bénin,Alibori,Karimama,Karimama,Tilapia,KG,481.5,1750.0,0.28,Prix à plus de 3 fois ou moins du tiers de la médiane du mois
2024-10-15,Bénin,Atacora,Cobly,Cobly,Tapioca,KG,2708.0,837.4,3.23,Prix à plus de 3 fois ou moins du tiers de la médiane du mois
2024-10-15,Bénin,Atlantique,Allada,Sékou,Papaye,KG,92.5,287.5,0.32,Prix à plus de 3 fois ou moins du tiers de la médiane du mois
2024-10-15,Bénin,Atlantique,Toffo,Ouègbo,Crevettes,KG,12500.0,3919.4,3.19,Prix à plus de 3 fois ou moins du tiers de la médiane du mois
2024-10-15,Bénin,Atlantique,Zè,Sèdjè-Dénou,Manioc frais,KG,450.0,139.9,3.22,Prix à plus de 3 fois ou moins du tiers de la médiane du mois
2024-10-15,Bénin,Borgou,Bembèrèkè,Bembèrèkè,Riz paddy,KG,5000.0,425.0,11.76,Prix à plus de 3 fois ou moins du tiers de la médiane du mois
2024-10-15,Bénin,Borgou,Kalalé,Kalalé,Igname sèche,KG,3875.0,575.0,6.74,Prix à plus de 3 fois ou moins du tiers de la médiane du mois
2024-10-15,Bénin,Borgou,Nikki,Nikki,Mil,KG,157.0,476.8,0.33,Prix à plus de 3 fois ou moins du tiers de la médiane du mois
2024-10-15,Bénin,Borgou,Nikki,Nikki,Igname sèche,KG,95.0,575.0,0.17,Prix à plus de 3 fois ou moins du tiers de la médiane du mois
2024-10-15,Bénin,Borgou,Nikki,Nikki,Igname blanche,KG,95.0,340.6,0.28,Prix à plus de 3 fois ou moins du tiers de la médiane du mois
2024-10-15,Bénin,Borgou,Nikki,Nikki,Noix de coco sèche,KG,90.0,390.0,0.23,Prix à plus de 3 fois ou moins du tiers de la médiane du mois
2024-10-15,Bénin,Borgou,Nikki,Nikki,Citrons,KG,60.0,276.6,0.22,Prix à plus de 3 fois ou moins du tiers de la médiane du mois
2024-10-15,Bénin,Borgou,Nikki,Nikki,Oignons,KG,170.0,551.7,0.31,Prix à plus de 3 fois ou moins du tiers de la médiane du mois
2024-10-15,Bénin,Borgou,Parakou,Parakou,Igname,KG,105.0,325.0,0.32,Prix à plus de 3 fois ou moins du tiers de la médiane du mois
2024-10-15,Bénin,Borgou,Sinendé,Sinendé,Piment rouge sec,KG,1911.0,5961.5,0.32,Prix à plus de 3 fois ou moins du tiers de la médiane du mois
2024-10-15,Bénin,Borgou,Tchaourou,Tchaourou,Piment rouge sec,KG,1465.0,5961.5,0.25,Prix à plus de 3 fois ou moins du tiers de la médiane du mois
2024-10-15,Bénin,Collines,Glazoué,Glazoué,Riz paddy,KG,119.0,425.0,0.28,Prix à plus de 3 fois ou moins du tiers de la médiane du mois
2024-10-15,Bénin,Collines,Glazoué,Glazoué,Igname,KG,100.0,325.0,0.31,Prix à plus de 3 fois ou moins du tiers de la médiane du mois
2024-10-15,Bénin,Collines,Glazoué,Glazoué,Escargots,KG,566.67,1800.0,0.31,Prix à plus de 3 fois ou moins du tiers de la médiane du mois
2024-10-15,Bénin,Collines,Ouèssè,Ouesse,Igname blanche,KG,110.0,340.6,0.32,Prix à plus de 3 fois ou moins du tiers de la médiane du mois
2024-10-15,Bénin,Donga,Bassila,Bassila,Igname jaune,KG,100.0,325.0,0.31,Prix à plus de 3 fois ou moins du tiers de la médiane du mois
2024-10-15,Bénin,Donga,Bassila,Bassila,Crevettes,KG,600.0,3919.4,0.15,Prix à plus de 3 fois ou moins du tiers de la médiane du mois
2024-10-15,Bénin,Donga,Bassila,Bassila,Carottes,KG,200.0,743.8,0.27,Prix à plus de 3 fois ou moins du tiers de la médiane du mois
2024-10-15,Bénin,Donga,Djougou,Djougou,Mil,KG,136.0,476.8,0.29,Prix à plus de 3 fois ou moins du tiers de la médiane du mois
2024-10-15,Bénin,Mono,Comé,Comé,Crevettes,KG,13000.0,3919.4,3.32,Prix à plus de 3 fois ou moins du tiers de la médiane du mois
2024-10-15,Bénin,Plateau,Adja-Ouèrè,Tatonnoukon,Crevettes,KG,220.0,3919.4,0.06,Prix à plus de 3 fois ou moins du tiers de la médiane du mois
2024-10-15,Bénin,Plateau,Adja-Ouèrè,Tatonnoukon,Gombo frais,KG,90.0,312.5,0.29,Prix à plus de 3 fois ou moins du tiers de la médiane du mois
2024-10-15,Bénin,Plateau,Kétou,Kétou,Crevettes,KG,996.0,3919.4,0.25,Prix à plus de 3 fois ou moins du tiers de la médiane du mois
2024-10-15,Bénin,Zou,Abomey,Abomey,Cossettes de manioc,KG,1062.5,300.0,3.54,Prix à plus de 3 fois ou moins du tiers de la médiane du mois
2024-10-15,Bénin,Zou,Abomey,Abomey,Farine de manioc,KG,1698.0,526.0,3.23,Prix à plus de 3 fois ou moins du tiers de la médiane du mois
2024-10-15,Bénin,Zou,Abomey,Abomey,Escargots,KG,518.75,1800.0,0.29,Prix à plus de 3 fois ou moins du tiers de la médiane du mois
2024-10-15,Bénin,Zou,Bohicon,Bohicon,Chou,KG,1600.0,443.5,3.61,Prix à plus de 3 fois ou moins du tiers de la médiane du mois
2024-10-15,Bénin,Zou,Covè,Covè,Crevettes,KG,16200.0,3919.4,4.13,Prix à plus de 3 fois ou moins du tiers de la médiane du mois
2024-10-15,Bénin,Zou,Ouinhi,Dasso,Gari fin,KG,139.25,512.2,0.27,Prix à plus de 3 fois ou moins du tiers de la médiane du mois
2024-10-15,Bénin,Zou,Ouinhi,Dasso,Carottes,KG,186.0,743.8,0.25,Prix à plus de 3 fois ou moins du tiers de la médiane du mois
2024-11-15,Bénin,Alibori,Karimama,Karimama,Igname,KG,1113.25,300.0,3.71,Prix à plus de 3 fois ou moins du tiers de la médiane du mois
2024-11-15,Bénin,Alibori,Karimama,Karimama,Tilapia,KG,479.0,1724.0,0.28,Prix à plus de 3 fois ou moins du tiers de la médiane du mois
2024-11-15,Bénin,Atacora,Cobly,Cobly,Tapioca,KG,2708.0,833.2,3.25,Prix à plus de 3 fois ou moins du tiers de la médiane du mois
2024-11-15,Bénin,Atlantique,Allada,Sékou,Papaye,KG,72.5,225.0,0.32,Prix à plus de 3 fois ou moins du tiers de la médiane du mois
2024-11-15,Bénin,Atlantique,Toffo,Sehoue,Citrons,KG,97.0,305.9,0.32,Prix à plus de 3 fois ou moins du tiers de la médiane du mois
2024-11-15,Bénin,Atlantique,Zè,Sèdjè-Dénou,Manioc frais,KG,450.0,136.9,3.29,Prix à plus de 3 fois ou moins du tiers de la médiane du mois
2024-11-15,Bénin,Borgou,Bembèrèkè,Bembèrèkè,Riz paddy,KG,4500.0,322.0,13.98,Prix à plus de 3 fois ou moins du tiers de la médiane du mois
2024-11-15,Bénin,Borgou,Kalalé,Kalalé,Igname sèche,KG,3016.75,550.6,5.48,Prix à plus de 3 fois ou moins du tiers de la médiane du mois
2024-11-15,Bénin,Borgou,Kalalé,Kalalé,Haricots rouges,KG,2170.33,655.8,3.31,Prix à plus de 3 fois ou moins du tiers de la médiane du mois
2024-11-15,Bénin,Borgou,Nikki,Nikki,Mil,KG,157.0,503.0,0.31,Prix à plus de 3 fois ou moins du tiers de la médiane du mois
2024-11-15,Bénin,Borgou,Nikki,Nikki,Igname sèche,KG,95.0,550.6,0.17,Prix à plus de 3 fois ou moins du tiers de la médiane du mois
2024-11-15,Bénin,Borgou,Nikki,Nikki,Igname blanche,KG,95.0,343.6,0.28,Prix à plus de 3 fois ou moins du tiers de la médiane du mois
2024-11-15,Bénin,Borgou,Nikki,Nikki,Carottes,KG,62.0,769.0,0.08,Prix à plus de 3 fois ou moins du tiers de la médiane du mois
2024-11-15,Bénin,Borgou,Nikki,Nikki,Noix de coco sèche,KG,87.8,377.0,0.23,Prix à plus de 3 fois ou moins du tiers de la médiane du mois
2024-11-15,Bénin,Borgou,Nikki,Nikki,Citrons,KG,55.0,305.9,0.18,Prix à plus de 3 fois ou moins du tiers de la médiane du mois
2024-11-15,Bénin,Borgou,Nikki,Nikki,Gombo frais,KG,66.0,305.7,0.22,Prix à plus de 3 fois ou moins du tiers de la médiane du mois
2024-11-15,Bénin,Borgou,Nikki,Nikki,Oignons,KG,168.0,597.1,0.28,Prix à plus de 3 fois ou moins du tiers de la médiane du mois
2024-11-15,Bénin,Borgou,Nikki,Nikki,Piment rouge sec,KG,769.0,4988.5,0.15,Prix à plus de 3 fois ou moins du tiers de la médiane du mois
2024-11-15,Bénin,Borgou,Tchaourou,Tchaourou,Piment rouge sec,KG,1292.0,4988.5,0.26,Prix à plus de 3 fois ou moins du tiers de la médiane du mois
2024-11-15,Bénin,Donga,Bassila,Bassila,Carottes,KG,192.0,769.0,0.25,Prix à plus de 3 fois ou moins du tiers de la médiane du mois
2024-11-15,Bénin,Donga,Djougou,Djougou,Mil,KG,138.0,503.0,0.27,Prix à plus de 3 fois ou moins du tiers de la médiane du mois
2024-11-15,Bénin,Plateau,Adja-Ouèrè,Tatonnoukon,Gombo frais,KG,90.0,305.7,0.29,Prix à plus de 3 fois ou moins du tiers de la médiane du mois
2024-11-15,Bénin,Zou,Bohicon,Bohicon,Chou,KG,1600.0,488.8,3.27,Prix à plus de 3 fois ou moins du tiers de la médiane du mois
2024-11-15,Bénin,Zou,Ouinhi,Dasso,Gari fin,KG,134.0,486.0,0.28,Prix à plus de 3 fois ou moins du tiers de la médiane du mois
2024-11-15,Bénin,Zou,Ouinhi,Dasso,Carottes,KG,151.0,769.0,0.2,Prix à plus de 3 fois ou moins du tiers de la médiane du mois
2024-11-15,Bénin,Zou,Ouinhi,Dasso,Gombo frais,KG,88.75,305.7,0.29,Prix à plus de 3 fois ou moins du tiers de la médiane du mois
2024-11-15,Bénin,Zou,Zangnanado,Kpedekpo,Igname,KG,88.0,300.0,0.29,Prix à plus de 3 fois ou moins du tiers de la médiane du mois
2024-11-15,Bénin,Zou,Zangnanado,Kpedekpo,Igname blanche,KG,111.0,343.6,0.32,Prix à plus de 3 fois ou moins du tiers de la médiane du mois
2024-11-15,Bénin,Zou,Zangnanado,Kpedekpo,Gombo frais,KG,91.5,305.7,0.3,Prix à plus de 3 fois ou moins du tiers de la médiane du mois
2024-11-15,Bénin,Zou,Zangnanado,Kpedekpo,Papaye,KG,47.0,225.0,0.21,Prix à plus de 3 fois ou moins du tiers de la médiane du mois
2024-12-15,Bénin,Atacora,Cobly,Cobly,Tapioca,KG,2732.0,827.2,3.3,Prix à plus de 3 fois ou moins du tiers de la médiane du mois
2024-12-15,Bénin,Atlantique,Toffo,Sehoue,Citrons,KG,98.5,329.5,0.3,Prix à plus de 3 fois ou moins du tiers de la médiane du mois
2024-12-15,Bénin,Atlantique,Zè,Sèdjè-Dénou,Manioc frais,KG,645.5,154.8,4.17,Prix à plus de 3 fois ou moins du tiers de la médiane du mois
2024-12-15,Bénin,Borgou,Bembèrèkè,Bembèrèkè,Riz paddy,KG,3889.0,335.5,11.59,Prix à plus de 3 fois ou moins du tiers de la médiane du mois
2024-12-15,Bénin,Borgou,Kalalé,Kalalé,Haricots rouges,KG,2093.0,600.7,3.48,Prix à plus de 3 fois ou moins du tiers de la médiane du mois
2024-12-15,Bénin,Borgou,Nikki,Nikki,Igname sèche,KG,95.0,578.4,0.16,Prix à plus de 3 fois ou moins du tiers de la médiane du mois
2024-12-15,Bénin,Borgou,Nikki,Nikki,Noix de coco sèche,KG,90.0,412.9,0.22,Prix à plus de 3 fois ou moins du tiers de la médiane du mois
2024-12-15,Bénin,Borgou,Nikki,Nikki,Citrons,KG,55.0,329.5,0.17,Prix à plus de 3 fois ou moins du tiers de la médiane du mois
2024-12-15,Bénin,Borgou,Nikki,Nikki,Oignons,KG,175.0,725.0,0.24,Prix à plus de 3 fois ou moins du tiers de la médiane du mois
2024-12-15,Bénin,Borgou,Sinendé,Sinendé,Igname,KG,1100.0,313.7,3.51,Prix à plus de 3 fois ou moins du tiers de la médiane du mois
2024-12-15,Bénin,Borgou,Sinendé,Sinendé,Oranges,KG,650.0,182.5,3.56,Prix à plus de 3 fois ou moins du tiers de la médiane du mois
2024-12-15,Bénin,Borgou,Sinendé,Sinendé,Piment rouge sec,KG,1033.0,3633.8,0.28,Prix à plus de 3 fois ou moins du tiers de la médiane du mois
2024-12-15,Bénin,Borgou,Tchaourou,Tchaourou,Oignons,KG,241.0,725.0,0.33,Prix à plus de 3 fois ou moins du tiers de la médiane du mois
2024-12-15,Bénin,Collines,Ouèssè,Ouesse,Igname,KG,75.0,313.7,0.24,Prix à plus de 3 fois ou moins du tiers de la médiane du mois
2024-12-15,Bénin,Donga,Bassila,Bassila,Carottes,KG,208.67,797.3,0.26,Prix à plus de 3 fois ou moins du tiers de la médiane du mois
2024-12-15,Bénin,Donga,Djougou,Djougou,Haricots rouges,KG,198.0,600.7,0.33,Prix à plus de 3 fois ou moins du tiers de la médiane du mois
2024-12-15,Bénin,Ouémé,Adjohoun,Azowlissè,Papaye,KG,75.67,243.2,0.31,Prix à plus de 3 fois ou moins du tiers de la médiane du mois
2024-12-15,Bénin,Plateau,Adja-Ouèrè,Tatonnoukon,Carottes,KG,203.33,797.3,0.26,Prix à plus de 3 fois ou moins du tiers de la médiane du mois
2024-12-15,Bénin,Plateau,Adja-Ouèrè,Tatonnoukon,Gombo frais,KG,90.0,366.6,0.25,Prix à plus de 3 fois ou moins du tiers de la médiane du mois
2024-12-15,Bénin,Plateau,Sakété,Yoko,Pommes de terre,KG,112.0,1000.0,0.11,Prix à plus de 3 fois ou moins du tiers de la médiane du mois
2024-12-15,Bénin,Zou,Abomey,Abomey,Cossettes de manioc,KG,1058.33,252.1,4.2,Prix à plus de 3 fois ou moins du tiers de la médiane du mois
2024-12-15,Bénin,Zou,Abomey,Abomey,Farine de manioc,KG,1520.33,475.0,3.2,Prix à plus de 3 fois ou moins du tiers de la médiane du mois
2024-12-15,Bénin,Zou,Ouinhi,Dasso,Gari fin,KG,132.25,511.0,0.26,Prix à plus de 3 fois ou moins du tiers de la médiane du mois
2024-12-15,Bénin,Zou,Ouinhi,Dasso,Légumes-feuilles,KG,85.0,293.8,0.29,Prix à plus de 3 fois ou moins du tiers de la médiane du mois
2024-12-15,Bénin,Zou,Zangnanado,Kpedekpo,Igname,KG,92.0,313.7,0.29,Prix à plus de 3 fois ou moins du tiers de la médiane du mois
2024-12-15,Bénin,Zou,Zangnanado,Kpedekpo,Igname blanche,KG,113.5,388.8,0.29,Prix à plus de 3 fois ou moins du tiers de la médiane du mois
2024-12-15,Bénin,Zou,Zangnanado,Kpedekpo,Papaye,KG,49.25,243.2,0.2,Prix à plus de 3 fois ou moins du tiers de la médiane du mois
2025-01-15,Bénin,Alibori,Karimama,Karimama,Gombo frais,KG,137.6,459.1,0.3,Prix à plus de 3 fois ou moins du tiers de la médiane du mois
2025-01-15,Bénin,Atacora,Kérou,Kérou,Piment rouge sec,KG,1000.0,3320.0,0.3,Prix à plus de 3 fois ou moins du tiers de la médiane du mois
2025-01-15,Bénin,Atacora,Cobly,Cobly,Tapioca,KG,2732.0,812.5,3.36,Prix à plus de 3 fois ou moins du tiers de la médiane du mois
2025-01-15,Bénin,Atlantique,Toffo,Sehoue,Citrons,KG,103.5,411.3,0.25,Prix à plus de 3 fois ou moins du tiers de la médiane du mois
2025-01-15,Bénin,Atlantique,Zè,Sèdjè-Dénou,Manioc frais,KG,517.0,141.5,3.65,Prix à plus de 3 fois ou moins du tiers de la médiane du mois
2025-01-15,Bénin,Borgou,Bembèrèkè,Bembèrèkè,Riz paddy,KG,3500.0,391.7,8.94,Prix à plus de 3 fois ou moins du tiers de la médiane du mois
2025-01-15,Bénin,Borgou,Kalalé,Kalalé,Igname sèche,KG,5000.0,773.5,6.46,Prix à plus de 3 fois ou moins du tiers de la médiane du mois
2025-01-15,Bénin,Borgou,Kalalé,Kalalé,Farine d'igname,KG,6591.5,1060.6,6.21,Prix à plus de 3 fois ou moins du tiers de la médiane du mois
2025-01-15,Bénin,Borgou,Kalalé,Kalalé,Igname jaune,KG,3833.0,368.0,10.42,Prix à plus de 3 fois ou moins du tiers de la médiane du mois
2025-01-15,Bénin,Borgou,Kalalé,Kalalé,Haricots rouges,KG,1928.5,639.8,3.01,Prix à plus de 3 fois ou moins du tiers de la médiane du mois
2025-01-15,Bénin,Borgou,Parakou,Parakou,Piment rouge sec,KG,1092.0,3320.0,0.33,Prix à plus de 3 fois ou moins du tiers de la médiane du mois
2025-01-15,Bénin,Borgou,Sinendé,Sinendé,Piment rouge sec,KG,967.0,3320.0,0.29,Prix à plus de 3 fois ou moins du tiers de la médiane du mois
2025-01-15,Bénin,Borgou,Tchaourou,Tchaourou,Piment rouge sec,KG,827.0,3320.0,0.25,Prix à plus de 3 fois ou moins du tiers de la médiane du mois
2025-01-15,Bénin,Collines,Dassa-Zoumè,Dassa-Zoumè,Cossettes de manioc,KG,750.0,244.7,3.07,Prix à plus de 3 fois ou moins du tiers de la médiane du mois
2025-01-15,Bénin,Collines,Dassa-Zoumè,Dassa-Zoumè,Manioc frais,KG,725.0,141.5,5.12,Prix à plus de 3 fois ou moins du tiers de la médiane du mois
2025-01-15,Bénin,Collines,Dassa-Zoumè,Dassa-Zoumè,Taro,KG,1583.0,385.4,4.11,Prix à plus de 3 fois ou moins du tiers de la médiane du mois
2025-01-15,Bénin,Collines,Ouèssè,Ouesse,Igname,KG,93.75,292.0,0.32,Prix à plus de 3 fois ou moins du tiers de la médiane du mois
2025-01-15,Bénin,Donga,Bassila,Bassila,Escargots,KG,533.0,1867.0,0.29,Prix à plus de 3 fois ou moins du tiers de la médiane du mois
2025-01-15,Bénin,Donga,Bassila,Bassila,Haricots rouges,KG,1938.0,639.8,3.03,Prix à plus de 3 fois ou moins du tiers de la médiane du mois
2025-01-15,Bénin,Donga,Bassila,Bassila,Carottes,KG,202.0,762.6,0.26,Prix à plus de 3 fois ou moins du tiers de la médiane du mois
2025-01-15,Bénin,Donga,Djougou,Djougou,Haricots noirs,KG,188.0,594.0,0.32,Prix à plus de 3 fois ou moins du tiers de la médiane du mois
2025-01-15,Bénin,Donga,Djougou,Djougou,Haricots rouges,KG,198.0,639.8,0.31,Prix à plus de 3 fois ou moins du tiers de la médiane du mois
2025-01-15,Bénin,Mono,Comé,Comé,Citrons,KG,1333.25,411.3,3.24,Prix à plus de 3 fois ou moins du tiers de la médiane du mois
2025-01-15,Bénin,Mono,Comé,Comé,Gombo frais,KG,1441.5,459.1,3.14,Prix à plus de 3 fois ou moins du tiers de la médiane du mois
2025-01-15,Bénin,Ouémé,Adjohoun,Azowlissè,Papaye,KG,77.67,240.0,0.32,Prix à plus de 3 fois ou moins du tiers de la médiane du mois
2025-01-15,Bénin,Plateau,Adja-Ouèrè,Tatonnoukon,Taro,KG,90.0,385.4,0.23,Prix à plus de 3 fois ou moins du tiers de la médiane du mois
2025-01-15,Bénin,Plateau,Adja-Ouèrè,Tatonnoukon,Carottes,KG,240.0,762.6,0.31,Prix à plus de 3 fois ou moins du tiers de la médiane du mois
2025-01-15,Bénin,Plateau,Adja-Ouèrè,Tatonnoukon,Gombo frais,KG,90.0,459.1,0.2,Prix à plus de 3 fois ou moins du tiers de la médiane du mois
2025-01-15,Bénin,Plateau,Pobè,Pobè,Citrons,KG,104.0,411.3,0.25,Prix à plus de 3 fois ou moins du tiers de la médiane du mois
2025-01-15,Bénin,Zou,Abomey,Abomey,Cossettes de manioc,KG,1098.0,244.7,4.49,Prix à plus de 3 fois ou moins du tiers de la médiane du mois
2025-01-15,Bénin,Zou,Abomey,Abomey,Farine de manioc,KG,1623.75,472.0,3.44,Prix à plus de 3 fois ou moins du tiers de la médiane du mois
2025-01-15,Bénin,Zou,Bohicon,Bohicon,Chou,KG,1660.0,550.0,3.02,Prix à plus de 3 fois ou moins du tiers de la médiane du mois
2025-01-15,Bénin,Zou,Bohicon,Bohicon,Piment rouge sec,KG,11200.0,3320.0,3.37,Prix à plus de 3 fois ou moins du tiers de la médiane du mois
2025-01-15,Bénin,Zou,Ouinhi,Dasso,Gari fin,KG,135.75,515.6,0.26,Prix à plus de 3 fois ou moins du tiers de la médiane du mois
2025-01-15,Bénin,Zou,Zangnanado,Kpedekpo,Papaye,KG,52.5,240.0,0.22,Prix à plus de 3 fois ou moins du tiers de la médiane du mois
2025-01-15,Bénin,Zou,Zogbodomey,Zogbodomey,Citrons,KG,115.5,411.3,0.28,Prix à plus de 3 fois ou moins du tiers de la médiane du mois
2025-02-15,Bénin,Alibori,Karimama,Karimama,Gombo frais,KG,130.0,532.1,0.24,Prix à plus de 3 fois ou moins du tiers de la médiane du mois
2025-02-15,Bénin,Atacora,Kérou,Kérou,Piment rouge sec,KG,1000.0,3115.2,0.32,Prix à plus de 3 fois ou moins du tiers de la médiane du mois
2025-02-15,Bénin,Atacora,Cobly,Cobly,Tapioca,KG,2708.0,810.5,3.34,Prix à plus de 3 fois ou moins du tiers de la médiane du mois
2025-02-15,Bénin,Atacora,Cobly,Cobly,Piment rouge sec,KG,533.0,3115.2,0.17,Prix à plus de 3 fois ou moins du tiers de la médiane du mois
2025-02-15,Bénin,Atlantique,Toffo,Ouègbo,Oranges,KG,627.0,200.4,3.13,Prix à plus de 3 fois ou moins du tiers de la médiane du mois
2025-02-15,Bénin,Atlantique,Toffo,Sehoue,Citrons,KG,113.5,385.9,0.29,Prix à plus de 3 fois ou moins du tiers de la médiane du mois
2025-02-15,Bénin,Atlantique,Zè,Sèdjè-Dénou,Piment rouge sec,KG,994.0,3115.2,0.32,Prix à plus de 3 fois ou moins du tiers de la médiane du mois
2025-02-15,Bénin,Borgou,Bembèrèkè,Bembèrèkè,Riz paddy,KG,3500.0,387.5,9.03,Prix à plus de 3 fois ou moins du tiers de la médiane du mois
2025-02-15,Bénin,Borgou,Nikki,Nikki,Igname sèche,KG,100.0,750.0,0.13,Prix à plus de 3 fois ou moins du tiers de la médiane du mois
2025-02-15,Bénin,Borgou,Nikki,Nikki,Carottes,KG,75.0,683.8,0.11,Prix à plus de 3 fois ou moins du tiers de la médiane du mois
2025-02-15,Bénin,Borgou,Nikki,Nikki,Citrons,KG,50.0,385.9,0.13,Prix à plus de 3 fois ou moins du tiers de la médiane du mois
2025-02-15,Bénin,Borgou,Nikki,Nikki,Oignons,KG,50.0,522.2,0.1,Prix à plus de 3 fois ou moins du tiers de la médiane du mois
2025-02-15,Bénin,Borgou,Nikki,Nikki,Oranges,KG,50.0,200.4,0.25,Prix à plus de 3 fois ou moins du tiers de la médiane du mois
2025-02-15,Bénin,Borgou,Nikki,Nikki,Piment rouge sec,KG,550.0,3115.2,0.18,Prix à plus de 3 fois ou moins du tiers de la médiane du mois
2025-02-15,Bénin,Borgou,Parakou,Parakou,Igname,KG,109.0,333.3,0.33,Prix à plus de 3 fois ou moins du tiers de la médiane du mois
2025-02-15,Bénin,Borgou,Parakou,Parakou,Piment rouge sec,KG,742.0,3115.2,0.24,Prix à plus de 3 fois ou moins du tiers de la médiane du mois
2025-02-15,Bénin,Borgou,Sinendé,Sinendé,Carottes,KG,100.0,683.8,0.15,Prix à plus de 3 fois ou moins du tiers de la médiane du mois
2025-02-15,Bénin,Borgou,Sinendé,Sinendé,Piment rouge sec,KG,1033.5,3115.2,0.33,Prix à plus de 3 fois ou moins du tiers de la médiane du mois
2025-02-15,Bénin,Borgou,Sinendé,Sinendé,Tomates,KG,104.5,470.5,0.22,Prix à plus de 3 fois ou moins du tiers de la médiane du mois
2025-02-15,Bénin,Collines,Dassa-Zoumè,Dassa-Zoumè,Oignons,KG,1719.33,522.2,3.29,Prix à plus de 3 fois ou moins du tiers de la médiane du mois
2025-02-15,Bénin,Collines,Savalou,Savalou,Manioc frais,KG,66.67,202.8,0.33,Prix à plus de 3 fois ou moins du tiers de la médiane du mois
2025-02-15,Bénin,Donga,Bassila,Bassila,Haricots rouges,KG,2241.33,631.5,3.55,Prix à plus de 3 fois ou moins du tiers de la médiane du mois
2025-02-15,Bénin,Donga,Bassila,Bassila,Carottes,KG,198.0,683.8,0.29,Prix à plus de 3 fois ou moins du tiers de la médiane du mois
2025-02-15,Bénin,Donga,Bassila,Bassila,Gombo frais,KG,177.33,532.1,0.33,Prix à plus de 3 fois ou moins du tiers de la médiane du mois
2025-02-15,Bénin,Donga,Djougou,Djougou,Haricots noirs,KG,188.0,574.5,0.33,Prix à plus de 3 fois ou moins du tiers de la médiane du mois
2025-02-15,Bénin,Donga,Djougou,Djougou,Haricots rouges,KG,198.0,631.5,0.31,Prix à plus de 3 fois ou moins du tiers de la médiane du mois
2025-02-15,Bénin,Donga,Ouaké,Kassoua-Allah,Pois secs,KG,2765.0,698.9,3.96,Prix à plus de 3 fois ou moins du tiers de la médiane du mois
2025-02-15,Bénin,Ouémé,Bonou,Affamè,Piment rouge sec,KG,923.0,3115.2,0.3,Prix à plus de 3 fois ou moins du tiers de la médiane du mois
2025-02-15,Bénin,Plateau,Adja-Ouèrè,Tatonnoukon,Gombo frais,KG,90.0,532.1,0.17,Prix à plus de 3 fois ou moins du tiers de la médiane du mois
2025-02-15,Bénin,Plateau,Adja-Ouèrè,Tatonnoukon,Tomates,KG,3266.0,470.5,6.94,Prix à plus de 3 fois ou moins du tiers de la médiane du mois
2025-02-15,Bénin,Zou,Abomey,Abomey,Cossettes de manioc,KG,1221.0,263.8,4.63,Prix à plus de 3 fois ou moins du tiers de la médiane du mois
2025-02-15,Bénin,Zou,Abomey,Abomey,Farine de manioc,KG,1721.5,489.2,3.52,Prix à plus de 3 fois ou moins du tiers de la médiane du mois
2025-02-15,Bénin,Zou,Bohicon,Bohicon,Chou,KG,1791.75,500.0,3.58,Prix à plus de 3 fois ou moins du tiers de la médiane du mois
2025-02-15,Bénin,Zou,Bohicon,Bohicon,Piment rouge sec,KG,11500.0,3115.2,3.69,Prix à plus de 3 fois ou moins du tiers de la médiane du mois
2025-02-15,Bénin,Zou,Covè,Covè,Crevettes,KG,16500.0,5284.3,3.12,Prix à plus de 3 fois ou moins du tiers de la médiane du mois
2025-02-15,Bénin,Zou,Ouinhi,Dasso,Gari fin,KG,142.75,486.0,0.29,Prix à plus de 3 fois ou moins du tiers de la médiane du mois
2025-02-15,Bénin,Zou,Zangnanado,Kpedekpo,Igname,KG,104.25,333.3,0.31,Prix à plus de 3 fois ou moins du tiers de la médiane du mois
2025-02-15,Bénin,Zou,Zangnanado,Kpedekpo,Igname blanche,KG,140.0,425.0,0.33,Prix à plus de 3 fois ou moins du tiers de la médiane du mois
2025-02-15,Bénin,Zou,Zangnanado,Kpedekpo,Citrons,KG,1162.5,385.9,3.01,Prix à plus de 3 fois ou moins du tiers de la médiane du mois
2025-02-15,Bénin,Zou,Zangnanado,Kpedekpo,Papaye,KG,67.75,265.5,0.26,Prix à plus de 3 fois ou moins du tiers de la médiane du mois
2025-03-15,Bénin,Alibori,Karimama,Karimama,Gombo frais,KG,128.33,520.6,0.25,Prix à plus de 3 fois ou moins du tiers de la médiane du mois
2025-03-15,Bénin,Atacora,Kérou,Kérou,Piment rouge sec,KG,1000.0,3251.0,0.31,Prix à plus de 3 fois ou moins du tiers de la médiane du mois
2025-03-15,Bénin,Atacora,Cobly,Cobly,Oranges,KG,909.5,233.0,3.9,Prix à plus de 3 fois ou moins du tiers de la médiane du mois
2025-03-15,Bénin,Atacora,Cobly,Cobly,Piment rouge sec,KG,529.25,3251.0,0.16,Prix à plus de 3 fois ou moins du tiers de la médiane du mois
2025-03-15,Bénin,Atlantique,Toffo,Sehoue,Légumes-feuilles,KG,97.67,316.9,0.31,Prix à plus de 3 fois ou moins du tiers de la médiane du mois
2025-03-15,Bénin,Atlantique,Toffo,Sehoue,Citrons,KG,106.67,400.0,0.27,Prix à plus de 3 fois ou moins du tiers de la médiane du mois
2025-03-15,Bénin,Atlantique,Zè,Sèdjè-Dénou,Piment rouge sec,KG,1051.67,3251.0,0.32,Prix à plus de 3 fois ou moins du tiers de la médiane du mois
2025-03-15,Bénin,Borgou,Bembèrèkè,Bembèrèkè,Riz paddy,KG,3500.0,350.0,10.0,Prix à plus de 3 fois ou moins du tiers de la médiane du mois
2025-03-15,Bénin,Borgou,Nikki,Nikki,Crevettes,KG,112.5,6255.7,0.02,Prix à plus de 3 fois ou moins du tiers de la médiane du mois
2025-03-15,Bénin,Borgou,Nikki,Nikki,Carottes,KG,50.0,692.9,0.07,Prix à plus de 3 fois ou moins du tiers de la médiane du mois
2025-03-15,Bénin,Borgou,Nikki,Nikki,Légumes-feuilles,KG,91.67,316.9,0.29,Prix à plus de 3 fois ou moins du tiers de la médiane du mois
2025-03-15,Bénin,Borgou,Nikki,Nikki,Citrons,KG,31.25,400.0,0.08,Prix à plus de 3 fois ou moins du tiers de la médiane du mois
2025-03-15,Bénin,Borgou,Nikki,Nikki,Gombo frais,KG,100.0,520.6,0.19,Prix à plus de 3 fois ou moins du tiers de la médiane du mois
2025-03-15,Bénin,Borgou,Nikki,Nikki,Oignons,KG,69.38,428.5,0.16,Prix à plus de 3 fois ou moins du tiers de la médiane du mois
2025-03-15,Bénin,Borgou,Nikki,Nikki,Oranges,KG,57.0,233.0,0.24,Prix à plus de 3 fois ou moins du tiers de la médiane du mois
2025-03-15,Bénin,Borgou,Nikki,Nikki,Piment rouge sec,KG,103.13,3251.0,0.03,Prix à plus de 3 fois ou moins du tiers de la médiane du mois
2025-03-15,Bénin,Borgou,Nikki,Nikki,Tomates,KG,110.38,506.7,0.22,Prix à plus de 3 fois ou moins du tiers de la médiane du mois
2025-03-15,Bénin,Borgou,Parakou,Parakou,Igname,KG,106.0,338.0,0.31,Prix à plus de 3 fois ou moins du tiers de la médiane du mois
2025-03-15,Bénin,Borgou,Parakou,Parakou,Igname blanche,KG,116.0,426.3,0.27,Prix à plus de 3 fois ou moins du tiers de la médiane du mois
2025-03-15,Bénin,Borgou,Parakou,Parakou,Piment rouge sec,KG,744.25,3251.0,0.23,Prix à plus de 3 fois ou moins du tiers de la médiane du mois
2025-03-15,Bénin,Borgou,Sinendé,Sinendé,Carottes,KG,150.0,692.9,0.22,Prix à plus de 3 fois ou moins du tiers de la médiane du mois
2025-03-15,Bénin,Borgou,Tchaourou,Tchaourou,Citrons,KG,128.0,400.0,0.32,Prix à plus de 3 fois ou moins du tiers de la médiane du mois
2025-03-15,Bénin,Collines,Dassa-Zoumè,Dassa-Zoumè,Oignons,KG,1811.0,428.5,4.23,Prix à plus de 3 fois ou moins du tiers de la médiane du mois
2025-03-15,Bénin,Collines,Savalou,Savalou,Manioc frais,KG,67.5,247.4,0.27,Prix à plus de 3 fois ou moins du tiers de la médiane du mois
2025-03-15,Bénin,Donga,Bassila,Bassila,Carottes,KG,201.67,692.9,0.29,Prix à plus de 3 fois ou moins du tiers de la médiane du mois
2025-03-15,Bénin,Donga,Bassila,Bassila,Gombo frais,KG,165.0,520.6,0.32,Prix à plus de 3 fois ou moins du tiers de la médiane du mois
2025-03-15,Bénin,Donga,Djougou,Djougou,Haricots noirs,KG,188.0,591.0,0.32,Prix à plus de 3 fois ou moins du tiers de la médiane du mois
2025-03-15,Bénin,Donga,Djougou,Djougou,Haricots rouges,KG,198.0,647.2,0.31,Prix à plus de 3 fois ou moins du tiers de la médiane du mois
2025-03-15,Bénin,Donga,Djougou,Djougou,Voandzou,KG,309.0,939.8,0.33,Prix à plus de 3 fois ou moins du tiers de la médiane du mois
2025-03-15,Bénin,Mono,Comé,Comé,Escargots,KG,6191.75,1600.0,3.87,Prix à plus de 3 fois ou moins du tiers de la médiane du mois
2025-03-15,Bénin,Ouémé,Adjohoun,Azowlissè,Légumes-feuilles,KG,72.0,316.9,0.23,Prix à plus de 3 fois ou moins du tiers de la médiane du mois
2025-03-15,Bénin,Ouémé,Bonou,Affamè,Piment rouge sec,KG,919.0,3251.0,0.28,Prix à plus de 3 fois ou moins du tiers de la médiane du mois
2025-03-15,Bénin,Plateau,Adja-Ouèrè,Tatonnoukon,Igname,KG,1983.33,338.0,5.87,Prix à plus de 3 fois ou moins du tiers de la médiane du mois
2025-03-15,Bénin,Plateau,Adja-Ouèrè,Tatonnoukon,Gombo frais,KG,90.0,520.6,0.17,Prix à plus de 3 fois ou moins du tiers de la médiane du mois
2025-03-15,Bénin,Plateau,Adja-Ouèrè,Tatonnoukon,Tomates,KG,3290.67,506.7,6.49,Prix à plus de 3 fois ou moins du tiers de la médiane du mois
2025-03-15,Bénin,Plateau,Sakété,Yoko,Patate douce,KG,90.0,288.5,0.31,Prix à plus de 3 fois ou moins du tiers de la médiane du mois
2025-03-15,Bénin,Zou,Abomey,Abomey,Cossettes de manioc,KG,964.75,256.5,3.76,Prix à plus de 3 fois ou moins du tiers de la médiane du mois
2025-03-15,Bénin,Zou,Abomey,Abomey,Farine de manioc,KG,1595.75,458.2,3.48,Prix à plus de 3 fois ou moins du tiers de la médiane du mois
2025-03-15,Bénin,Zou,Bohicon,Bohicon,Chou,KG,1975.0,526.9,3.75,Prix à plus de 3 fois ou moins du tiers de la médiane du mois
2025-03-15,Bénin,Zou,Bohicon,Bohicon,Piment rouge sec,KG,11250.0,3251.0,3.46,Prix à plus de 3 fois ou moins du tiers de la médiane du mois
2025-03-15,Bénin,Zou,Ouinhi,Dasso,Gari fin,KG,150.0,488.0,0.31,Prix à plus de 3 fois ou moins du tiers de la médiane du mois
2025-03-15,Bénin,Zou,Zangnanado,Kpedekpo,Papaye,KG,66.0,283.3,0.23,Prix à plus de 3 fois ou moins du tiers de la médiane du mois
2025-04-15,Bénin,Alibori,Banikoara,Banikoara,Papaye,KG,925.0,290.0,3.19,Prix à plus de 3 fois ou moins du tiers de la médiane du mois
2025-04-15,Bénin,Alibori,Karimama,Karimama,Gombo frais,KG,138.33,431.2,0.32,Prix à plus de 3 fois ou moins du tiers de la médiane du mois
2025-04-15,Bénin,Atacora,Kérou,Kérou,Piment rouge sec,KG,1000.0,3328.2,0.3,Prix à plus de 3 fois ou moins du tiers de la médiane du mois
2025-04-15,Bénin,Atlantique,Toffo,Sehoue,Citrons,KG,99.5,401.5,0.25,Prix à plus de 3 fois ou moins du tiers de la médiane du mois
2025-04-15,Bénin,Atlantique,Zè,Sèdjè-Dénou,Piment rouge sec,KG,1094.67,3328.2,0.33,Prix à plus de 3 fois ou moins du tiers de la médiane du mois
2025-04-15,Bénin,Borgou,Nikki,Nikki,Patate douce,KG,100.0,302.8,0.33,Prix à plus de 3 fois ou moins du tiers de la médiane du mois
2025-04-15,Bénin,Borgou,Nikki,Nikki,Igname sèche,KG,122.38,633.3,0.19,Prix à plus de 3 fois ou moins du tiers de la médiane du mois
2025-04-15,Bénin,Borgou,Nikki,Nikki,Crevettes,KG,131.25,6213.3,0.02,Prix à plus de 3 fois ou moins du tiers de la médiane du mois
2025-04-15,Bénin,Borgou,Nikki,Nikki,Carottes,KG,54.25,719.0,0.08,Prix à plus de 3 fois ou moins du tiers de la médiane du mois
2025-04-15,Bénin,Borgou,Nikki,Nikki,Citrons,KG,44.88,401.5,0.11,Prix à plus de 3 fois ou moins du tiers de la médiane du mois
2025-04-15,Bénin,Borgou,Nikki,Nikki,Gombo frais,KG,88.88,431.2,0.21,Prix à plus de 3 fois ou moins du tiers de la médiane du mois
2025-04-15,Bénin,Borgou,Nikki,Nikki,Oignons,KG,67.43,440.4,0.15,Prix à plus de 3 fois ou moins du tiers de la médiane du mois
2025-04-15,Bénin,Borgou,Nikki,Nikki,Oranges,KG,51.63,218.0,0.24,Prix à plus de 3 fois ou moins du tiers de la médiane du mois
2025-04-15,Bénin,Borgou,Nikki,Nikki,Piment rouge sec,KG,100.0,3328.2,0.03,Prix à plus de 3 fois ou moins du tiers de la médiane du mois
2025-04-15,Bénin,Borgou,Nikki,Nikki,Tomates,KG,127.13,662.8,0.19,Prix à plus de 3 fois ou moins du tiers de la médiane du mois
2025-04-15,Bénin,Borgou,Parakou,Parakou,Igname blanche,KG,115.33,460.3,0.25,Prix à plus de 3 fois ou moins du tiers de la médiane du mois
2025-04-15,Bénin,Borgou,Parakou,Parakou,Piment rouge sec,KG,751.0,3328.2,0.23,Prix à plus de 3 fois ou moins du tiers de la médiane du mois
2025-04-15,Bénin,Borgou,Sinendé,Sinendé,Citrons,KG,104.0,401.5,0.26,Prix à plus de 3 fois ou moins du tiers de la médiane du mois
2025-04-15,Bénin,Borgou,Sinendé,Sinendé,Tomates,KG,200.0,662.8,0.3,Prix à plus de 3 fois ou moins du tiers de la médiane du mois
2025-04-15,Bénin,Borgou,Tchaourou,Tchaourou,Citrons,KG,121.5,401.5,0.3,Prix à plus de 3 fois ou moins du tiers de la médiane du mois
2025-04-15,Bénin,Collines,Dassa-Zoumè,Dassa-Zoumè,Oignons,KG,1550.0,440.4,3.52,Prix à plus de 3 fois ou moins du tiers de la médiane du mois
2025-04-15,Bénin,Couffo,Aplahoué,Azovè,Oranges,KG,70.0,218.0,0.32,Prix à plus de 3 fois ou moins du tiers de la médiane du mois
2025-04-15,Bénin,Donga,Bassila,Bassila,Haricots rouges,KG,2073.0,669.0,3.1,Prix à plus de 3 fois ou moins du tiers de la médiane du mois
2025-04-15,Bénin,Donga,Bassila,Bassila,Chou,KG,170.5,559.4,0.3,Prix à plus de 3 fois ou moins du tiers de la médiane du mois
2025-04-15,Bénin,Donga,Bassila,Bassila,Carottes,KG,148.33,719.0,0.21,Prix à plus de 3 fois ou moins du tiers de la médiane du mois
2025-04-15,Bénin,Donga,Djougou,Djougou,Haricots noirs,KG,188.0,581.0,0.32,Prix à plus de 3 fois ou moins du tiers de la médiane du mois
2025-04-15,Bénin,Donga,Djougou,Djougou,Haricots rouges,KG,198.0,669.0,0.3,Prix à plus de 3 fois ou moins du tiers de la médiane du mois
2025-04-15,Bénin,Donga,Djougou,Djougou,Voandzou,KG,316.75,965.5,0.33,Prix à plus de 3 fois ou moins du tiers de la médiane du mois
2025-04-15,Bénin,Mono,Comé,Comé,Escargots,KG,4841.75,1375.0,3.52,Prix à plus de 3 fois ou moins du tiers de la médiane du mois
2025-04-15,Bénin,Ouémé,Adjohoun,Azowlissè,Légumes-feuilles,KG,44.0,250.8,0.18,Prix à plus de 3 fois ou moins du tiers de la médiane du mois
2025-04-15,Bénin,Ouémé,Adjohoun,Azowlissè,Papaye,KG,93.25,290.0,0.32,Prix à plus de 3 fois ou moins du tiers de la médiane du mois
2025-04-15,Bénin,Ouémé,Bonou,Affamè,Piment rouge sec,KG,836.33,3328.2,0.25,Prix à plus de 3 fois ou moins du tiers de la médiane du mois
2025-04-15,Bénin,Plateau,Adja-Ouèrè,Tatonnoukon,Igname,KG,2766.67,351.5,7.87,Prix à plus de 3 fois ou moins du tiers de la médiane du mois
2025-04-15,Bénin,Plateau,Adja-Ouèrè,Tatonnoukon,Gombo frais,KG,90.0,431.2,0.21,Prix à plus de 3 fois ou moins du tiers de la médiane du mois
2025-04-15,Bénin,Plateau,Adja-Ouèrè,Tatonnoukon,Tomates,KG,3340.0,662.8,5.04,Prix à plus de 3 fois ou moins du tiers de la médiane du mois
2025-04-15,Bénin,Zou,Abomey,Abomey,Cossettes de manioc,KG,1016.75,247.2,4.11,Prix à plus de 3 fois ou moins du tiers de la médiane du mois
2025-04-15,Bénin,Zou,Bohicon,Bohicon,Chou,KG,2100.0,559.4,3.75,Prix à plus de 3 fois ou moins du tiers de la médiane du mois
2025-04-15,Bénin,Zou,Bohicon,Bohicon,Piment rouge sec,KG,11500.0,3328.2,3.46,Prix à plus de 3 fois ou moins du tiers de la médiane du mois
2025-04-15,Bénin,Zou,Ouinhi,Dasso,Gari fin,KG,151.5,486.0,0.31,Prix à plus de 3 fois ou moins du tiers de la médiane du mois
2025-04-15,Bénin,Zou,Ouinhi,Dasso,Patate douce,KG,85.0,302.8,0.28,Prix à plus de 3 fois ou moins du tiers de la médiane du mois
2025-04-15,Bénin,Zou,Ouinhi,Dasso,Escargots,KG,411.0,1375.0,0.3,Prix à plus de 3 fois ou moins du tiers de la médiane du mois
2025-04-15,Bénin,Zou,Zangnanado,Kpedekpo,Papaye,KG,72.0,290.0,0.25,Prix à plus de 3 fois ou moins du tiers de la médiane du mois
2025-05-15,Bénin,Alibori,Banikoara,Banikoara,Voandzou,KG,3846.0,921.5,4.17,Prix à plus de 3 fois ou moins du tiers de la médiane du mois
2025-05-15,Bénin,Alibori,Karimama,Karimama,Farine de blé importée,KG,1700.0,548.3,3.1,Prix à plus de 3 fois ou moins du tiers de la médiane du mois
2025-05-15,Bénin,Atacora,Kérou,Kérou,Piment rouge sec,KG,1000.0,3225.0,0.31,Prix à plus de 3 fois ou moins du tiers de la médiane du mois
2025-05-15,Bénin,Atlantique,Toffo,Sehoue,Citrons,KG,96.0,430.3,0.22,Prix à plus de 3 fois ou moins du tiers de la médiane du mois
2025-05-15,Bénin,Borgou,Nikki,Nikki,Igname sèche,KG,110.43,608.0,0.18,Prix à plus de 3 fois ou moins du tiers de la médiane du mois
2025-05-15,Bénin,Borgou,Nikki,Nikki,Crevettes,KG,175.0,6666.7,0.03,Prix à plus de 3 fois ou moins du tiers de la médiane du mois
2025-05-15,Bénin,Borgou,Nikki,Nikki,Carottes,KG,50.0,709.7,0.07,Prix à plus de 3 fois ou moins du tiers de la médiane du mois
2025-05-15,Bénin,Borgou,Nikki,Nikki,Légumes-feuilles,KG,75.0,242.1,0.31,Prix à plus de 3 fois ou moins du tiers de la médiane du mois
2025-05-15,Bénin,Borgou,Nikki,Nikki,Citrons,KG,35.71,430.3,0.08,Prix à plus de 3 fois ou moins du tiers de la médiane du mois
2025-05-15,Bénin,Borgou,Nikki,Nikki,Gombo frais,KG,100.0,377.2,0.27,Prix à plus de 3 fois ou moins du tiers de la médiane du mois
2025-05-15,Bénin,Borgou,Nikki,Nikki,Oignons,KG,51.0,468.1,0.11,Prix à plus de 3 fois ou moins du tiers de la médiane du mois
2025-05-15,Bénin,Borgou,Nikki,Nikki,Oranges,KG,50.43,223.7,0.23,Prix à plus de 3 fois ou moins du tiers de la médiane du mois
2025-05-15,Bénin,Borgou,Nikki,Nikki,Piment rouge sec,KG,100.0,3225.0,0.03,Prix à plus de 3 fois ou moins du tiers de la médiane du mois
2025-05-15,Bénin,Borgou,Nikki,Nikki,Tomates,KG,154.71,692.0,0.22,Prix à plus de 3 fois ou moins du tiers de la médiane du mois
2025-05-15,Bénin,Borgou,Parakou,Parakou,Igname,KG,110.5,375.2,0.29,Prix à plus de 3 fois ou moins du tiers de la médiane du mois
2025-05-15,Bénin,Borgou,Parakou,Parakou,Igname blanche,KG,115.0,474.7,0.24,Prix à plus de 3 fois ou moins du tiers de la médiane du mois
2025-05-15,Bénin,Borgou,Parakou,Parakou,Piment rouge sec,KG,771.33,3225.0,0.24,Prix à plus de 3 fois ou moins du tiers de la médiane du mois
2025-05-15,Bénin,Borgou,Sinendé,Sinendé,Légumes-feuilles,KG,67.0,242.1,0.28,Prix à plus de 3 fois ou moins du tiers de la médiane du mois
2025-05-15,Bénin,Borgou,Tchaourou,Tchaourou,Citrons,KG,118.5,430.3,0.28,Prix à plus de 3 fois ou moins du tiers de la médiane du mois
2025-05-15,Bénin,Collines,Dassa-Zoumè,Dassa-Zoumè,Oignons,KG,1483.33,468.1,3.17,Prix à plus de 3 fois ou moins du tiers de la médiane du mois
2025-05-15,Bénin,Collines,Dassa-Zoumè,Dassa-Zoumè,Oranges,KG,722.33,223.7,3.23,Prix à plus de 3 fois ou moins du tiers de la médiane du mois
2025-05-15,Bénin,Couffo,Aplahoué,Azovè,Oranges,KG,43.67,223.7,0.2,Prix à plus de 3 fois ou moins du tiers de la médiane du mois
2025-05-15,Bénin,Donga,Bassila,Bassila,Haricots rouges,KG,2209.0,668.8,3.3,Prix à plus de 3 fois ou moins du tiers de la médiane du mois
2025-05-15,Bénin,Donga,Bassila,Bassila,Chou,KG,149.67,546.2,0.27,Prix à plus de 3 fois ou moins du tiers de la médiane du mois
2025-05-15,Bénin,Donga,Bassila,Bassila,Carottes,KG,148.0,709.7,0.21,Prix à plus de 3 fois ou moins du tiers de la médiane du mois
2025-05-15,Bénin,Donga,Bassila,Bassila,Citrons,KG,132.33,430.3,0.31,Prix à plus de 3 fois ou moins du tiers de la médiane du mois
2025-05-15,Bénin,Donga,Djougou,Djougou,Haricots noirs,KG,188.0,620.0,0.3,Prix à plus de 3 fois ou moins du tiers de la médiane du mois
2025-05-15,Bénin,Donga,Djougou,Djougou,Haricots rouges,KG,198.0,668.8,0.3,Prix à plus de 3 fois ou moins du tiers de la médiane du mois
2025-05-15,Bénin,Ouémé,Adjohoun,Azowlissè,Légumes-feuilles,KG,59.0,242.1,0.24,Prix à plus de 3 fois ou moins du tiers de la médiane du mois
2025-05-15,Bénin,Ouémé,Adjohoun,Azowlissè,Papaye,KG,91.67,286.6,0.32,Prix à plus de 3 fois ou moins du tiers de la médiane du mois
2025-05-15,Bénin,Plateau,Adja-Ouèrè,Tatonnoukon,Igname,KG,2750.0,375.2,7.33,Prix à plus de 3 fois ou moins du tiers de la médiane du mois
2025-05-15,Bénin,Plateau,Adja-Ouèrè,Tatonnoukon,Gombo frais,KG,90.0,377.2,0.24,Prix à plus de 3 fois ou moins du tiers de la médiane du mois
2025-05-15,Bénin,Plateau,Adja-Ouèrè,Tatonnoukon,Tomates,KG,3300.0,692.0,4.77,Prix à plus de 3 fois ou moins du tiers de la médiane du mois
2025-05-15,Bénin,Plateau,Sakété,Yoko,Cossettes de manioc,KG,86.0,260.0,0.33,Prix à plus de 3 fois ou moins du tiers de la médiane du mois
2025-05-15,Bénin,Zou,Abomey,Abomey,Cossettes de manioc,KG,791.75,260.0,3.05,Prix à plus de 3 fois ou moins du tiers de la médiane du mois
2025-05-15,Bénin,Zou,Bohicon,Bohicon,Chou,KG,2300.0,546.2,4.21,Prix à plus de 3 fois ou moins du tiers de la médiane du mois
2025-05-15,Bénin,Zou,Bohicon,Bohicon,Piment rouge sec,KG,11000.0,3225.0,3.41,Prix à plus de 3 fois ou moins du tiers de la médiane du mois
2025-05-15,Bénin,Zou,Ouinhi,Dasso,Noix de coco sèche,KG,117.0,438.4,0.27,Prix à plus de 3 fois ou moins du tiers de la médiane du mois
2025-05-15,Bénin,Zou,Zangnanado,Kpedekpo,Oranges,KG,62.25,223.7,0.28,Prix à plus de 3 fois ou moins du tiers de la médiane du mois
2025-05-15,Bénin,Zou,Zogbodomey,Zogbodomey,Igname blanche,KG,155.25,474.7,0.33,Prix à plus de 3 fois ou moins du tiers de la médiane du mois
2025-05-15,Bénin,Zou,Zogbodomey,Zogbodomey,Tilapia,KG,2.0,1725.0,0.0,Prix à plus de 3 fois ou moins du tiers de la médiane du mois
2025-06-15,Bénin,Alibori,Banikoara,Banikoara,Voandzou,KG,3846.0,946.6,4.06,Prix à plus de 3 fois ou moins du tiers de la médiane du mois
2025-06-15,Bénin,Alibori,Karimama,Karimama,Farine de blé importée,KG,1700.0,550.0,3.09,Prix à plus de 3 fois ou moins du tiers de la médiane du mois
2025-06-15,Bénin,Alibori,Malanville,Malanville (CBM),Légumes-feuilles,KG,58.0,237.3,0.24,Prix à plus de 3 fois ou moins du tiers de la médiane du mois
2025-06-15,Bénin,Atlantique,Toffo,Sehoue,Citrons,KG,133.5,428.2,0.31,Prix à plus de 3 fois ou moins du tiers de la médiane du mois
2025-06-15,Bénin,Atlantique,Zè,Sèdjè-Dénou,Crevettes,KG,1825.0,6388.7,0.29,Prix à plus de 3 fois ou moins du tiers de la médiane du mois
2025-06-15,Bénin,Borgou,Nikki,Nikki,Igname sèche,KG,141.67,567.5,0.25,Prix à plus de 3 fois ou moins du tiers de la médiane du mois
2025-06-15,Bénin,Borgou,Nikki,Nikki,Légumes-feuilles,KG,58.33,237.3,0.25,Prix à plus de 3 fois ou moins du tiers de la médiane du mois
2025-06-15,Bénin,Borgou,Parakou,Parakou,Igname,KG,112.67,381.2,0.3,Prix à plus de 3 fois ou moins du tiers de la médiane du mois
2025-06-15,Bénin,Borgou,Parakou,Parakou,Igname blanche,KG,119.0,443.8,0.27,Prix à plus de 3 fois ou moins du tiers de la médiane du mois
2025-06-15,Bénin,Borgou,Parakou,Parakou,Piment rouge sec,KG,736.75,3410.0,0.22,Prix à plus de 3 fois ou moins du tiers de la médiane du mois
2025-06-15,Bénin,Borgou,Sinendé,Sinendé,Citrons,KG,108.0,428.2,0.25,Prix à plus de 3 fois ou moins du tiers de la médiane du mois
2025-06-15,Bénin,Borgou,Sinendé,Sinendé,Tomates,KG,208.0,726.9,0.29,Prix à plus de 3 fois ou moins du tiers de la médiane du mois
2025-06-15,Bénin,Borgou,Tchaourou,Tchaourou,Citrons,KG,140.75,428.2,0.33,Prix à plus de 3 fois ou moins du tiers de la médiane du mois
2025-06-15,Bénin,Couffo,Aplahoué,Azovè,Oranges,KG,61.67,194.8,0.32,Prix à plus de 3 fois ou moins du tiers de la médiane du mois
2025-06-15,Bénin,Couffo,Klouékanmè,Klouékanmè,Oranges,KG,50.0,194.8,0.26,Prix à plus de 3 fois ou moins du tiers de la médiane du mois
2025-06-15,Bénin,Donga,Bassila,Bassila,Haricots rouges,KG,2209.0,625.1,3.53,Prix à plus de 3 fois ou moins du tiers de la médiane du mois
2025-06-15,Bénin,Donga,Bassila,Bassila,Chou,KG,209.33,653.0,0.32,Prix à plus de 3 fois ou moins du tiers de la médiane du mois
2025-06-15,Bénin,Donga,Bassila,Bassila,Carottes,KG,204.33,781.7,0.26,Prix à plus de 3 fois ou moins du tiers de la médiane du mois
2025-06-15,Bénin,Mono,Comé,Comé,Escargots,KG,4633.67,1249.8,3.71,Prix à plus de 3 fois ou moins du tiers de la médiane du mois
2025-06-15,Bénin,Ouémé,Adjohoun,Azowlissè,Légumes-feuilles,KG,65.25,237.3,0.27,Prix à plus de 3 fois ou moins du tiers de la médiane du mois
2025-06-15,Bénin,Ouémé,Porto-Novo,Ouando,Farine de manioc,KG,1887.0,472.0,4.0,Prix à plus de 3 fois ou moins du tiers de la médiane du mois
2025-06-15,Bénin,Plateau,Adja-Ouèrè,Tatonnoukon,Igname,KG,2208.33,381.2,5.79,Prix à plus de 3 fois ou moins du tiers de la médiane du mois
2025-06-15,Bénin,Plateau,Adja-Ouèrè,Tatonnoukon,Gombo frais,KG,90.0,386.0,0.23,Prix à plus de 3 fois ou moins du tiers de la médiane du mois
2025-06-15,Bénin,Plateau,Adja-Ouèrè,Tatonnoukon,Tomates,KG,3422.0,726.9,4.71,Prix à plus de 3 fois ou moins du tiers de la médiane du mois
2025-06-15,Bénin,Zou,Abomey,Abomey,Cossettes de manioc,KG,925.0,264.0,3.5,Prix à plus de 3 fois ou moins du tiers de la médiane du mois
2025-06-15,Bénin,Zou,Bohicon,Bohicon,Chou,KG,2200.0,653.0,3.37,Prix à plus de 3 fois ou moins du tiers de la médiane du mois
2025-06-15,Bénin,Zou,Ouinhi,Dasso,Escargots,KG,341.33,1249.8,0.27,Prix à plus de 3 fois ou moins du tiers de la médiane du mois
2025-06-15,Bénin,Zou,Zangnanado,Kpedekpo,Oranges,KG,49.25,194.8,0.25,Prix à plus de 3 fois ou moins du tiers de la médiane du mois
2025-06-15,Bénin,Zou,Zogbodomey,Zogbodomey,Citrons,KG,136.0,428.2,0.32,Prix à plus de 3 fois ou moins du tiers de la médiane du mois
2025-07-15,Bénin,Alibori,Banikoara,Banikoara,Voandzou,KG,3846.0,984.9,3.91,Prix à plus de 3 fois ou moins du tiers de la médiane du mois
2025-07-15,Bénin,Alibori,Karimama,Karimama,Citrons,KG,1075.0,312.5,3.44,Prix à plus de 3 fois ou moins du tiers de la médiane du mois
2025-07-15,Bénin,Atacora,Natitingou,Natitingou,Oignons,KG,3972.0,573.0,6.93,Prix à plus de 3 fois ou moins du tiers de la médiane du mois
2025-07-15,Bénin,Atacora,Péhunco,Péhunco,Igname sèche,KG,204.75,616.7,0.33,Prix à plus de 3 fois ou moins du tiers de la médiane du mois
2025-07-15,Bénin,Borgou,Parakou,Parakou,Igname,KG,112.5,380.0,0.3,Prix à plus de 3 fois ou moins du tiers de la médiane du mois
2025-07-15,Bénin,Borgou,Parakou,Parakou,Piment rouge sec,KG,746.5,3404.2,0.22,Prix à plus de 3 fois ou moins du tiers de la médiane du mois
2025-07-15,Bénin,Borgou,Sinendé,Sinendé,Piment rouge sec,KG,1000.0,3404.2,0.29,Prix à plus de 3 fois ou moins du tiers de la médiane du mois
2025-07-15,Bénin,Borgou,Tchaourou,Tchaourou,Soja,KG,110.0,385.2,0.29,Prix à plus de 3 fois ou moins du tiers de la médiane du mois
2025-07-15,Bénin,Couffo,Klouékanmè,Klouékanmè,Oranges,KG,49.5,155.5,0.32,Prix à plus de 3 fois ou moins du tiers de la médiane du mois
2025-07-15,Bénin,Donga,Bassila,Bassila,Chou,KG,202.5,673.7,0.3,Prix à plus de 3 fois ou moins du tiers de la médiane du mois
2025-07-15,Bénin,Donga,Bassila,Bassila,Carottes,KG,199.0,775.0,0.26,Prix à plus de 3 fois ou moins du tiers de la médiane du mois
2025-07-15,Bénin,Donga,Ouaké,Kassoua-Allah,Citrons,KG,1247.0,312.5,3.99,Prix à plus de 3 fois ou moins du tiers de la médiane du mois
2025-07-15,Bénin,Mono,Comé,Comé,Escargots,KG,4883.25,1099.5,4.44,Prix à plus de 3 fois ou moins du tiers de la médiane du mois
2025-07-15,Bénin,Plateau,Adja-Ouèrè,Tatonnoukon,Gombo frais,KG,90.0,327.8,0.27,Prix à plus de 3 fois ou moins du tiers de la médiane du mois
2025-07-15,Bénin,Plateau,Adja-Ouèrè,Tatonnoukon,Oranges,KG,475.0,155.5,3.05,Prix à plus de 3 fois ou moins du tiers de la médiane du mois
2025-07-15,Bénin,Plateau,Adja-Ouèrè,Tatonnoukon,Piment rouge sec,KG,600.0,3404.2,0.18,Prix à plus de 3 fois ou moins du tiers de la médiane du mois
2025-07-15,Bénin,Plateau,Adja-Ouèrè,Tatonnoukon,Tomates,KG,3475.0,534.9,6.5,Prix à plus de 3 fois ou moins du tiers de la médiane du mois
2025-07-15,Bénin,Zou,Abomey,Abomey,Cossettes de manioc,KG,881.5,256.2,3.44,Prix à plus de 3 fois ou moins du tiers de la médiane du mois
2025-07-15,Bénin,Zou,Ouinhi,Dasso,Escargots,KG,269.5,1099.5,0.25,Prix à plus de 3 fois ou moins du tiers de la médiane du mois
2025-08-15,Bénin,Alibori,Banikoara,Banikoara,Voandzou,KG,3846.0,987.2,3.9,Prix à plus de 3 fois ou moins du tiers de la médiane du mois
2025-08-15,Bénin,Alibori,Banikoara,Banikoara,Chou,KG,218.0,659.0,0.33,Prix à plus de 3 fois ou moins du tiers de la médiane du mois
2025-08-15,Bénin,Alibori,Karimama,Karimama,Citrons,KG,1000.0,314.2,3.18,Prix à plus de 3 fois ou moins du tiers de la médiane du mois
2025-08-15,Bénin,Atacora,Cobly,Cobly,Cossettes de manioc,KG,806.0,254.2,3.17,Prix à plus de 3 fois ou moins du tiers de la médiane du mois
2025-08-15,Bénin,Atacora,Cobly,Cobly,Farine de manioc,KG,1474.0,457.2,3.22,Prix à plus de 3 fois ou moins du tiers de la médiane du mois
2025-08-15,Bénin,Atacora,Cobly,Cobly,Taro,KG,2000.0,425.0,4.71,Prix à plus de 3 fois ou moins du tiers de la médiane du mois
2025-08-15,Bénin,Atacora,Natitingou,Natitingou,Oignons,KG,2895.33,548.0,5.28,Prix à plus de 3 fois ou moins du tiers de la médiane du mois
2025-08-15,Bénin,Atlantique,Zè,Sèdjè-Dénou,Manioc frais,KG,450.0,133.4,3.37,Prix à plus de 3 fois ou moins du tiers de la médiane du mois
2025-08-15,Bénin,Atlantique,Zè,Sèdjè-Dénou,Crevettes,KG,2000.0,6687.5,0.3,Prix à plus de 3 fois ou moins du tiers de la médiane du mois
2025-08-15,Bénin,Borgou,Kalalé,Kalalé,Igname sèche,KG,206.0,723.8,0.28,Prix à plus de 3 fois ou moins du tiers de la médiane du mois
2025-08-15,Bénin,Borgou,Nikki,Nikki,Tomates,KG,1124.8,372.8,3.02,Prix à plus de 3 fois ou moins du tiers de la médiane du mois
2025-08-15,Bénin,Borgou,Parakou,Parakou,Igname,KG,113.5,375.0,0.3,Prix à plus de 3 fois ou moins du tiers de la médiane du mois
2025-08-15,Bénin,Borgou,Parakou,Parakou,Igname blanche,KG,116.33,404.0,0.29,Prix à plus de 3 fois ou moins du tiers de la médiane du mois
2025-08-15,Bénin,Borgou,Parakou,Parakou,Piment rouge sec,KG,722.6,3369.2,0.21,Prix à plus de 3 fois ou moins du tiers de la médiane du mois
2025-08-15,Bénin,Borgou,Sinendé,Sinendé,Piment rouge sec,KG,911.0,3369.2,0.27,Prix à plus de 3 fois ou moins du tiers de la médiane du mois
2025-08-15,Bénin,Collines,Dassa-Zoumè,Dassa-Zoumè,Igname blanche,KG,1241.0,404.0,3.07,Prix à plus de 3 fois ou moins du tiers de la médiane du mois
2025-08-15,Bénin,Collines,Savalou,Savalou,Escargots,KG,3333.25,953.5,3.5,Prix à plus de 3 fois ou moins du tiers de la médiane du mois
2025-08-15,Bénin,Couffo,Klouékanmè,Klouékanmè,Oranges,KG,48.0,163.8,0.29,Prix à plus de 3 fois ou moins du tiers de la médiane du mois
2025-08-15,Bénin,Donga,Bassila,Bassila,Haricots rouges,KG,1884.75,586.0,3.22,Prix à plus de 3 fois ou moins du tiers de la médiane du mois
2025-08-15,Bénin,Donga,Bassila,Bassila,Carottes,KG,166.0,838.2,0.2,Prix à plus de 3 fois ou moins du tiers de la médiane du mois
2025-08-15,Bénin,Mono,Comé,Comé,Escargots,KG,5083.5,953.5,5.33,Prix à plus de 3 fois ou moins du tiers de la médiane du mois
2025-08-15,Bénin,Ouémé,Adjohoun,Azowlissè,Patate douce,KG,75.25,255.0,0.3,Prix à plus de 3 fois ou moins du tiers de la médiane du mois
2025-08-15,Bénin,Plateau,Adja-Ouèrè,Tatonnoukon,Gombo frais,KG,90.0,345.2,0.26,Prix à plus de 3 fois ou moins du tiers de la médiane du mois
2025-08-15,Bénin,Plateau,Adja-Ouèrè,Tatonnoukon,Oranges,KG,591.67,163.8,3.61,Prix à plus de 3 fois ou moins du tiers de la médiane du mois
2025-08-15,Bénin,Plateau,Adja-Ouèrè,Tatonnoukon,Piment rouge sec,KG,750.0,3369.2,0.22,Prix à plus de 3 fois ou moins du tiers de la médiane du mois
2025-08-15,Bénin,Plateau,Adja-Ouèrè,Tatonnoukon,Tomates,KG,3633.33,372.8,9.75,Prix à plus de 3 fois ou moins du tiers de la médiane du mois
2025-08-15,Bénin,Zou,Abomey,Abomey,Cossettes de manioc,KG,796.0,254.2,3.13,Prix à plus de 3 fois ou moins du tiers de la médiane du mois
2025-09-15,Bénin,Alibori,Banikoara,Banikoara,Voandzou,KG,3846.0,1005.5,3.82,Prix à plus de 3 fois ou moins du tiers de la médiane du mois
2025-09-15,Bénin,Alibori,Banikoara,Banikoara,Chou,KG,180.75,625.9,0.29,Prix à plus de 3 fois ou moins du tiers de la médiane du mois
2025-09-15,Bénin,Alibori,Karimama,Karimama,Farine de blé importée,KG,1700.0,533.2,3.19,Prix à plus de 3 fois ou moins du tiers de la médiane du mois
2025-09-15,Bénin,Alibori,Karimama,Karimama,Citrons,KG,1100.0,335.6,3.28,Prix à plus de 3 fois ou moins du tiers de la médiane du mois
2025-09-15,Bénin,Atacora,Cobly,Cobly,Noix de coco sèche,KG,2467.0,483.9,5.1,Prix à plus de 3 fois ou moins du tiers de la médiane du mois
2025-09-15,Bénin,Atlantique,Toffo,Ouègbo,Oranges,KG,564.5,178.7,3.16,Prix à plus de 3 fois ou moins du tiers de la médiane du mois
2025-09-15,Bénin,Atlantique,Toffo,Sehoue,Citrons,KG,97.75,335.6,0.29,Prix à plus de 3 fois ou moins du tiers de la médiane du mois
2025-09-15,Bénin,Atlantique,Zè,Sèdjè-Dénou,Igname blanche,KG,2833.0,364.2,7.78,Prix à plus de 3 fois ou moins du tiers de la médiane du mois
2025-09-15,Bénin,Borgou,Parakou,Parakou,Igname blanche,KG,114.0,364.2,0.31,Prix à plus de 3 fois ou moins du tiers de la médiane du mois
2025-09-15,Bénin,Borgou,Parakou,Parakou,Piment rouge sec,KG,730.5,2875.0,0.25,Prix à plus de 3 fois ou moins du tiers de la médiane du mois
2025-09-15,Bénin,Borgou,Sinendé,Sinendé,Piment rouge sec,KG,933.5,2875.0,0.32,Prix à plus de 3 fois ou moins du tiers de la médiane du mois
2025-09-15,Bénin,Borgou,Tchaourou,Tchaourou,Soja,KG,110.33,385.2,0.29,Prix à plus de 3 fois ou moins du tiers de la médiane du mois
2025-09-15,Bénin,Couffo,Klouékanmè,Klouékanmè,Oranges,KG,46.25,178.7,0.26,Prix à plus de 3 fois ou moins du tiers de la médiane du mois
2025-09-15,Bénin,Donga,Bassila,Bassila,Haricots rouges,KG,2009.0,581.0,3.46,Prix à plus de 3 fois ou moins du tiers de la médiane du mois
2025-09-15,Bénin,Donga,Bassila,Bassila,Chou,KG,208.0,625.9,0.33,Prix à plus de 3 fois ou moins du tiers de la médiane du mois
2025-09-15,Bénin,Mono,Comé,Comé,Escargots,KG,5275.0,1508.2,3.5,Prix à plus de 3 fois ou moins du tiers de la médiane du mois
2025-09-15,Bénin,Ouémé,Adjohoun,Azowlissè,Patate douce,KG,72.5,252.2,0.29,Prix à plus de 3 fois ou moins du tiers de la médiane du mois
2025-09-15,Bénin,Plateau,Adja-Ouèrè,Ikpenlè,Pommes de terre,KG,307.0,1031.8,0.3,Prix à plus de 3 fois ou moins du tiers de la médiane du mois
2025-09-15,Bénin,Plateau,Adja-Ouèrè,Tatonnoukon,Gombo frais,KG,90.0,366.5,0.25,Prix à plus de 3 fois ou moins du tiers de la médiane du mois
2025-09-15,Bénin,Plateau,Adja-Ouèrè,Tatonnoukon,Oranges,KG,650.0,178.7,3.64,Prix à plus de 3 fois ou moins du tiers de la médiane du mois
2025-09-15,Bénin,Plateau,Adja-Ouèrè,Tatonnoukon,Piment rouge sec,KG,716.67,2875.0,0.25,Prix à plus de 3 fois ou moins du tiers de la médiane du mois
2025-09-15,Bénin,Plateau,Adja-Ouèrè,Tatonnoukon,Tomates,KG,3666.67,324.2,11.31,Prix à plus de 3 fois ou moins du tiers de la médiane du mois
2025-09-15,Bénin,Plateau,Kétou,Kétou,Tomates,KG,95.5,324.2,0.29,Prix à plus de 3 fois ou moins du tiers de la médiane du mois
2025-09-15,Bénin,Zou,Ouinhi,Dasso,Escargots,KG,440.0,1508.2,0.29,Prix à plus de 3 fois ou moins du tiers de la médiane du mois
2025-09-15,Bénin,Zou,Zangnanado,Kpedekpo,Igname blanche,KG,97.5,364.2,0.27,Prix à plus de 3 fois ou moins du tiers de la médiane du mois
2025-09-15,Bénin,Zou,Zangnanado,Kpedekpo,Crevettes,KG,1307.75,7209.5,0.18,Prix à plus de 3 fois ou moins du tiers de la médiane du mois
2025-09-15,Bénin,Zou,Zogbodomey,Zogbodomey,Oranges,KG,49.75,178.7,0.28,Prix à plus de 3 fois ou moins du tiers de la médiane du mois
2025-10-15,Bénin,Alibori,Banikoara,Banikoara,Voandzou,KG,3846.0,991.8,3.88,Prix à plus de 3 fois ou moins du tiers de la médiane du mois
2025-10-15,Bénin,Alibori,Karimama,Karimama,Mil,KG,125.0,402.0,0.31,Prix à plus de 3 fois ou moins du tiers de la médiane du mois
2025-10-15,Bénin,Alibori,Karimama,Karimama,Farine de blé importée,KG,1700.0,525.5,3.24,Prix à plus de 3 fois ou moins du tiers de la médiane du mois
2025-10-15,Bénin,Alibori,Karimama,Karimama,Citrons,KG,1100.0,295.4,3.72,Prix à plus de 3 fois ou moins du tiers de la médiane du mois
2025-10-15,Bénin,Atacora,Cobly,Cobly,Citrons,KG,91.5,295.4,0.31,Prix à plus de 3 fois ou moins du tiers de la médiane du mois
2025-10-15,Bénin,Atlantique,Sô-Ava,So-Ava,Patate douce,KG,850.0,244.6,3.48,Prix à plus de 3 fois ou moins du tiers de la médiane du mois
2025-10-15,Bénin,Atlantique,Toffo,Ouègbo,Oranges,KG,608.25,178.2,3.41,Prix à plus de 3 fois ou moins du tiers de la médiane du mois
2025-10-15,Bénin,Atlantique,Toffo,Sehoue,Citrons,KG,86.67,295.4,0.29,Prix à plus de 3 fois ou moins du tiers de la médiane du mois
2025-10-15,Bénin,Atlantique,Zè,Sèdjè-Dénou,Manioc frais,KG,477.67,157.8,3.03,Prix à plus de 3 fois ou moins du tiers de la médiane du mois
2025-10-15,Bénin,Atlantique,Zè,Sèdjè-Dénou,Igname,KG,1333.0,298.0,4.47,Prix à plus de 3 fois ou moins du tiers de la médiane du mois
2025-10-15,Bénin,Atlantique,Zè,Sèdjè-Dénou,Igname blanche,KG,2833.33,358.5,7.9,Prix à plus de 3 fois ou moins du tiers de la médiane du mois
2025-10-15,Bénin,Atlantique,Zè,Zè,Manioc frais,KG,483.0,157.8,3.06,Prix à plus de 3 fois ou moins du tiers de la médiane du mois
2025-10-15,Bénin,Atlantique,Zè,Zè,Igname,KG,1567.0,298.0,5.26,Prix à plus de 3 fois ou moins du tiers de la médiane du mois
2025-10-15,Bénin,Borgou,Kalalé,Kalalé,Igname sèche,KG,130.6,502.2,0.26,Prix à plus de 3 fois ou moins du tiers de la médiane du mois
2025-10-15,Bénin,Borgou,Nikki,Nikki,Sorgho,KG,118.0,356.6,0.33,Prix à plus de 3 fois ou moins du tiers de la médiane du mois
2025-10-15,Bénin,Borgou,Parakou,Parakou,Igname blanche,KG,119.0,358.5,0.33,Prix à plus de 3 fois ou moins du tiers de la médiane du mois
2025-10-15,Bénin,Borgou,Parakou,Parakou,Piment rouge sec,KG,723.25,2823.6,0.26,Prix à plus de 3 fois ou moins du tiers de la médiane du mois
2025-10-15,Bénin,Borgou,Sinendé,Sinendé,Maïs jaune,KG,56.0,175.0,0.32,Prix à plus de 3 fois ou moins du tiers de la médiane du mois
2025-10-15,Bénin,Couffo,Klouékanmè,Klouékanmè,Oranges,KG,55.5,178.2,0.31,Prix à plus de 3 fois ou moins du tiers de la médiane du mois
2025-10-15,Bénin,Donga,Bassila,Bassila,Haricots rouges,KG,1802.0,571.5,3.15,Prix à plus de 3 fois ou moins du tiers de la médiane du mois
2025-10-15,Bénin,Mono,Comé,Comé,Crevettes,KG,18222.33,5425.0,3.36,Prix à plus de 3 fois ou moins du tiers de la médiane du mois
2025-10-15,Bénin,Ouémé,Adjohoun,Azowlissè,Papaye,KG,72.33,274.8,0.26,Prix à plus de 3 fois ou moins du tiers de la médiane du mois
2025-10-15,Bénin,Plateau,Adja-Ouèrè,Tatonnoukon,Gombo frais,KG,90.0,330.4,0.27,Prix à plus de 3 fois ou moins du tiers de la médiane du mois
2025-10-15,Bénin,Plateau,Adja-Ouèrè,Tatonnoukon,Oranges,KG,587.5,178.2,3.3,Prix à plus de 3 fois ou moins du tiers de la médiane du mois
2025-10-15,Bénin,Plateau,Adja-Ouèrè,Tatonnoukon,Piment rouge sec,KG,787.5,2823.6,0.28,Prix à plus de 3 fois ou moins du tiers de la médiane du mois
2025-10-15,Bénin,Plateau,Adja-Ouèrè,Tatonnoukon,Tomates,KG,3837.5,319.6,12.01,Prix à plus de 3 fois ou moins du tiers de la médiane du mois
2025-10-15,Bénin,Zou,Abomey,Abomey,Cossettes de manioc,KG,735.5,237.4,3.1,Prix à plus de 3 fois ou moins du tiers de la médiane du mois
2025-10-15,Bénin,Zou,Abomey,Abomey,Igname sèche,KG,1587.5,502.2,3.16,Prix à plus de 3 fois ou moins du tiers de la médiane du mois
2025-10-15,Bénin,Zou,Abomey,Abomey,Escargots,KG,542.0,1843.0,0.29,Prix à plus de 3 fois ou moins du tiers de la médiane du mois
2025-10-15,Bénin,Zou,Ouinhi,Dasso,Escargots,KG,267.0,1843.0,0.14,Prix à plus de 3 fois ou moins du tiers de la médiane du mois
2025-10-15,Bénin,Zou,Zangnanado,Kpedekpo,Patate douce,KG,72.5,244.6,0.3,Prix à plus de 3 fois ou moins du tiers de la médiane du mois
2025-10-15,Bénin,Zou,Zangnanado,Kpedekpo,Igname blanche,KG,94.5,358.5,0.26,Prix à plus de 3 fois ou moins du tiers de la médiane du mois
2025-10-15,Bénin,Zou,Zangnanado,Kpedekpo,Crevettes,KG,1349.25,5425.0,0.25,Prix à plus de 3 fois ou moins du tiers de la médiane du mois
2025-11-15,Bénin,Alibori,Banikoara,Banikoara,Voandzou,KG,3846.0,978.0,3.93,Prix à plus de 3 fois ou moins du tiers de la médiane du mois
2025-11-15,Bénin,Alibori,Banikoara,Banikoara,Chou,KG,183.25,566.7,0.32,Prix à plus de 3 fois ou moins du tiers de la médiane du mois
2025-11-15,Bénin,Alibori,Karimama,Karimama,Farine de blé importée,KG,1700.0,533.0,3.19,Prix à plus de 3 fois ou moins du tiers de la médiane du mois
2025-11-15,Bénin,Alibori,Karimama,Karimama,Citrons,KG,1100.0,294.2,3.74,Prix à plus de 3 fois ou moins du tiers de la médiane du mois
2025-11-15,Bénin,Atacora,Kérou,Kérou,Sorgho,KG,114.0,345.0,0.33,Prix à plus de 3 fois ou moins du tiers de la médiane du mois
2025-11-15,Bénin,Atlantique,Toffo,Ouègbo,Oranges,KG,697.75,172.0,4.06,Prix à plus de 3 fois ou moins du tiers de la médiane du mois
2025-11-15,Bénin,Atlantique,Toffo,Sehoue,Citrons,KG,95.25,294.2,0.32,Prix à plus de 3 fois ou moins du tiers de la médiane du mois
2025-11-15,Bénin,Atlantique,Zè,Sèdjè-Dénou,Manioc frais,KG,488.67,125.0,3.91,Prix à plus de 3 fois ou moins du tiers de la médiane du mois
2025-11-15,Bénin,Atlantique,Zè,Sèdjè-Dénou,Igname,KG,1299.67,277.8,4.68,Prix à plus de 3 fois ou moins du tiers de la médiane du mois
2025-11-15,Bénin,Atlantique,Zè,Sèdjè-Dénou,Igname blanche,KG,2777.67,352.7,7.88,Prix à plus de 3 fois ou moins du tiers de la médiane du mois
2025-11-15,Bénin,Borgou,Kalalé,Kalalé,Igname sèche,KG,138.5,501.8,0.28,Prix à plus de 3 fois ou moins du tiers de la médiane du mois
2025-11-15,Bénin,Borgou,Nikki,Nikki,Patate douce,KG,769.0,250.4,3.07,Prix à plus de 3 fois ou moins du tiers de la médiane du mois
2025-11-15,Bénin,Borgou,Parakou,Parakou,Igname blanche,KG,113.25,352.7,0.32,Prix à plus de 3 fois ou moins du tiers de la médiane du mois
2025-11-15,Bénin,Borgou,Parakou,Parakou,Piment rouge sec,KG,716.5,2388.8,0.3,Prix à plus de 3 fois ou moins du tiers de la médiane du mois
2025-11-15,Bénin,Collines,Ouèssè,Ouesse,Igname,KG,75.0,277.8,0.27,Prix à plus de 3 fois ou moins du tiers de la médiane du mois
2025-11-15,Bénin,Couffo,Klouékanmè,Klouékanmè,Oranges,KG,56.75,172.0,0.33,Prix à plus de 3 fois ou moins du tiers de la médiane du mois
2025-11-15,Bénin,Donga,Bassila,Bassila,Haricots rouges,KG,1783.0,555.1,3.21,Prix à plus de 3 fois ou moins du tiers de la médiane du mois
2025-11-15,Bénin,Donga,Bassila,Bassila,Carottes,KG,181.0,788.6,0.23,Prix à plus de 3 fois ou moins du tiers de la médiane du mois
2025-11-15,Bénin,Mono,Comé,Comé,Piment rouge sec,KG,7791.5,2388.8,3.26,Prix à plus de 3 fois ou moins du tiers de la médiane du mois
2025-11-15,Bénin,Ouémé,Adjohoun,Azowlissè,Papaye,KG,69.75,243.2,0.29,Prix à plus de 3 fois ou moins du tiers de la médiane du mois
2025-11-15,Bénin,Plateau,Adja-Ouèrè,Tatonnoukon,Gombo frais,KG,90.0,350.0,0.26,Prix à plus de 3 fois ou moins du tiers de la médiane du mois
2025-11-15,Bénin,Plateau,Adja-Ouèrè,Tatonnoukon,Oranges,KG,575.0,172.0,3.34,Prix à plus de 3 fois ou moins du tiers de la médiane du mois
2025-11-15,Bénin,Plateau,Adja-Ouèrè,Tatonnoukon,Piment rouge sec,KG,787.5,2388.8,0.33,Prix à plus de 3 fois ou moins du tiers de la médiane du mois
2025-11-15,Bénin,Plateau,Adja-Ouèrè,Tatonnoukon,Tomates,KG,2237.5,335.6,6.67,Prix à plus de 3 fois ou moins du tiers de la médiane du mois
2025-11-15,Bénin,Zou,Abomey,Abomey,Cossettes de manioc,KG,756.0,201.3,3.76,Prix à plus de 3 fois ou moins du tiers de la médiane du mois
2025-11-15,Bénin,Zou,Abomey,Abomey,Escargots,KG,583.0,1785.0,0.33,Prix à plus de 3 fois ou moins du tiers de la médiane du mois
2025-11-15,Bénin,Zou,Ouinhi,Dasso,Crevettes,KG,2028.33,7416.8,0.27,Prix à plus de 3 fois ou moins du tiers de la médiane du mois
2025-11-15,Bénin,Zou,Ouinhi,Dasso,Escargots,KG,555.0,1785.0,0.31,Prix à plus de 3 fois ou moins du tiers de la médiane du mois
2025-11-15,Bénin,Zou,Zangnanado,Kpedekpo,Igname blanche,KG,89.5,352.7,0.25,Prix à plus de 3 fois ou moins du tiers de la médiane du mois
2025-11-15,Bénin,Zou,Zangnanado,Kpedekpo,Crevettes,KG,1170.5,7416.8,0.16,Prix à plus de 3 fois ou moins du tiers de la médiane du mois
2025-12-15,Bénin,Alibori,Banikoara,Banikoara,Voandzou,KG,3846.0,906.0,4.25,Prix à plus de 3 fois ou moins du tiers de la médiane du mois
2025-12-15,Bénin,Alibori,Karimama,Karimama,Farine de blé importée,KG,1700.0,550.0,3.09,Prix à plus de 3 fois ou moins du tiers de la médiane du mois
2025-12-15,Bénin,Alibori,Karimama,Karimama,Citrons,KG,1100.0,317.8,3.46,Prix à plus de 3 fois ou moins du tiers de la médiane du mois
2025-12-15,Bénin,Atlantique,Toffo,Ouègbo,Oranges,KG,627.0,181.2,3.46,Prix à plus de 3 fois ou moins du tiers de la médiane du mois
2025-12-15,Bénin,Atlantique,Toffo,Sehoue,Citrons,KG,97.67,317.8,0.31,Prix à plus de 3 fois ou moins du tiers de la médiane du mois
2025-12-15,Bénin,Atlantique,Zè,Sèdjè-Dénou,Manioc frais,KG,483.5,133.6,3.62,Prix à plus de 3 fois ou moins du tiers de la médiane du mois
2025-12-15,Bénin,Atlantique,Zè,Sèdjè-Dénou,Igname,KG,1750.0,300.0,5.83,Prix à plus de 3 fois ou moins du tiers de la médiane du mois
2025-12-15,Bénin,Atlantique,Zè,Sèdjè-Dénou,Igname blanche,KG,2750.0,366.8,7.5,Prix à plus de 3 fois ou moins du tiers de la médiane du mois
2025-12-15,Bénin,Borgou,Kalalé,Kalalé,Sorgho,KG,98.0,328.3,0.3,Prix à plus de 3 fois ou moins du tiers de la médiane du mois
2025-12-15,Bénin,Borgou,Kalalé,Kalalé,Igname sèche,KG,137.5,546.5,0.25,Prix à plus de 3 fois ou moins du tiers de la médiane du mois
2025-12-15,Bénin,Borgou,Parakou,Parakou,Igname blanche,KG,117.0,366.8,0.32,Prix à plus de 3 fois ou moins du tiers de la médiane du mois
2025-12-15,Bénin,Borgou,Parakou,Parakou,Piment rouge sec,KG,725.67,2432.8,0.3,Prix à plus de 3 fois ou moins du tiers de la médiane du mois
2025-12-15,Bénin,Borgou,Sinendé,Sinendé,Citrons,KG,83.5,317.8,0.26,Prix à plus de 3 fois ou moins du tiers de la médiane du mois
2025-12-15,Bénin,Donga,Bassila,Bassila,Haricots rouges,KG,1770.0,522.5,3.39,Prix à plus de 3 fois ou moins du tiers de la médiane du mois
2025-12-15,Bénin,Donga,Bassila,Bassila,Carottes,KG,200.5,738.3,0.27,Prix à plus de 3 fois ou moins du tiers de la médiane du mois
2025-12-15,Bénin,Mono,Comé,Comé,Piment rouge sec,KG,8083.25,2432.8,3.32,Prix à plus de 3 fois ou moins du tiers de la médiane du mois
2025-12-15,Bénin,Ouémé,Adjohoun,Azowlissè,Papaye,KG,77.0,234.9,0.33,Prix à plus de 3 fois ou moins du tiers de la médiane du mois
2025-12-15,Bénin,Plateau,Adja-Ouèrè,Tatonnoukon,Gombo frais,KG,90.0,330.1,0.27,Prix à plus de 3 fois ou moins du tiers de la médiane du mois
2025-12-15,Bénin,Plateau,Adja-Ouèrè,Tatonnoukon,Oranges,KG,600.0,181.2,3.31,Prix à plus de 3 fois ou moins du tiers de la médiane du mois
2025-12-15,Bénin,Plateau,Adja-Ouèrè,Tatonnoukon,Piment rouge sec,KG,791.67,2432.8,0.33,Prix à plus de 3 fois ou moins du tiers de la médiane du mois
2025-12-15,Bénin,Plateau,Adja-Ouèrè,Tatonnoukon,Tomates,KG,4075.0,346.7,11.75,Prix à plus de 3 fois ou moins du tiers de la médiane du mois
2025-12-15,Bénin,Plateau,Kétou,Kétou,Tomates,KG,115.25,346.7,0.33,Prix à plus de 3 fois ou moins du tiers de la médiane du mois
2025-12-15,Bénin,Plateau,Pobè,Pobè,Pommes de terre,KG,325.0,1055.3,0.31,Prix à plus de 3 fois ou moins du tiers de la médiane du mois
2025-12-15,Bénin,Zou,Abomey,Abomey,Cossettes de manioc,KG,739.5,211.6,3.49,Prix à plus de 3 fois ou moins du tiers de la médiane du mois
2025-12-15,Bénin,Zou,Ouinhi,Dasso,Crevettes,KG,1272.0,6263.6,0.2,Prix à plus de 3 fois ou moins du tiers de la médiane du mois
2025-12-15,Bénin,Zou,Ouinhi,Dasso,Escargots,KG,475.5,1894.4,0.25,Prix à plus de 3 fois ou moins du tiers de la médiane du mois
2025-12-15,Bénin,Zou,Ouinhi,Dasso,Noix de coco sèche,KG,134.0,437.2,0.31,Prix à plus de 3 fois ou moins du tiers de la médiane du mois
2025-12-15,Bénin,Zou,Zangnanado,Kpedekpo,Igname,KG,74.67,300.0,0.25,Prix à plus de 3 fois ou moins du tiers de la médiane du mois
2025-12-15,Bénin,Zou,Zangnanado,Kpedekpo,Igname blanche,KG,99.5,366.8,0.27,Prix à plus de 3 fois ou moins du tiers de la médiane du mois
2025-12-15,Bénin,Zou,Zangnanado,Kpedekpo,Crevettes,KG,1294.75,6263.6,0.21,Prix à plus de 3 fois ou moins du tiers de la médiane du mois
2025-12-15,Bénin,Zou,Zangnanado,Kpedekpo,Papaye,KG,59.0,234.9,0.25,Prix à plus de 3 fois ou moins du tiers de la médiane du mois
2026-01-15,Bénin,Alibori,Banikoara,Banikoara,Voandzou,KG,3846.0,898.5,4.28,Prix à plus de 3 fois ou moins du tiers de la médiane du mois
2026-01-15,Bénin,Alibori,Karimama,Karimama,Farine de blé importée,KG,1700.0,519.8,3.27,Prix à plus de 3 fois ou moins du tiers de la médiane du mois
2026-01-15,Bénin,Alibori,Karimama,Karimama,Citrons,KG,1100.0,355.0,3.1,Prix à plus de 3 fois ou moins du tiers de la médiane du mois
2026-01-15,Bénin,Atlantique,Toffo,Ouègbo,Oranges,KG,604.25,199.8,3.03,Prix à plus de 3 fois ou moins du tiers de la médiane du mois
2026-01-15,Bénin,Atlantique,Toffo,Sehoue,Citrons,KG,116.67,355.0,0.33,Prix à plus de 3 fois ou moins du tiers de la médiane du mois
2026-01-15,Bénin,Atlantique,Zè,Sèdjè-Dénou,Manioc frais,KG,446.8,134.0,3.33,Prix à plus de 3 fois ou moins du tiers de la médiane du mois
2026-01-15,Bénin,Atlantique,Zè,Sèdjè-Dénou,Igname,KG,1575.0,302.5,5.21,Prix à plus de 3 fois ou moins du tiers de la médiane du mois
2026-01-15,Bénin,Atlantique,Zè,Sèdjè-Dénou,Igname blanche,KG,2693.2,371.0,7.26,Prix à plus de 3 fois ou moins du tiers de la médiane du mois
2026-01-15,Bénin,Atlantique,Zè,Sèdjè-Dénou,Crevettes,KG,2166.8,7625.0,0.28,Prix à plus de 3 fois ou moins du tiers de la médiane du mois
2026-01-15,Bénin,Borgou,Bembèrèkè,Bembèrèkè,Sorgho,KG,106.0,327.8,0.32,Prix à plus de 3 fois ou moins du tiers de la médiane du mois
2026-01-15,Bénin,Borgou,Kalalé,Kalalé,Riz paddy,KG,2000.0,149.9,13.34,Prix à plus de 3 fois ou moins du tiers de la médiane du mois
2026-01-15,Bénin,Borgou,Kalalé,Kalalé,Igname sèche,KG,150.0,556.3,0.27,Prix à plus de 3 fois ou moins du tiers de la médiane du mois
2026-01-15,Bénin,Borgou,Parakou,Parakou,Igname blanche,KG,117.5,371.0,0.32,Prix à plus de 3 fois ou moins du tiers de la médiane du mois
2026-01-15,Bénin,Borgou,Parakou,Parakou,Piment rouge sec,KG,715.0,2388.6,0.3,Prix à plus de 3 fois ou moins du tiers de la médiane du mois
2026-01-15,Bénin,Borgou,Tchaourou,Tchaourou,Riz paddy,KG,492.0,149.9,3.28,Prix à plus de 3 fois ou moins du tiers de la médiane du mois
2026-01-15,Bénin,Collines,Ouèssè,Ouesse,Soja,KG,82.25,301.3,0.27,Prix à plus de 3 fois ou moins du tiers de la médiane du mois
2026-01-15,Bénin,Donga,Bassila,Bassila,Carottes,KG,165.75,668.5,0.25,Prix à plus de 3 fois ou moins du tiers de la médiane du mois
2026-01-15,Bénin,Mono,Comé,Comé,Piment rouge sec,KG,8500.0,2388.6,3.56,Prix à plus de 3 fois ou moins du tiers de la médiane du mois
2026-01-15,Bénin,Ouémé,Adjohoun,Azowlissè,Papaye,KG,73.75,243.0,0.3,Prix à plus de 3 fois ou moins du tiers de la médiane du mois
2026-01-15,Bénin,Plateau,Adja-Ouèrè,Tatonnoukon,Gombo frais,KG,90.0,339.6,0.26,Prix à plus de 3 fois ou moins du tiers de la médiane du mois
2026-01-15,Bénin,Plateau,Adja-Ouèrè,Tatonnoukon,Oranges,KG,700.0,199.8,3.5,Prix à plus de 3 fois ou moins du tiers de la médiane du mois
2026-01-15,Bénin,Plateau,Adja-Ouèrè,Tatonnoukon,Tomates,KG,3000.0,430.5,6.97,Prix à plus de 3 fois ou moins du tiers de la médiane du mois
2026-01-15,Bénin,Zou,Abomey,Abomey,Cossettes de manioc,KG,812.5,198.8,4.09,Prix à plus de 3 fois ou moins du tiers de la médiane du mois
2026-01-15,Bénin,Zou,Abomey,Abomey,Escargots,KG,642.0,2257.5,0.28,Prix à plus de 3 fois ou moins du tiers de la médiane du mois
2026-01-15,Bénin,Zou,Bohicon,Bohicon,Piment rouge sec,KG,7166.67,2388.6,3.0,Prix à plus de 3 fois ou moins du tiers de la médiane du mois
2026-01-15,Bénin,Zou,Ouinhi,Dasso,Crevettes,KG,1348.0,7625.0,0.18,Prix à plus de 3 fois ou moins du tiers de la médiane du mois
2026-01-15,Bénin,Zou,Ouinhi,Dasso,Carottes,KG,218.33,668.5,0.33,Prix à plus de 3 fois ou moins du tiers de la médiane du mois
2026-01-15,Bénin,Zou,Zangnanado,Kpedekpo,Igname,KG,55.33,302.5,0.18,Prix à plus de 3 fois ou moins du tiers de la médiane du mois
2026-01-15,Bénin,Zou,Zangnanado,Kpedekpo,Igname blanche,KG,90.5,371.0,0.24,Prix à plus de 3 fois ou moins du tiers de la médiane du mois
2026-01-15,Bénin,Zou,Zangnanado,Kpedekpo,Crevettes,KG,2253.5,7625.0,0.3,Prix à plus de 3 fois ou moins du tiers de la médiane du mois
2026-01-15,Bénin,Zou,Zangnanado,Kpedekpo,Papaye,KG,61.0,243.0,0.25,Prix à plus de 3 fois ou moins du tiers de la médiane du mois
2026-02-15,Bénin,Alibori,Banikoara,Banikoara,Voandzou,KG,3846.0,851.5,4.52,Prix à plus de 3 fois ou moins du tiers de la médiane du mois
2026-02-15,Bénin,Alibori,Banikoara,Banikoara,Papaye,KG,782.25,242.9,3.22,Prix à plus de 3 fois ou moins du tiers de la médiane du mois
2026-02-15,Bénin,Alibori,Karimama,Karimama,Farine de blé importée,KG,1700.0,532.8,3.19,Prix à plus de 3 fois ou moins du tiers de la médiane du mois
2026-02-15,Bénin,Alibori,Karimama,Karimama,Citrons,KG,1100.0,362.5,3.03,Prix à plus de 3 fois ou moins du tiers de la médiane du mois
2026-02-15,Bénin,Alibori,Karimama,Karimama,Gombo frais,KG,132.0,398.2,0.33,Prix à plus de 3 fois ou moins du tiers de la médiane du mois
2026-02-15,Bénin,Alibori,Malanville,Malanville (CBM),Chou,KG,173.0,530.5,0.33,Prix à plus de 3 fois ou moins du tiers de la médiane du mois
2026-02-15,Bénin,Atlantique,Toffo,Ouègbo,Oranges,KG,706.25,197.9,3.57,Prix à plus de 3 fois ou moins du tiers de la médiane du mois
2026-02-15,Bénin,Atlantique,Zè,Sèdjè-Dénou,Manioc frais,KG,422.33,119.5,3.53,Prix à plus de 3 fois ou moins du tiers de la médiane du mois
2026-02-15,Bénin,Atlantique,Zè,Sèdjè-Dénou,Igname,KG,1555.67,292.5,5.32,Prix à plus de 3 fois ou moins du tiers de la médiane du mois
2026-02-15,Bénin,Atlantique,Zè,Sèdjè-Dénou,Igname blanche,KG,2775.0,361.4,7.68,Prix à plus de 3 fois ou moins du tiers de la médiane du mois
2026-02-15,Bénin,Atlantique,Zè,Sèdjè-Dénou,Crevettes,KG,2292.0,7835.9,0.29,Prix à plus de 3 fois ou moins du tiers de la médiane du mois
2026-02-15,Bénin,Atlantique,Zè,Zè,Tomates,KG,124.0,454.1,0.27,Prix à plus de 3 fois ou moins du tiers de la médiane du mois
2026-02-15,Bénin,Borgou,Kalalé,Kalalé,Riz paddy,KG,2000.0,159.3,12.56,Prix à plus de 3 fois ou moins du tiers de la médiane du mois
2026-02-15,Bénin,Borgou,Kalalé,Kalalé,Igname sèche,KG,162.5,502.8,0.32,Prix à plus de 3 fois ou moins du tiers de la médiane du mois
2026-02-15,Bénin,Borgou,Parakou,Parakou,Igname blanche,KG,118.0,361.4,0.33,Prix à plus de 3 fois ou moins du tiers de la médiane du mois
2026-02-15,Bénin,Borgou,Parakou,Parakou,Piment rouge sec,KG,710.25,2430.8,0.29,Prix à plus de 3 fois ou moins du tiers de la médiane du mois
2026-02-15,Bénin,Borgou,Sinendé,Sinendé,Carottes,KG,225.0,708.0,0.32,Prix à plus de 3 fois ou moins du tiers de la médiane du mois
2026-02-15,Bénin,Borgou,Sinendé,Sinendé,Citrons,KG,100.0,362.5,0.28,Prix à plus de 3 fois ou moins du tiers de la médiane du mois
2026-02-15,Bénin,Borgou,Tchaourou,Tchaourou,Citrons,KG,115.67,362.5,0.32,Prix à plus de 3 fois ou moins du tiers de la médiane du mois
2026-02-15,Bénin,Donga,Bassila,Bassila,Carottes,KG,166.33,708.0,0.23,Prix à plus de 3 fois ou moins du tiers de la médiane du mois
2026-02-15,Bénin,Mono,Comé,Comé,Piment rouge sec,KG,8875.0,2430.8,3.65,Prix à plus de 3 fois ou moins du tiers de la médiane du mois
2026-02-15,Bénin,Plateau,Adja-Ouèrè,Tatonnoukon,Oranges,KG,700.0,197.9,3.54,Prix à plus de 3 fois ou moins du tiers de la médiane du mois
2026-02-15,Bénin,Plateau,Adja-Ouèrè,Tatonnoukon,Tomates,KG,4041.67,454.1,8.9,Prix à plus de 3 fois ou moins du tiers de la médiane du mois
2026-02-15,Bénin,Zou,Abomey,Abomey,Cossettes de manioc,KG,760.5,201.0,3.78,Prix à plus de 3 fois ou moins du tiers de la médiane du mois
2026-02-15,Bénin,Zou,Bohicon,Bohicon,Chou,KG,1700.0,530.5,3.2,Prix à plus de 3 fois ou moins du tiers de la médiane du mois
2026-02-15,Bénin,Zou,Ouinhi,Dasso,Crevettes,KG,1948.67,7835.9,0.25,Prix à plus de 3 fois ou moins du tiers de la médiane du mois
2026-02-15,Bénin,Zou,Zangnanado,Kpedekpo,Igname,KG,63.25,292.5,0.22,Prix à plus de 3 fois ou moins du tiers de la médiane du mois
2026-02-15,Bénin,Zou,Zangnanado,Kpedekpo,Igname blanche,KG,93.75,361.4,0.26,Prix à plus de 3 fois ou moins du tiers de la médiane du mois
2026-02-15,Bénin,Zou,Zangnanado,Kpedekpo,Crevettes,KG,2169.25,7835.9,0.28,Prix à plus de 3 fois ou moins du tiers de la médiane du mois
2026-02-15,Bénin,Zou,Zangnanado,Kpedekpo,Papaye,KG,59.25,242.9,0.24,Prix à plus de 3 fois ou moins du tiers de la médiane du mois
2026-03-15,Bénin,Alibori,Banikoara,Banikoara,Voandzou,KG,3846.0,805.0,4.78,Prix à plus de 3 fois ou moins du tiers de la médiane du mois
2026-03-15,Bénin,Alibori,Karimama,Karimama,Mil,KG,108.33,361.0,0.3,Prix à plus de 3 fois ou moins du tiers de la médiane du mois
2026-03-15,Bénin,Alibori,Karimama,Karimama,Farine de blé importée,KG,1800.0,514.8,3.5,Prix à plus de 3 fois ou moins du tiers de la médiane du mois
2026-03-15,Bénin,Atlantique,Toffo,Ouègbo,Oranges,KG,739.5,213.5,3.46,Prix à plus de 3 fois ou moins du tiers de la médiane du mois
2026-03-15,Bénin,Atlantique,Zè,Sèdjè-Dénou,Manioc frais,KG,500.0,143.8,3.48,Prix à plus de 3 fois ou moins du tiers de la médiane du mois
2026-03-15,Bénin,Atlantique,Zè,Sèdjè-Dénou,Igname,KG,1675.25,304.2,5.51,Prix à plus de 3 fois ou moins du tiers de la médiane du mois
2026-03-15,Bénin,Atlantique,Zè,Sèdjè-Dénou,Igname blanche,KG,2958.25,374.7,7.9,Prix à plus de 3 fois ou moins du tiers de la médiane du mois
2026-03-15,Bénin,Atlantique,Zè,Sèdjè-Dénou,Crevettes,KG,2189.0,7778.2,0.28,Prix à plus de 3 fois ou moins du tiers de la médiane du mois
2026-03-15,Bénin,Atlantique,Zè,Zè,Citrons,KG,125.25,387.9,0.32,Prix à plus de 3 fois ou moins du tiers de la médiane du mois
2026-03-15,Bénin,Atlantique,Zè,Zè,Tomates,KG,129.25,552.2,0.23,Prix à plus de 3 fois ou moins du tiers de la médiane du mois
2026-03-15,Bénin,Borgou,Kalalé,Kalalé,Riz paddy,KG,2000.0,159.2,12.56,Prix à plus de 3 fois ou moins du tiers de la médiane du mois
2026-03-15,Bénin,Borgou,Kalalé,Kalalé,Igname sèche,KG,169.25,589.6,0.29,Prix à plus de 3 fois ou moins du tiers de la médiane du mois
2026-03-15,Bénin,Borgou,Parakou,Parakou,Igname blanche,KG,116.0,374.7,0.31,Prix à plus de 3 fois ou moins du tiers de la médiane du mois
2026-03-15,Bénin,Borgou,Parakou,Parakou,Piment rouge sec,KG,698.0,2479.2,0.28,Prix à plus de 3 fois ou moins du tiers de la médiane du mois
2026-03-15,Bénin,Borgou,Sinendé,Sinendé,Riz paddy,KG,507.33,159.2,3.19,Prix à plus de 3 fois ou moins du tiers de la médiane du mois
2026-03-15,Bénin,Borgou,Sinendé,Sinendé,Carottes,KG,200.0,713.0,0.28,Prix à plus de 3 fois ou moins du tiers de la médiane du mois
2026-03-15,Bénin,Borgou,Sinendé,Sinendé,Citrons,KG,87.5,387.9,0.23,Prix à plus de 3 fois ou moins du tiers de la médiane du mois
2026-03-15,Bénin,Borgou,Sinendé,Sinendé,Tomates,KG,150.0,552.2,0.27,Prix à plus de 3 fois ou moins du tiers de la médiane du mois
2026-03-15,Bénin,Borgou,Tchaourou,Tchaourou,Citrons,KG,116.0,387.9,0.3,Prix à plus de 3 fois ou moins du tiers de la médiane du mois
2026-03-15,Bénin,Collines,Dassa-Zoumè,Dassa-Zoumè,Oignons,KG,1318.5,432.2,3.05,Prix à plus de 3 fois ou moins du tiers de la médiane du mois
2026-03-15,Bénin,Donga,Bassila,Bassila,Carottes,KG,201.67,713.0,0.28,Prix à plus de 3 fois ou moins du tiers de la médiane du mois
2026-03-15,Bénin,Mono,Comé,Comé,Piment rouge sec,KG,9041.75,2479.2,3.65,Prix à plus de 3 fois ou moins du tiers de la médiane du mois
2026-03-15,Bénin,Ouémé,Adjohoun,Azowlissè,Papaye,KG,79.25,290.5,0.27,Prix à plus de 3 fois ou moins du tiers de la médiane du mois
2026-03-15,Bénin,Plateau,Adja-Ouèrè,Tatonnoukon,Gombo frais,KG,90.0,425.1,0.21,Prix à plus de 3 fois ou moins du tiers de la médiane du mois
2026-03-15,Bénin,Plateau,Adja-Ouèrè,Tatonnoukon,Oranges,KG,700.0,213.5,3.28,Prix à plus de 3 fois ou moins du tiers de la médiane du mois
2026-03-15,Bénin,Plateau,Adja-Ouèrè,Tatonnoukon,Tomates,KG,3475.0,552.2,6.29,Prix à plus de 3 fois ou moins du tiers de la médiane du mois
2026-03-15,Bénin,Zou,Abomey,Abomey,Cossettes de manioc,KG,856.5,200.0,4.28,Prix à plus de 3 fois ou moins du tiers de la médiane du mois
2026-03-15,Bénin,Zou,Bohicon,Bohicon,Chou,KG,1775.0,560.5,3.17,Prix à plus de 3 fois ou moins du tiers de la médiane du mois
2026-03-15,Bénin,Zou,Ouinhi,Dasso,Crevettes,KG,2526.0,7778.2,0.32,Prix à plus de 3 fois ou moins du tiers de la médiane du mois
2026-03-15,Bénin,Zou,Ouinhi,Dasso,Noix de coco sèche,KG,146.67,454.1,0.32,Prix à plus de 3 fois ou moins du tiers de la médiane du mois
2026-03-15,Bénin,Zou,Zangnanado,Kpedekpo,Igname,KG,63.0,304.2,0.21,Prix à plus de 3 fois ou moins du tiers de la médiane du mois
2026-03-15,Bénin,Zou,Zangnanado,Kpedekpo,Igname blanche,KG,93.0,374.7,0.25,Prix à plus de 3 fois ou moins du tiers de la médiane du mois
2026-03-15,Bénin,Zou,Zangnanado,Kpedekpo,Crevettes,KG,2338.0,7778.2,0.3,Prix à plus de 3 fois ou moins du tiers de la médiane du mois
2026-03-15,Bénin,Zou,Zangnanado,Kpedekpo,Oranges,KG,69.75,213.5,0.33,Prix à plus de 3 fois ou moins du tiers de la médiane du mois
2026-03-15,Bénin,Zou,Zangnanado,Kpedekpo,Papaye,KG,63.67,290.5,0.22,Prix à plus de 3 fois ou moins du tiers de la médiane du mois
2026-04-15,Bénin,Alibori,Banikoara,Banikoara,Voandzou,KG,3846.0,815.0,4.72,Prix à plus de 3 fois ou moins du tiers de la médiane du mois
2026-04-15,Bénin,Alibori,Banikoara,Banikoara,Papaye,KG,813.5,250.5,3.25,Prix à plus de 3 fois ou moins du tiers de la médiane du mois
2026-04-15,Bénin,Alibori,Karimama,Karimama,Farine de blé importée,KG,1700.0,508.2,3.34,Prix à plus de 3 fois ou moins du tiers de la médiane du mois
2026-04-15,Bénin,Atlantique,Toffo,Ouègbo,Oranges,KG,843.75,197.8,4.27,Prix à plus de 3 fois ou moins du tiers de la médiane du mois
2026-04-15,Bénin,Atlantique,Toffo,Sehoue,Citrons,KG,108.67,405.2,0.27,Prix à plus de 3 fois ou moins du tiers de la médiane du mois
2026-04-15,Bénin,Atlantique,Zè,Sèdjè-Dénou,Manioc frais,KG,500.0,152.8,3.27,Prix à plus de 3 fois ou moins du tiers de la médiane du mois
2026-04-15,Bénin,Atlantique,Zè,Sèdjè-Dénou,Igname,KG,1941.75,306.8,6.33,Prix à plus de 3 fois ou moins du tiers de la médiane du mois
2026-04-15,Bénin,Atlantique,Zè,Sèdjè-Dénou,Igname blanche,KG,2941.75,411.0,7.16,Prix à plus de 3 fois ou moins du tiers de la médiane du mois
2026-04-15,Bénin,Atlantique,Zè,Sèdjè-Dénou,Crevettes,KG,2300.0,7793.3,0.3,Prix à plus de 3 fois ou moins du tiers de la médiane du mois
2026-04-15,Bénin,Atlantique,Zè,Zè,Citrons,KG,130.75,405.2,0.32,Prix à plus de 3 fois ou moins du tiers de la médiane du mois
2026-04-15,Bénin,Atlantique,Zè,Zè,Tomates,KG,135.75,678.5,0.2,Prix à plus de 3 fois ou moins du tiers de la médiane du mois
2026-04-15,Bénin,Borgou,Kalalé,Kalalé,Riz paddy,KG,2300.0,172.0,13.37,Prix à plus de 3 fois ou moins du tiers de la médiane du mois
2026-04-15,Bénin,Borgou,Parakou,Parakou,Igname blanche,KG,115.0,411.0,0.28,Prix à plus de 3 fois ou moins du tiers de la médiane du mois
2026-04-15,Bénin,Borgou,Parakou,Parakou,Piment rouge sec,KG,702.0,2318.8,0.3,Prix à plus de 3 fois ou moins du tiers de la médiane du mois
2026-04-15,Bénin,Borgou,Sinendé,Sinendé,Légumes-feuilles,KG,71.0,276.2,0.26,Prix à plus de 3 fois ou moins du tiers de la médiane du mois
2026-04-15,Bénin,Borgou,Sinendé,Sinendé,Citrons,KG,100.0,405.2,0.25,Prix à plus de 3 fois ou moins du tiers de la médiane du mois
2026-04-15,Bénin,Borgou,Sinendé,Sinendé,Tomates,KG,200.0,678.5,0.29,Prix à plus de 3 fois ou moins du tiers de la médiane du mois
2026-04-15,Bénin,Borgou,Tchaourou,Tchaourou,Citrons,KG,116.5,405.2,0.29,Prix à plus de 3 fois ou moins du tiers de la médiane du mois
2026-04-15,Bénin,Couffo,Klouékanmè,Klouékanmè,Citrons,KG,123.33,405.2,0.3,Prix à plus de 3 fois ou moins du tiers de la médiane du mois
2026-04-15,Bénin,Donga,Bassila,Bassila,Carottes,KG,214.75,747.5,0.29,Prix à plus de 3 fois ou moins du tiers de la médiane du mois
2026-04-15,Bénin,Mono,Comé,Comé,Escargots,KG,6541.5,1896.0,3.45,Prix à plus de 3 fois ou moins du tiers de la médiane du mois
2026-04-15,Bénin,Mono,Comé,Comé,Piment rouge sec,KG,8958.25,2318.8,3.86,Prix à plus de 3 fois ou moins du tiers de la médiane du mois
2026-04-15,Bénin,Ouémé,Adjohoun,Azowlissè,Papaye,KG,78.75,250.5,0.31,Prix à plus de 3 fois ou moins du tiers de la médiane du mois
2026-04-15,Bénin,Plateau,Adja-Ouèrè,Tatonnoukon,Gombo frais,KG,90.0,427.8,0.21,Prix à plus de 3 fois ou moins du tiers de la médiane du mois
2026-04-15,Bénin,Plateau,Adja-Ouèrè,Tatonnoukon,Oranges,KG,675.0,197.8,3.41,Prix à plus de 3 fois ou moins du tiers de la médiane du mois
2026-04-15,Bénin,Plateau,Adja-Ouèrè,Tatonnoukon,Tomates,KG,3475.0,678.5,5.12,Prix à plus de 3 fois ou moins du tiers de la médiane du mois
2026-04-15,Bénin,Plateau,Sakété,Yoko,Patate douce,KG,81.0,285.0,0.28,Prix à plus de 3 fois ou moins du tiers de la médiane du mois
2026-04-15,Bénin,Zou,Abomey,Abomey,Cossettes de manioc,KG,735.25,208.3,3.53,Prix à plus de 3 fois ou moins du tiers de la médiane du mois
2026-04-15,Bénin,Zou,Abomey,Abomey,Igname sèche,KG,1542.0,505.9,3.05,Prix à plus de 3 fois ou moins du tiers de la médiane du mois
2026-04-15,Bénin,Zou,Bohicon,Bohicon,Chou,KG,1750.0,581.2,3.01,Prix à plus de 3 fois ou moins du tiers de la médiane du mois
2026-04-15,Bénin,Zou,Ouinhi,Dasso,Taro,KG,166.5,500.0,0.33,Prix à plus de 3 fois ou moins du tiers de la médiane du mois
2026-04-15,Bénin,Zou,Ouinhi,Dasso,Crevettes,KG,1723.0,7793.3,0.22,Prix à plus de 3 fois ou moins du tiers de la médiane du mois
2026-04-15,Bénin,Zou,Ouinhi,Dasso,Gombo frais,KG,142.25,427.8,0.33,Prix à plus de 3 fois ou moins du tiers de la médiane du mois
2026-04-15,Bénin,Zou,Zangnanado,Kpedekpo,Igname,KG,69.25,306.8,0.23,Prix à plus de 3 fois ou moins du tiers de la médiane du mois
2026-04-15,Bénin,Zou,Zangnanado,Kpedekpo,Igname blanche,KG,99.0,411.0,0.24,Prix à plus de 3 fois ou moins du tiers de la médiane du mois
2026-04-15,Bénin,Zou,Zangnanado,Kpedekpo,Crevettes,KG,2252.0,7793.3,0.29,Prix à plus de 3 fois ou moins du tiers de la médiane du mois
2026-04-15,Bénin,Zou,Zangnanado,Kpedekpo,Papaye,KG,65.0,250.5,0.26,Prix à plus de 3 fois ou moins du tiers de la médiane du mois
2026-05-15,Bénin,Alibori,Banikoara,Banikoara,Voandzou,KG,3846.0,810.0,4.75,Prix à plus de 3 fois ou moins du tiers de la médiane du mois
2026-05-15,Bénin,Alibori,Karimama,Karimama,Farine de blé importée,KG,1760.0,510.0,3.45,Prix à plus de 3 fois ou moins du tiers de la médiane du mois
2026-05-15,Bénin,Atacora,Tanguiéta,Tanguiéta,Mil,KG,97.0,354.6,0.27,Prix à plus de 3 fois ou moins du tiers de la médiane du mois
2026-05-15,Bénin,Atacora,Tanguiéta,Tanguiéta,Sorgho,KG,105.0,316.0,0.33,Prix à plus de 3 fois ou moins du tiers de la médiane du mois
2026-05-15,Bénin,Atacora,Tanguiéta,Tanguiéta,Citrons,KG,100.0,427.2,0.23,Prix à plus de 3 fois ou moins du tiers de la médiane du mois
2026-05-15,Bénin,Atacora,Tanguiéta,Tanguiéta,Piment rouge sec,KG,472.33,2458.5,0.19,Prix à plus de 3 fois ou moins du tiers de la médiane du mois
2026-05-15,Bénin,Atlantique,Toffo,Ouègbo,Oranges,KG,875.0,188.0,4.65,Prix à plus de 3 fois ou moins du tiers de la médiane du mois
2026-05-15,Bénin,Atlantique,Toffo,Sehoue,Citrons,KG,121.75,427.2,0.28,Prix à plus de 3 fois ou moins du tiers de la médiane du mois
2026-05-15,Bénin,Atlantique,Zè,Sèdjè-Dénou,Manioc frais,KG,500.0,164.5,3.04,Prix à plus de 3 fois ou moins du tiers de la médiane du mois
2026-05-15,Bénin,Atlantique,Zè,Sèdjè-Dénou,Igname,KG,1883.5,338.8,5.56,Prix à plus de 3 fois ou moins du tiers de la médiane du mois
2026-05-15,Bénin,Atlantique,Zè,Sèdjè-Dénou,Igname blanche,KG,2916.75,394.5,7.39,Prix à plus de 3 fois ou moins du tiers de la médiane du mois
2026-05-15,Bénin,Atlantique,Zè,Zè,Citrons,KG,132.75,427.2,0.31,Prix à plus de 3 fois ou moins du tiers de la médiane du mois
2026-05-15,Bénin,Atlantique,Zè,Zè,Tomates,KG,142.5,733.6,0.19,Prix à plus de 3 fois ou moins du tiers de la médiane du mois
2026-05-15,Bénin,Borgou,Kalalé,Kalalé,Riz paddy,KG,2000.0,190.0,10.53,Prix à plus de 3 fois ou moins du tiers de la médiane du mois
2026-05-15,Bénin,Borgou,Parakou,Parakou,Igname,KG,96.0,338.8,0.28,Prix à plus de 3 fois ou moins du tiers de la médiane du mois
2026-05-15,Bénin,Borgou,Parakou,Parakou,Igname blanche,KG,117.33,394.5,0.3,Prix à plus de 3 fois ou moins du tiers de la médiane du mois
2026-05-15,Bénin,Borgou,Parakou,Parakou,Piment rouge sec,KG,719.2,2458.5,0.29,Prix à plus de 3 fois ou moins du tiers de la médiane du mois
2026-05-15,Bénin,Borgou,Sinendé,Sinendé,Riz paddy,KG,603.5,190.0,3.18,Prix à plus de 3 fois ou moins du tiers de la médiane du mois
2026-05-15,Bénin,Borgou,Sinendé,Sinendé,Légumes-feuilles,KG,83.0,279.9,0.3,Prix à plus de 3 fois ou moins du tiers de la médiane du mois
2026-05-15,Bénin,Borgou,Sinendé,Sinendé,Citrons,KG,75.0,427.2,0.18,Prix à plus de 3 fois ou moins du tiers de la médiane du mois
2026-05-15,Bénin,Borgou,Sinendé,Sinendé,Gombo frais,KG,100.0,425.4,0.24,Prix à plus de 3 fois ou moins du tiers de la médiane du mois
2026-05-15,Bénin,Borgou,Sinendé,Sinendé,Tomates,KG,100.0,733.6,0.14,Prix à plus de 3 fois ou moins du tiers de la médiane du mois
2026-05-15,Bénin,Borgou,Tchaourou,Tchaourou,Citrons,KG,116.0,427.2,0.27,Prix à plus de 3 fois ou moins du tiers de la médiane du mois
2026-05-15,Bénin,Donga,Bassila,Bassila,Haricots rouges,KG,1647.0,523.0,3.15,Prix à plus de 3 fois ou moins du tiers de la médiane du mois
2026-05-15,Bénin,Donga,Bassila,Bassila,Citrons,KG,120.0,427.2,0.28,Prix à plus de 3 fois ou moins du tiers de la médiane du mois
2026-05-15,Bénin,Donga,Djougou,Djougou,Légumes-feuilles,KG,925.0,279.9,3.31,Prix à plus de 3 fois ou moins du tiers de la médiane du mois
2026-05-15,Bénin,Mono,Comé,Comé,Escargots,KG,6375.0,1871.2,3.41,Prix à plus de 3 fois ou moins du tiers de la médiane du mois
2026-05-15,Bénin,Mono,Comé,Comé,Piment rouge sec,KG,8791.5,2458.5,3.58,Prix à plus de 3 fois ou moins du tiers de la médiane du mois
2026-05-15,Bénin,Ouémé,Adjohoun,Azowlissè,Légumes-feuilles,KG,76.5,279.9,0.27,Prix à plus de 3 fois ou moins du tiers de la médiane du mois
2026-05-15,Bénin,Ouémé,Adjohoun,Azowlissè,Papaye,KG,82.75,295.1,0.28,Prix à plus de 3 fois ou moins du tiers de la médiane du mois
2026-05-15,Bénin,Ouémé,Bonou,Affamè,Piment rouge sec,KG,746.33,2458.5,0.3,Prix à plus de 3 fois ou moins du tiers de la médiane du mois
2026-05-15,Bénin,Plateau,Adja-Ouèrè,Tatonnoukon,Gombo frais,KG,90.0,425.4,0.21,Prix à plus de 3 fois ou moins du tiers de la médiane du mois
2026-05-15,Bénin,Plateau,Adja-Ouèrè,Tatonnoukon,Oranges,KG,600.0,188.0,3.19,Prix à plus de 3 fois ou moins du tiers de la médiane du mois
2026-05-15,Bénin,Plateau,Adja-Ouèrè,Tatonnoukon,Tomates,KG,4250.0,733.6,5.79,Prix à plus de 3 fois ou moins du tiers de la médiane du mois
2026-05-15,Bénin,Plateau,Sakété,Yoko,Patate douce,KG,89.0,281.0,0.32,Prix à plus de 3 fois ou moins du tiers de la médiane du mois
2026-05-15,Bénin,Zou,Abomey,Abomey,Cossettes de manioc,KG,839.5,214.2,3.92,Prix à plus de 3 fois ou moins du tiers de la médiane du mois
2026-05-15,Bénin,Zou,Abomey,Abomey,Igname sèche,KG,1587.5,519.7,3.05,Prix à plus de 3 fois ou moins du tiers de la médiane du mois
2026-05-15,Bénin,Zou,Abomey,Abomey,Escargots,KG,608.5,1871.2,0.33,Prix à plus de 3 fois ou moins du tiers de la médiane du mois
2026-05-15,Bénin,Zou,Zangnanado,Kpedekpo,Igname,KG,92.25,338.8,0.27,Prix à plus de 3 fois ou moins du tiers de la médiane du mois
2026-05-15,Bénin,Zou,Zangnanado,Kpedekpo,Igname blanche,KG,125.0,394.5,0.32,Prix à plus de 3 fois ou moins du tiers de la médiane du mois
2026-05-15,Bénin,Zou,Zangnanado,Kpedekpo,Oranges,KG,60.0,188.0,0.32,Prix à plus de 3 fois ou moins du tiers de la médiane du mois
2026-06-15,Bénin,Alibori,Banikoara,Banikoara,Voandzou,KG,3846.0,815.0,4.72,Prix à plus de 3 fois ou moins du tiers de la médiane du mois
2026-06-15,Bénin,Alibori,Karimama,Karimama,Farine de blé importée,KG,1850.0,511.2,3.62,Prix à plus de 3 fois ou moins du tiers de la médiane du mois
2026-06-15,Bénin,Atacora,Tanguiéta,Tanguiéta,Légumes-feuilles,KG,50.0,233.7,0.21,Prix à plus de 3 fois ou moins du tiers de la médiane du mois
2026-06-15,Bénin,Atacora,Tanguiéta,Tanguiéta,Citrons,KG,100.0,433.5,0.23,Prix à plus de 3 fois ou moins du tiers de la médiane du mois
2026-06-15,Bénin,Atacora,Tanguiéta,Tanguiéta,Piment rouge sec,KG,500.0,2334.2,0.21,Prix à plus de 3 fois ou moins du tiers de la médiane du mois
2026-06-15,Bénin,Atlantique,Toffo,Ouègbo,Oranges,KG,754.25,181.2,4.16,Prix à plus de 3 fois ou moins du tiers de la médiane du mois
2026-06-15,Bénin,Atlantique,Toffo,Sehoue,Citrons,KG,113.0,433.5,0.26,Prix à plus de 3 fois ou moins du tiers de la médiane du mois
2026-06-15,Bénin,Atlantique,Zè,Sèdjè-Dénou,Manioc frais,KG,500.0,141.5,3.53,Prix à plus de 3 fois ou moins du tiers de la médiane du mois
2026-06-15,Bénin,Atlantique,Zè,Sèdjè-Dénou,Igname,KG,1922.33,350.0,5.49,Prix à plus de 3 fois ou moins du tiers de la médiane du mois
2026-06-15,Bénin,Atlantique,Zè,Sèdjè-Dénou,Igname blanche,KG,2944.33,409.0,7.2,Prix à plus de 3 fois ou moins du tiers de la médiane du mois
2026-06-15,Bénin,Atlantique,Zè,Sèdjè-Dénou,Crevettes,KG,2322.33,7413.5,0.31,Prix à plus de 3 fois ou moins du tiers de la médiane du mois
2026-06-15,Bénin,Atlantique,Zè,Sèdjè-Dénou,Escargots,KG,6500.0,1850.2,3.51,Prix à plus de 3 fois ou moins du tiers de la médiane du mois
2026-06-15,Bénin,Atlantique,Zè,Zè,Citrons,KG,132.25,433.5,0.31,Prix à plus de 3 fois ou moins du tiers de la médiane du mois
2026-06-15,Bénin,Atlantique,Zè,Zè,Tomates,KG,149.25,678.9,0.22,Prix à plus de 3 fois ou moins du tiers de la médiane du mois
2026-06-15,Bénin,Borgou,Kalalé,Kalalé,Riz paddy,KG,1933.33,186.4,10.37,Prix à plus de 3 fois ou moins du tiers de la médiane du mois
2026-06-15,Bénin,Borgou,Parakou,Parakou,Igname blanche,KG,113.67,409.0,0.28,Prix à plus de 3 fois ou moins du tiers de la médiane du mois
2026-06-15,Bénin,Borgou,Parakou,Parakou,Piment rouge sec,KG,694.67,2334.2,0.3,Prix à plus de 3 fois ou moins du tiers de la médiane du mois
2026-06-15,Bénin,Borgou,Sinendé,Sinendé,Carottes,KG,125.0,750.0,0.17,Prix à plus de 3 fois ou moins du tiers de la médiane du mois
2026-06-15,Bénin,Borgou,Sinendé,Sinendé,Légumes-feuilles,KG,46.0,233.7,0.2,Prix à plus de 3 fois ou moins du tiers de la médiane du mois
2026-06-15,Bénin,Borgou,Tchaourou,Tchaourou,Citrons,KG,115.5,433.5,0.27,Prix à plus de 3 fois ou moins du tiers de la médiane du mois
2026-06-15,Bénin,Collines,Dassa-Zoumè,Dassa-Zoumè,Papaye,KG,907.0,288.8,3.14,Prix à plus de 3 fois ou moins du tiers de la médiane du mois
2026-06-15,Bénin,Donga,Bassila,Bassila,Carottes,KG,169.75,750.0,0.23,Prix à plus de 3 fois ou moins du tiers de la médiane du mois
2026-06-15,Bénin,Donga,Bassila,Bassila,Citrons,KG,123.0,433.5,0.28,Prix à plus de 3 fois ou moins du tiers de la médiane du mois
2026-06-15,Bénin,Donga,Djougou,Djougou,Légumes-feuilles,KG,1075.0,233.7,4.6,Prix à plus de 3 fois ou moins du tiers de la médiane du mois
2026-06-15,Bénin,Mono,Comé,Comé,Piment rouge sec,KG,8749.75,2334.2,3.75,Prix à plus de 3 fois ou moins du tiers de la médiane du mois
2026-06-15,Bénin,Ouémé,Adjohoun,Azowlissè,Patate douce,KG,73.0,254.0,0.29,Prix à plus de 3 fois ou moins du tiers de la médiane du mois
2026-06-15,Bénin,Ouémé,Adjohoun,Azowlissè,Légumes-feuilles,KG,56.5,233.7,0.24,Prix à plus de 3 fois ou moins du tiers de la médiane du mois
2026-06-15,Bénin,Ouémé,Adjohoun,Azowlissè,Papaye,KG,81.25,288.8,0.28,Prix à plus de 3 fois ou moins du tiers de la médiane du mois
2026-06-15,Bénin,Plateau,Adja-Ouèrè,Tatonnoukon,Gombo frais,KG,90.0,404.8,0.22,Prix à plus de 3 fois ou moins du tiers de la médiane du mois
2026-06-15,Bénin,Plateau,Adja-Ouèrè,Tatonnoukon,Oranges,KG,616.67,181.2,3.4,Prix à plus de 3 fois ou moins du tiers de la médiane du mois
2026-06-15,Bénin,Plateau,Adja-Ouèrè,Tatonnoukon,Tomates,KG,2991.67,678.9,4.41,Prix à plus de 3 fois ou moins du tiers de la médiane du mois
2026-06-15,Bénin,Zou,Abomey,Abomey,Cossettes de manioc,KG,715.0,200.0,3.58,Prix à plus de 3 fois ou moins du tiers de la médiane du mois
2026-06-15,Bénin,Zou,Abomey,Abomey,Escargots,KG,525.0,1850.2,0.28,Prix à plus de 3 fois ou moins du tiers de la médiane du mois
2026-06-15,Bénin,Zou,Ouinhi,Dasso,Crevettes,KG,2040.0,7413.5,0.28,Prix à plus de 3 fois ou moins du tiers de la médiane du mois
2026-06-15,Bénin,Zou,Zangnanado,Kpedekpo,Igname,KG,97.25,350.0,0.28,Prix à plus de 3 fois ou moins du tiers de la médiane du mois
2026-06-15,Bénin,Zou,Zangnanado,Kpedekpo,Igname blanche,KG,123.67,409.0,0.3,Prix à plus de 3 fois ou moins du tiers de la médiane du mois
2026-06-15,Bénin,Zou,Zangnanado,Kpedekpo,Crevettes,KG,2278.5,7413.5,0.31,Prix à plus de 3 fois ou moins du tiers de la médiane du mois
2026-07-15,Bénin,Alibori,Banikoara,Banikoara,Voandzou,KG,3846.0,815.0,4.72,Prix à plus de 3 fois ou moins du tiers de la médiane du mois
2026-07-15,Bénin,Alibori,Karimama,Karimama,Farine de blé importée,KG,1820.0,500.0,3.64,Prix à plus de 3 fois ou moins du tiers de la médiane du mois
2026-07-15,Bénin,Alibori,Karimama,Karimama,Citrons,KG,1100.0,326.0,3.37,Prix à plus de 3 fois ou moins du tiers de la médiane du mois
2026-07-15,Bénin,Atacora,Natitingou,Natitingou,Patate douce,KG,842.33,255.9,3.29,Prix à plus de 3 fois ou moins du tiers de la médiane du mois
2026-07-15,Bénin,Atacora,Péhunco,Péhunco,Igname,KG,119.25,372.3,0.32,Prix à plus de 3 fois ou moins du tiers de la médiane du mois
2026-07-15,Bénin,Atacora,Tanguiéta,Tanguiéta,Légumes-feuilles,KG,50.0,223.0,0.22,Prix à plus de 3 fois ou moins du tiers de la médiane du mois
2026-07-15,Bénin,Atacora,Tanguiéta,Tanguiéta,Citrons,KG,100.0,326.0,0.31,Prix à plus de 3 fois ou moins du tiers de la médiane du mois
2026-07-15,Bénin,Atacora,Tanguiéta,Tanguiéta,Piment rouge sec,KG,500.0,2450.0,0.2,Prix à plus de 3 fois ou moins du tiers de la médiane du mois
2026-07-15,Bénin,Atlantique,Toffo,Ouègbo,Oranges,KG,675.0,166.2,4.06,Prix à plus de 3 fois ou moins du tiers de la médiane du mois
2026-07-15,Bénin,Atlantique,Toffo,Sehoue,Citrons,KG,98.67,326.0,0.3,Prix à plus de 3 fois ou moins du tiers de la médiane du mois
2026-07-15,Bénin,Atlantique,Toffo,Sehoue,Banane plantain,KG,213.67,654.5,0.33,Prix à plus de 3 fois ou moins du tiers de la médiane du mois
2026-07-15,Bénin,Atlantique,Zè,Sèdjè-Dénou,Manioc frais,KG,500.0,128.0,3.91,Prix à plus de 3 fois ou moins du tiers de la médiane du mois
2026-07-15,Bénin,Atlantique,Zè,Sèdjè-Dénou,Igname,KG,1717.0,372.3,4.61,Prix à plus de 3 fois ou moins du tiers de la médiane du mois
2026-07-15,Bénin,Atlantique,Zè,Zè,Tomates,KG,156.0,521.9,0.3,Prix à plus de 3 fois ou moins du tiers de la médiane du mois
2026-07-15,Bénin,Borgou,Kalalé,Kalalé,Riz paddy,KG,1950.0,178.8,10.91,Prix à plus de 3 fois ou moins du tiers de la médiane du mois
2026-07-15,Bénin,Borgou,Nikki,Nikki,Gombo frais,KG,1185.5,364.2,3.25,Prix à plus de 3 fois ou moins du tiers de la médiane du mois
2026-07-15,Bénin,Borgou,Parakou,Parakou,Igname blanche,KG,115.5,413.0,0.28,Prix à plus de 3 fois ou moins du tiers de la médiane du mois
2026-07-15,Bénin,Borgou,Parakou,Parakou,Piment rouge sec,KG,695.75,2450.0,0.28,Prix à plus de 3 fois ou moins du tiers de la médiane du mois
2026-07-15,Bénin,Collines,Dassa-Zoumè,Dassa-Zoumè,Patate douce,KG,840.0,255.9,3.28,Prix à plus de 3 fois ou moins du tiers de la médiane du mois
2026-07-15,Bénin,Donga,Bassila,Bassila,Haricots rouges,KG,1666.0,499.8,3.33,Prix à plus de 3 fois ou moins du tiers de la médiane du mois
2026-07-15,Bénin,Donga,Bassila,Bassila,Carottes,KG,163.0,755.8,0.22,Prix à plus de 3 fois ou moins du tiers de la médiane du mois
2026-07-15,Bénin,Donga,Djougou,Djougou,Légumes-feuilles,KG,1150.0,223.0,5.16,Prix à plus de 3 fois ou moins du tiers de la médiane du mois
2026-07-15,Bénin,Mono,Comé,Comé,Piment rouge sec,KG,9083.5,2450.0,3.71,Prix à plus de 3 fois ou moins du tiers de la médiane du mois
2026-07-15,Bénin,Ouémé,Adjohoun,Azowlissè,Patate douce,KG,72.0,255.9,0.28,Prix à plus de 3 fois ou moins du tiers de la médiane du mois
2026-07-15,Bénin,Ouémé,Porto-Novo,Ouando,Escargots,KG,806.25,2523.8,0.32,Prix à plus de 3 fois ou moins du tiers de la médiane du mois
2026-07-15,Bénin,Plateau,Adja-Ouèrè,Tatonnoukon,Gombo frais,KG,90.0,364.2,0.25,Prix à plus de 3 fois ou moins du tiers de la médiane du mois
2026-07-15,Bénin,Plateau,Adja-Ouèrè,Tatonnoukon,Oranges,KG,600.0,166.2,3.61,Prix à plus de 3 fois ou moins du tiers de la médiane du mois
2026-07-15,Bénin,Plateau,Adja-Ouèrè,Tatonnoukon,Tomates,KG,4216.67,521.9,8.08,Prix à plus de 3 fois ou moins du tiers de la médiane du mois
2026-07-15,Bénin,Zou,Zangnanado,Kpedekpo,Igname,KG,100.5,372.3,0.27,Prix à plus de 3 fois ou moins du tiers de la médiane du mois
2026-07-15,Bénin,Zou,Zangnanado,Kpedekpo,Igname blanche,KG,108.0,413.0,0.26,Prix à plus de 3 fois ou moins du tiers de la médiane du mois
2026-07-15,Bénin,Zou,Zogbodomey,Zogbodomey,Oranges,KG,52.25,166.2,0.31,Prix à plus de 3 fois ou moins du tiers de la médiane du mois
2020-01-15,Togo,Kara,Bassar,Bassar,Haricots blancs,KG,863.0,219.0,3.94,Prix à plus de 3 fois ou moins du tiers de la médiane du mois
2021-07-15,Togo,Maritime,Ave,Assahoun,Haricots rouges,KG,125.0,484.0,0.26,Prix à plus de 3 fois ou moins du tiers de la médiane du mois
2022-07-15,Togo,Maritime,Ave,Assahoun,Haricots rouges,KG,125.0,484.0,0.26,Prix à plus de 3 fois ou moins du tiers de la médiane du mois
2022-09-15,Togo,Savanes,Tandjouare,Bombouaka centre,Haricots blancs,KG,202.0,656.0,0.31,Prix à plus de 3 fois ou moins du tiers de la médiane du mois
2023-07-15,Togo,Plateaux,Kloto,Adéta,Sorgho rouge,KG,1650.0,430.0,3.84,Prix à plus de 3 fois ou moins du tiers de la médiane du mois
2023-08-15,Togo,Plateaux,Kloto,Adéta,Mil,KG,1607.0,438.0,3.67,Prix à plus de 3 fois ou moins du tiers de la médiane du mois
2023-08-15,Togo,Plateaux,Kloto,Adéta,Sorgho rouge,KG,2028.0,446.0,4.55,Prix à plus de 3 fois ou moins du tiers de la médiane du mois
2023-08-15,Togo,Plateaux,Kloto,Adéta,Haricots rouges,KG,1655.0,500.0,3.31,Prix à plus de 3 fois ou moins du tiers de la médiane du mois
2023-08-15,Togo,Plateaux,Kloto,Adéta,Soja,KG,1111.0,352.0,3.16,Prix à plus de 3 fois ou moins du tiers de la médiane du mois
2025-12-15,Togo,Plateaux,Kloto,Adéta,Haricots blancs,KG,1828.0,446.0,4.1,Prix à plus de 3 fois ou moins du tiers de la médiane du mois
2025-12-15,Togo,Savanes,Tone,Dapaong centre,Haricots blancs,KG,1503.0,446.0,3.37,Prix à plus de 3 fois ou moins du tiers de la médiane du mois
2026-07-15,Togo,Maritime,Zio,Adétikopé,Gari,KG,115.0,360.0,0.32,Prix à plus de 3 fois ou moins du tiers de la médiane du mois
2025-02-15,Sénégal,Dakar,Dakar,Tilene,Arachide en coque,KG,1000.0,320.0,3.12,Prix à plus de 3 fois ou moins du tiers de la médiane du mois
2025-02-15,Sénégal,Dakar,Pikine,Thiaroye,Arachide en coque,KG,1000.0,320.0,3.12,Prix à plus de 3 fois ou moins du tiers de la médiane du mois
2026-05-15,Sénégal,Thies,Thies,Thies,Maïs importé,KG,55.0,275.0,0.2,Prix à plus de 3 fois ou moins du tiers de la médiane du mois
2026-05-15,Sénégal,Ziguinchor,Ziguinchor,Saint-Maur,Niébé,KG,100.0,875.0,0.11,Prix à plus de 3 fois ou moins du tiers de la médiane du mois
2026-07-15,Sénégal,Thies,Tivaoune,Thilmakha,Tomates,KG,200.0,666.7,0.3,Prix à plus de 3 fois ou moins du tiers de la médiane du mois
